Phytochemical,Plant,CID,SMILES,Database,Target_Name,Gene_Symbol,UniProt_ID,ChEMBL_ID,Target_Class,Target_Key,Probability,P_Value,Max_Tc,Rank
(+)-Bornyl acetate,Abies alba,6950274.0,CC(=O)OC1CC2CCC1(C)C2(C)C,PPB3,HL-60,,,,DNN(ECFP4+MHFP6),Homo sapiens,0.12,,,1
(+)-Bornyl acetate,Abies alba,6950274.0,CC(=O)OC1CC2CCC1(C)C2(C)C,PPB3,Solute carrier organic anion transporter family member 1B1,,,,DNN(ECFP4+MHFP6),Homo sapiens,0.11,,,2
(+)-Bornyl acetate,Abies alba,6950274.0,CC(=O)OC1CC2CCC1(C)C2(C)C,PPB3,Solute carrier organic anion transporter family member 1B3,,,,DNN(ECFP4+MHFP6),Homo sapiens,0.08,,,3
(+)-Bornyl acetate,Abies alba,6950274.0,CC(=O)OC1CC2CCC1(C)C2(C)C,PPB3,Prelamin-A/C,,,,DNN(ECFP4+MHFP6),Homo sapiens,0.04,,,4
(+)-Bornyl acetate,Abies alba,6950274.0,CC(=O)OC1CC2CCC1(C)C2(C)C,PPB3,Aldehyde dehydrogenase 1A1,,,,DNN(ECFP4+MHFP6),Homo sapiens,0.01,,,5
(+)-Bornyl acetate,Abies alba,6950274.0,CC(=O)OC1CC2CCC1(C)C2(C)C,PPB3,DNA polymerase beta,,,,DNN(ECFP4+MHFP6),Homo sapiens,0.0,,,6
(+)-Bornyl acetate,Abies alba,6950274.0,CC(=O)OC1CC2CCC1(C)C2(C)C,PPB3,Microtubule-associated protein tau,,,,DNN(ECFP4+MHFP6),Homo sapiens,0.0,,,7
(+)-Bornyl acetate,Abies alba,6950274.0,CC(=O)OC1CC2CCC1(C)C2(C)C,PPB3,NAD-dependent protein deacetylase sirtuin-6,,,,DNN(ECFP4+MHFP6),Homo sapiens,0.0,,,8
(+)-Bornyl acetate,Abies alba,6950274.0,CC(=O)OC1CC2CCC1(C)C2(C)C,PPB3,Menin/Histone-lysine N-methyltransferase MLL,,,,DNN(ECFP4+MHFP6),Homo sapiens,0.0,,,9
(+)-Bornyl acetate,Abies alba,6950274.0,CC(=O)OC1CC2CCC1(C)C2(C)C,PPB3,Heat shock protein HSP 90-alpha,,,,DNN(ECFP4+MHFP6),Homo sapiens,0.0,,,10
(+)-Bornyl acetate,Abies alba,6950274.0,CC(=O)OC1CC2CCC1(C)C2(C)C,PPB3,SW872,,,,DNN(ECFP4+MHFP6),Homo sapiens,0.0,,,11
(+)-Bornyl acetate,Abies alba,6950274.0,CC(=O)OC1CC2CCC1(C)C2(C)C,PPB3,C8166,,,,DNN(ECFP4+MHFP6),Homo sapiens,0.0,,,12
(+)-Bornyl acetate,Abies alba,6950274.0,CC(=O)OC1CC2CCC1(C)C2(C)C,PPB3,A2780,,,,DNN(ECFP4),Homo sapiens,0.27,,,13
(+)-Bornyl acetate,Abies alba,6950274.0,CC(=O)OC1CC2CCC1(C)C2(C)C,PPB3,Prelamin-A/C,,,,DNN(ECFP4),Homo sapiens,0.19,,,14
(+)-Bornyl acetate,Abies alba,6950274.0,CC(=O)OC1CC2CCC1(C)C2(C)C,PPB3,Solute carrier organic anion transporter family member 1B3,,,,DNN(ECFP4),Homo sapiens,0.18,,,15
(+)-Bornyl acetate,Abies alba,6950274.0,CC(=O)OC1CC2CCC1(C)C2(C)C,PPB3,LoVo,,,,DNN(ECFP4),Homo sapiens,0.17,,,16
(+)-Bornyl acetate,Abies alba,6950274.0,CC(=O)OC1CC2CCC1(C)C2(C)C,PPB3,Cytochrome P450 2C19,,,,DNN(ECFP4),Homo sapiens,0.16,,,17
(+)-Bornyl acetate,Abies alba,6950274.0,CC(=O)OC1CC2CCC1(C)C2(C)C,PPB3,Solute carrier organic anion transporter family member 1B1,,,,DNN(ECFP4),Homo sapiens,0.16,,,18
(+)-Bornyl acetate,Abies alba,6950274.0,CC(=O)OC1CC2CCC1(C)C2(C)C,PPB3,MAP kinase ERK2,,,,DNN(ECFP4),Homo sapiens,0.16,,,19
(+)-Bornyl acetate,Abies alba,6950274.0,CC(=O)OC1CC2CCC1(C)C2(C)C,PPB3,5637,,,,DNN(ECFP4),Homo sapiens,0.13,,,20
(+)-Bornyl acetate,Abies alba,6950274.0,CC(=O)OC1CC2CCC1(C)C2(C)C,PPB3,KB,,,,DNN(ECFP4),Homo sapiens,0.11,,,21
(+)-Bornyl acetate,Abies alba,6950274.0,CC(=O)OC1CC2CCC1(C)C2(C)C,PPB3,NCI-H187,,,,DNN(ECFP4),Homo sapiens,0.11,,,22
(+)-Bornyl acetate,Abies alba,6950274.0,CC(=O)OC1CC2CCC1(C)C2(C)C,PPB3,Menin/Histone-lysine N-methyltransferase MLL,,,,DNN(ECFP4),Homo sapiens,0.11,,,23
(+)-Bornyl acetate,Abies alba,6950274.0,CC(=O)OC1CC2CCC1(C)C2(C)C,PPB3,Cytochrome P450 3A4,,,,DNN(ECFP4),Homo sapiens,0.11,,,24
(+)-Bornyl acetate,Abies alba,6950274.0,CC(=O)OC1CC2CCC1(C)C2(C)C,PPB3,Solute carrier organic anion transporter family member 1B3,,,,DNN(RDKit),Homo sapiens,0.09,,,25
(+)-Bornyl acetate,Abies alba,6950274.0,CC(=O)OC1CC2CCC1(C)C2(C)C,PPB3,Solute carrier organic anion transporter family member 1B1,,,,DNN(RDKit),Homo sapiens,0.09,,,26
(+)-Bornyl acetate,Abies alba,6950274.0,CC(=O)OC1CC2CCC1(C)C2(C)C,PPB3,Prelamin-A/C,,,,DNN(RDKit),Homo sapiens,0.07,,,27
(+)-Bornyl acetate,Abies alba,6950274.0,CC(=O)OC1CC2CCC1(C)C2(C)C,PPB3,Microtubule-associated protein tau,,,,DNN(RDKit),Homo sapiens,0.04,,,28
(+)-Bornyl acetate,Abies alba,6950274.0,CC(=O)OC1CC2CCC1(C)C2(C)C,PPB3,Bile acid transporter,,,,DNN(RDKit),Homo sapiens,0.04,,,29
(+)-Bornyl acetate,Abies alba,6950274.0,CC(=O)OC1CC2CCC1(C)C2(C)C,PPB3,H9,,,,DNN(RDKit),Homo sapiens,0.04,,,30
(+)-Bornyl acetate,Abies alba,6950274.0,CC(=O)OC1CC2CCC1(C)C2(C)C,PPB3,11-beta-hydroxysteroid dehydrogenase 2,,,,DNN(RDKit),Homo sapiens,0.04,,,31
(+)-Bornyl acetate,Abies alba,6950274.0,CC(=O)OC1CC2CCC1(C)C2(C)C,PPB3,Aldehyde dehydrogenase 1A1,,,,DNN(RDKit),Homo sapiens,0.04,,,32
(+)-Bornyl acetate,Abies alba,6950274.0,CC(=O)OC1CC2CCC1(C)C2(C)C,PPB3,G-protein coupled bile acid receptor 1,,,,DNN(RDKit),Homo sapiens,0.03,,,33
(+)-Bornyl acetate,Abies alba,6950274.0,CC(=O)OC1CC2CCC1(C)C2(C)C,PPB3,Survival motor neuron protein,,,,DNN(RDKit),Homo sapiens,0.03,,,34
(+)-Bornyl acetate,Abies alba,6950274.0,CC(=O)OC1CC2CCC1(C)C2(C)C,PPB3,HeLa,,,,DNN(RDKit),Homo sapiens,0.02,,,35
(+)-Bornyl acetate,Abies alba,6950274.0,CC(=O)OC1CC2CCC1(C)C2(C)C,PPB3,Solute carrier organic anion transporter family member 1B3,,,,DNN(Layered),Homo sapiens,0.15,,,36
(+)-Bornyl acetate,Abies alba,6950274.0,CC(=O)OC1CC2CCC1(C)C2(C)C,PPB3,Solute carrier organic anion transporter family member 1B1,,,,DNN(Layered),Homo sapiens,0.13,,,37
(+)-Bornyl acetate,Abies alba,6950274.0,CC(=O)OC1CC2CCC1(C)C2(C)C,PPB3,Ubiquitin carboxyl-terminal hydrolase 2,,,,DNN(Layered),Homo sapiens,0.1,,,38
(+)-Bornyl acetate,Abies alba,6950274.0,CC(=O)OC1CC2CCC1(C)C2(C)C,PPB3,Microtubule-associated protein tau,,,,DNN(Layered),Homo sapiens,0.07,,,39
(+)-Bornyl acetate,Abies alba,6950274.0,CC(=O)OC1CC2CCC1(C)C2(C)C,PPB3,Cytochrome P450 2C19,,,,DNN(Layered),Homo sapiens,0.07,,,40
(+)-Bornyl acetate,Abies alba,6950274.0,CC(=O)OC1CC2CCC1(C)C2(C)C,PPB3,Menin/Histone-lysine N-methyltransferase MLL,,,,DNN(Layered),Homo sapiens,0.06,,,41
(+)-Bornyl acetate,Abies alba,6950274.0,CC(=O)OC1CC2CCC1(C)C2(C)C,PPB3,Neuropeptide S receptor,,,,DNN(Layered),Homo sapiens,0.06,,,42
(+)-Bornyl acetate,Abies alba,6950274.0,CC(=O)OC1CC2CCC1(C)C2(C)C,PPB3,MAP kinase ERK2,,,,DNN(Layered),Homo sapiens,0.05,,,43
(+)-Bornyl acetate,Abies alba,6950274.0,CC(=O)OC1CC2CCC1(C)C2(C)C,PPB3,H9,,,,DNN(Layered),Homo sapiens,0.05,,,44
(+)-Bornyl acetate,Abies alba,6950274.0,CC(=O)OC1CC2CCC1(C)C2(C)C,PPB3,Thyroid stimulating hormone receptor,,,,DNN(Layered),Homo sapiens,0.05,,,45
(+)-Bornyl acetate,Abies alba,6950274.0,CC(=O)OC1CC2CCC1(C)C2(C)C,PPB3,Aldehyde dehydrogenase 1A1,,,,DNN(Layered),Homo sapiens,0.05,,,46
(+)-Bornyl acetate,Abies alba,6950274.0,CC(=O)OC1CC2CCC1(C)C2(C)C,PPB3,Prelamin-A/C,,,,DNN(Layered),Homo sapiens,0.05,,,47
(+)-Bornyl acetate,Abies alba,6950274.0,CC(=O)OC1CC2CCC1(C)C2(C)C,PPB3,Cytochrome P450 19A1,,,,DNN(MHFP6),Homo sapiens,0.08,,,48
(+)-Bornyl acetate,Abies alba,6950274.0,CC(=O)OC1CC2CCC1(C)C2(C)C,PPB3,Solute carrier organic anion transporter family member 1B3,,,,DNN(MHFP6),Homo sapiens,0.03,,,49
(+)-Bornyl acetate,Abies alba,6950274.0,CC(=O)OC1CC2CCC1(C)C2(C)C,PPB3,Tyrosyl-DNA phosphodiesterase 1,,,,DNN(MHFP6),Homo sapiens,0.02,,,50
(+)-Bornyl acetate,Abies alba,6950274.0,CC(=O)OC1CC2CCC1(C)C2(C)C,PPB3,Solute carrier organic anion transporter family member 1B1,,,,DNN(MHFP6),Homo sapiens,0.02,,,51
(+)-Bornyl acetate,Abies alba,6950274.0,CC(=O)OC1CC2CCC1(C)C2(C)C,PPB3,HUVEC,,,,DNN(MHFP6),Homo sapiens,0.02,,,52
(+)-Bornyl acetate,Abies alba,6950274.0,CC(=O)OC1CC2CCC1(C)C2(C)C,PPB3,Cannabinoid CB2 receptor,,,,DNN(MHFP6),Homo sapiens,0.02,,,53
(+)-Bornyl acetate,Abies alba,6950274.0,CC(=O)OC1CC2CCC1(C)C2(C)C,PPB3,Solute carrier organic anion transporter family member 1B3,,,,DNN(ECFP6),Homo sapiens,0.82,,,54
(+)-Bornyl acetate,Abies alba,6950274.0,CC(=O)OC1CC2CCC1(C)C2(C)C,PPB3,Solute carrier organic anion transporter family member 1B1,,,,DNN(ECFP6),Homo sapiens,0.77,,,55
(+)-Bornyl acetate,Abies alba,6950274.0,CC(=O)OC1CC2CCC1(C)C2(C)C,PPB3,Survival motor neuron protein,,,,DNN(ECFP6),Homo sapiens,0.06,,,56
(+)-Bornyl acetate,Abies alba,6950274.0,CC(=O)OC1CC2CCC1(C)C2(C)C,PPB3,Prelamin-A/C,,,,DNN(ECFP6),Homo sapiens,0.04,,,57
(+)-Bornyl acetate,Abies alba,6950274.0,CC(=O)OC1CC2CCC1(C)C2(C)C,PPB3,Menin/Histone-lysine N-methyltransferase MLL,,,,DNN(ECFP6),Homo sapiens,0.04,,,58
(+)-Bornyl acetate,Abies alba,6950274.0,CC(=O)OC1CC2CCC1(C)C2(C)C,PPB3,Huntingtin,,,,DNN(ECFP6),Homo sapiens,0.03,,,59
(+)-Bornyl acetate,Abies alba,6950274.0,CC(=O)OC1CC2CCC1(C)C2(C)C,PPB3,Thyroid hormone receptor beta-1,,,,DNN(ECFP6),Homo sapiens,0.03,,,60
(+)-Bornyl acetate,Abies alba,6950274.0,CC(=O)OC1CC2CCC1(C)C2(C)C,PPB3,Neuropeptide S receptor,,,,DNN(ECFP6),Homo sapiens,0.03,,,61
(+)-Bornyl acetate,Abies alba,6950274.0,CC(=O)OC1CC2CCC1(C)C2(C)C,PPB3,Microtubule-associated protein tau,,,,DNN(ECFP6),Homo sapiens,0.03,,,62
(+)-Bornyl acetate,Abies alba,6950274.0,CC(=O)OC1CC2CCC1(C)C2(C)C,PPB3,Bloom syndrome protein,,,,DNN(ECFP6),Homo sapiens,0.03,,,63
(+)-Bornyl acetate,Abies alba,6950274.0,CC(=O)OC1CC2CCC1(C)C2(C)C,PPB3,Nuclear factor NF-kappa-B p105 subunit,,,,DNN(ECFP6),Homo sapiens,0.02,,,64
(+)-Bornyl acetate,Abies alba,6950274.0,CC(=O)OC1CC2CCC1(C)C2(C)C,PPB3,Solute carrier organic anion transporter family member 1B1,,,,DNN(AtomPair),Homo sapiens,0.35,,,65
(+)-Bornyl acetate,Abies alba,6950274.0,CC(=O)OC1CC2CCC1(C)C2(C)C,PPB3,Solute carrier organic anion transporter family member 1B3,,,,DNN(AtomPair),Homo sapiens,0.31,,,66
(+)-Bornyl acetate,Abies alba,6950274.0,CC(=O)OC1CC2CCC1(C)C2(C)C,PPB3,Nuclear factor NF-kappa-B p105 subunit,,,,DNN(AtomPair),Homo sapiens,0.17,,,67
(+)-Bornyl acetate,Abies alba,6950274.0,CC(=O)OC1CC2CCC1(C)C2(C)C,PPB3,Thrombopoietin,,,,DNN(AtomPair),Homo sapiens,0.1,,,68
(+)-Bornyl acetate,Abies alba,6950274.0,CC(=O)OC1CC2CCC1(C)C2(C)C,PPB3,Carboxylesterase 2,,,,DNN(AtomPair),Homo sapiens,0.06,,,69
(+)-Bornyl acetate,Abies alba,6950274.0,CC(=O)OC1CC2CCC1(C)C2(C)C,PPB3,Prelamin-A/C,,,,DNN(AtomPair),Homo sapiens,0.05,,,70
(+)-Bornyl acetate,Abies alba,6950274.0,CC(=O)OC1CC2CCC1(C)C2(C)C,PPB3,Glycine receptor subunit alpha-1,,,,DNN(AtomPair),Homo sapiens,0.04,,,71
(+)-Bornyl acetate,Abies alba,6950274.0,CC(=O)OC1CC2CCC1(C)C2(C)C,PPB3,Serotonin 7 (5-HT7) receptor,,,,DNN(AtomPair),Homo sapiens,0.03,,,72
(+)-Bornyl acetate,Abies alba,6950274.0,CC(=O)OC1CC2CCC1(C)C2(C)C,PPB3,Aldehyde dehydrogenase 1A1,,,,DNN(AtomPair),Homo sapiens,0.03,,,73
(+)-Bornyl acetate,Abies alba,6950274.0,CC(=O)OC1CC2CCC1(C)C2(C)C,PPB3,Solute carrier organic anion transporter family member 1B3,,,,Consensus,Homo sapiens,0.82,,,74
(+)-Bornyl acetate,Abies alba,6950274.0,CC(=O)OC1CC2CCC1(C)C2(C)C,PPB3,Solute carrier organic anion transporter family member 1B1,,,,Consensus,Homo sapiens,0.77,,,75
(+)-Bornyl acetate,Abies alba,6950274.0,CC(=O)OC1CC2CCC1(C)C2(C)C,PPB3,A2780,,,,Consensus,Homo sapiens,0.27,,,76
(+)-Bornyl acetate,Abies alba,6950274.0,CC(=O)OC1CC2CCC1(C)C2(C)C,PPB3,Prelamin-A/C,,,,Consensus,Homo sapiens,0.19,,,77
(+)-Bornyl acetate,Abies alba,6950274.0,CC(=O)OC1CC2CCC1(C)C2(C)C,PPB3,LoVo,,,,Consensus,Homo sapiens,0.17,,,78
(+)-Bornyl acetate,Abies alba,6950274.0,CC(=O)OC1CC2CCC1(C)C2(C)C,PPB3,Nuclear factor NF-kappa-B p105 subunit,,,,Consensus,Homo sapiens,0.17,,,79
(+)-Bornyl acetate,Abies alba,6950274.0,CC(=O)OC1CC2CCC1(C)C2(C)C,PPB3,Cytochrome P450 2C19,,,,Consensus,Homo sapiens,0.16,,,80
(+)-Bornyl acetate,Abies alba,6950274.0,CC(=O)OC1CC2CCC1(C)C2(C)C,PPB3,MAP kinase ERK2,,,,Consensus,Homo sapiens,0.16,,,81
(+)-Bornyl acetate,Abies alba,6950274.0,CC(=O)OC1CC2CCC1(C)C2(C)C,SEA,TAS2R31,,T2R31_HUMAN,,Taste receptor type 2 member 31,T2R31_HUMAN,,4.441e-16,0.31,1
(+)-Bornyl acetate,Abies alba,6950274.0,CC(=O)OC1CC2CCC1(C)C2(C)C,SEA,TRPM2,,TRPM2_HUMAN,,Transient receptor potential cation channel subfamily M member 2,TRPM2_HUMAN,,4.251e-12,0.30,2
(+)-Bornyl acetate,Abies alba,6950274.0,CC(=O)OC1CC2CCC1(C)C2(C)C,SEA,CPB2,,CBPB2_HUMAN,,Carboxypeptidase B2,CBPB2_HUMAN,,6.959e-08,0.39,3
(+)-Bornyl acetate,Abies alba,6950274.0,CC(=O)OC1CC2CCC1(C)C2(C)C,SwissTargetPrediction,Acetylcholinesterase,ACHE,P22303,CHEMBL220,Hydrolase,P22303,0.123286593176,,,1
(+)-Bornyl acetate,Abies alba,6950274.0,CC(=O)OC1CC2CCC1(C)C2(C)C,SwissTargetPrediction,Vitamin D receptor,VDR,P11473,CHEMBL1977,Nuclear receptor,P11473,0.0926446451291,,,2
(+)-Bornyl acetate,Abies alba,6950274.0,CC(=O)OC1CC2CCC1(C)C2(C)C,SwissTargetPrediction,Dual specificity phosphatase Cdc25A,CDC25A,P30304,CHEMBL3775,Phosphatase,P30304,0.0517133123472,,,3
(+)-Bornyl acetate,Abies alba,6950274.0,CC(=O)OC1CC2CCC1(C)C2(C)C,SwissTargetPrediction,Protein-tyrosine phosphatase 1B,PTPN1,P18031,CHEMBL335,Phosphatase,P18031,0.0414702990123,,,4
(+)-Bornyl acetate,Abies alba,6950274.0,CC(=O)OC1CC2CCC1(C)C2(C)C,SwissTargetPrediction,HMG-CoA reductase,HMGCR,P04035,CHEMBL402,Oxidoreductase,P04035,0.0312265582077,,,5
(+)-Bornyl acetate,Abies alba,6950274.0,CC(=O)OC1CC2CCC1(C)C2(C)C,SwissTargetPrediction,Cytochrome P450 19A1,CYP19A1,P11511,CHEMBL1978,Cytochrome P450,P11511,0.0312265582077,,,6
(+)-Bornyl acetate,Abies alba,6950274.0,CC(=O)OC1CC2CCC1(C)C2(C)C,SwissTargetPrediction,UDP-glucuronosyltransferase 2B7,UGT2B7,P16662,CHEMBL4370,Enzyme,P16662,0.0312265582077,,,7
(+)-Bornyl acetate,Abies alba,6950274.0,CC(=O)OC1CC2CCC1(C)C2(C)C,SwissTargetPrediction,Thromboxane-A synthase,TBXAS1,P24557,CHEMBL1835,Cytochrome P450,P24557,0.0312265582077,,,8
(+)-Bornyl acetate,Abies alba,6950274.0,CC(=O)OC1CC2CCC1(C)C2(C)C,SwissTargetPrediction,Cytochrome P450 11B1,CYP11B1,P15538,CHEMBL1908,Cytochrome P450,P15538,0.0312265582077,,,9
(+)-Bornyl acetate,Abies alba,6950274.0,CC(=O)OC1CC2CCC1(C)C2(C)C,SwissTargetPrediction,Cytochrome P450 11B2,CYP11B2,P19099,CHEMBL2722,Cytochrome P450,P19099,0.0312265582077,,,10
(+)-Bornyl acetate,Abies alba,6950274.0,CC(=O)OC1CC2CCC1(C)C2(C)C,SwissTargetPrediction,DNA polymerase alpha subunit,POLA1,P09884,CHEMBL1828,Transferase,P09884,0.0312265582077,,,11
(+)-Bornyl acetate,Abies alba,6950274.0,CC(=O)OC1CC2CCC1(C)C2(C)C,SwissTargetPrediction,11-beta-hydroxysteroid dehydrogenase 1,HSD11B1,P28845,CHEMBL4235,Enzyme,P28845,0.0312265582077,,,12
(+)-Bornyl acetate,Abies alba,6950274.0,CC(=O)OC1CC2CCC1(C)C2(C)C,SwissTargetPrediction,Alpha-2a adrenergic receptor,ADRA2A,P08913,CHEMBL1867,Family A G protein-coupled receptor,P08913,0.0312265582077,,,13
(+)-Bornyl acetate,Abies alba,6950274.0,CC(=O)OC1CC2CCC1(C)C2(C)C,SwissTargetPrediction,Adrenergic receptor alpha-2,ADRA2C,P18825,CHEMBL1916,Family A G protein-coupled receptor,P18825,0.0312265582077,,,14
(+)-Bornyl acetate,Abies alba,6950274.0,CC(=O)OC1CC2CCC1(C)C2(C)C,SwissTargetPrediction,Alpha-2b adrenergic receptor,ADRA2B,P18089,CHEMBL1942,Family A G protein-coupled receptor,P18089,0.0312265582077,,,15
4-Hydroxycinnamic acid,Abrus precatorius,637542.0,OC(=O)/C=C/c1ccc(cc1)O,PPB3,Carbonic anhydrase VII,,,,DNN(ECFP4+MHFP6),Homo sapiens,1.0,,,1
4-Hydroxycinnamic acid,Abrus precatorius,637542.0,OC(=O)/C=C/c1ccc(cc1)O,PPB3,Carbonic anhydrase XIV,,,,DNN(ECFP4+MHFP6),Homo sapiens,0.99,,,2
4-Hydroxycinnamic acid,Abrus precatorius,637542.0,OC(=O)/C=C/c1ccc(cc1)O,PPB3,Carbonic anhydrase VI,,,,DNN(ECFP4+MHFP6),Homo sapiens,0.96,,,3
4-Hydroxycinnamic acid,Abrus precatorius,637542.0,OC(=O)/C=C/c1ccc(cc1)O,PPB3,Carbonic anhydrase VA,,,,DNN(ECFP4+MHFP6),Homo sapiens,0.96,,,4
4-Hydroxycinnamic acid,Abrus precatorius,637542.0,OC(=O)/C=C/c1ccc(cc1)O,PPB3,Carbonic anhydrase IX,,,,DNN(ECFP4+MHFP6),Homo sapiens,0.95,,,5
4-Hydroxycinnamic acid,Abrus precatorius,637542.0,OC(=O)/C=C/c1ccc(cc1)O,PPB3,Carbonic anhydrase IV,,,,DNN(ECFP4+MHFP6),Homo sapiens,0.94,,,6
4-Hydroxycinnamic acid,Abrus precatorius,637542.0,OC(=O)/C=C/c1ccc(cc1)O,PPB3,Carbonic anhydrase XII,,,,DNN(ECFP4+MHFP6),Homo sapiens,0.93,,,7
4-Hydroxycinnamic acid,Abrus precatorius,637542.0,OC(=O)/C=C/c1ccc(cc1)O,PPB3,Carbonic anhydrase III,,,,DNN(ECFP4+MHFP6),Homo sapiens,0.91,,,8
4-Hydroxycinnamic acid,Abrus precatorius,637542.0,OC(=O)/C=C/c1ccc(cc1)O,PPB3,Carbonic anhydrase I,,,,DNN(ECFP4+MHFP6),Homo sapiens,0.9,,,9
4-Hydroxycinnamic acid,Abrus precatorius,637542.0,OC(=O)/C=C/c1ccc(cc1)O,PPB3,Carbonic anhydrase II,,,,DNN(ECFP4+MHFP6),Homo sapiens,0.9,,,10
4-Hydroxycinnamic acid,Abrus precatorius,637542.0,OC(=O)/C=C/c1ccc(cc1)O,PPB3,Tyrosinase,,,,DNN(ECFP4+MHFP6),Homo sapiens,0.88,,,11
4-Hydroxycinnamic acid,Abrus precatorius,637542.0,OC(=O)/C=C/c1ccc(cc1)O,PPB3,Carbonic anhydrase VB,,,,DNN(ECFP4+MHFP6),Homo sapiens,0.78,,,12
4-Hydroxycinnamic acid,Abrus precatorius,637542.0,OC(=O)/C=C/c1ccc(cc1)O,PPB3,Aldose reductase,,,,DNN(ECFP4+MHFP6),Homo sapiens,0.74,,,13
4-Hydroxycinnamic acid,Abrus precatorius,637542.0,OC(=O)/C=C/c1ccc(cc1)O,PPB3,Carbonic anhydrase XIV,,,,DNN(ECFP4),Homo sapiens,0.97,,,14
4-Hydroxycinnamic acid,Abrus precatorius,637542.0,OC(=O)/C=C/c1ccc(cc1)O,PPB3,Carbonic anhydrase VII,,,,DNN(ECFP4),Homo sapiens,0.94,,,15
4-Hydroxycinnamic acid,Abrus precatorius,637542.0,OC(=O)/C=C/c1ccc(cc1)O,PPB3,Carbonic anhydrase VI,,,,DNN(ECFP4),Homo sapiens,0.94,,,16
4-Hydroxycinnamic acid,Abrus precatorius,637542.0,OC(=O)/C=C/c1ccc(cc1)O,PPB3,Carbonic anhydrase VA,,,,DNN(ECFP4),Homo sapiens,0.94,,,17
4-Hydroxycinnamic acid,Abrus precatorius,637542.0,OC(=O)/C=C/c1ccc(cc1)O,PPB3,Carbonic anhydrase XII,,,,DNN(ECFP4),Homo sapiens,0.88,,,18
4-Hydroxycinnamic acid,Abrus precatorius,637542.0,OC(=O)/C=C/c1ccc(cc1)O,PPB3,Carbonic anhydrase IX,,,,DNN(ECFP4),Homo sapiens,0.85,,,19
4-Hydroxycinnamic acid,Abrus precatorius,637542.0,OC(=O)/C=C/c1ccc(cc1)O,PPB3,Solute carrier organic anion transporter family member 1B3,,,,DNN(ECFP4),Homo sapiens,0.85,,,20
4-Hydroxycinnamic acid,Abrus precatorius,637542.0,OC(=O)/C=C/c1ccc(cc1)O,PPB3,Solute carrier organic anion transporter family member 1B1,,,,DNN(ECFP4),Homo sapiens,0.84,,,21
4-Hydroxycinnamic acid,Abrus precatorius,637542.0,OC(=O)/C=C/c1ccc(cc1)O,PPB3,Carbonic anhydrase VB,,,,DNN(ECFP4),Homo sapiens,0.76,,,22
4-Hydroxycinnamic acid,Abrus precatorius,637542.0,OC(=O)/C=C/c1ccc(cc1)O,PPB3,Carbonic anhydrase IV,,,,DNN(ECFP4),Homo sapiens,0.75,,,23
4-Hydroxycinnamic acid,Abrus precatorius,637542.0,OC(=O)/C=C/c1ccc(cc1)O,PPB3,Carbonic anhydrase II,,,,DNN(ECFP4),Homo sapiens,0.74,,,24
4-Hydroxycinnamic acid,Abrus precatorius,637542.0,OC(=O)/C=C/c1ccc(cc1)O,PPB3,Carbonic anhydrase III,,,,DNN(ECFP4),Homo sapiens,0.66,,,25
4-Hydroxycinnamic acid,Abrus precatorius,637542.0,OC(=O)/C=C/c1ccc(cc1)O,PPB3,Estrogen receptor alpha,,,,DNN(ECFP4),Homo sapiens,0.63,,,26
4-Hydroxycinnamic acid,Abrus precatorius,637542.0,OC(=O)/C=C/c1ccc(cc1)O,PPB3,Carbonic anhydrase I,,,,DNN(ECFP4),Homo sapiens,0.62,,,27
4-Hydroxycinnamic acid,Abrus precatorius,637542.0,OC(=O)/C=C/c1ccc(cc1)O,PPB3,Carbonic anhydrase XIV,,,,DNN(RDKit),Homo sapiens,0.98,,,28
4-Hydroxycinnamic acid,Abrus precatorius,637542.0,OC(=O)/C=C/c1ccc(cc1)O,PPB3,Carbonic anhydrase VI,,,,DNN(RDKit),Homo sapiens,0.98,,,29
4-Hydroxycinnamic acid,Abrus precatorius,637542.0,OC(=O)/C=C/c1ccc(cc1)O,PPB3,Carbonic anhydrase VII,,,,DNN(RDKit),Homo sapiens,0.98,,,30
4-Hydroxycinnamic acid,Abrus precatorius,637542.0,OC(=O)/C=C/c1ccc(cc1)O,PPB3,Carbonic anhydrase VA,,,,DNN(RDKit),Homo sapiens,0.96,,,31
4-Hydroxycinnamic acid,Abrus precatorius,637542.0,OC(=O)/C=C/c1ccc(cc1)O,PPB3,Carbonic anhydrase IX,,,,DNN(RDKit),Homo sapiens,0.95,,,32
4-Hydroxycinnamic acid,Abrus precatorius,637542.0,OC(=O)/C=C/c1ccc(cc1)O,PPB3,Carbonic anhydrase VB,,,,DNN(RDKit),Homo sapiens,0.95,,,33
4-Hydroxycinnamic acid,Abrus precatorius,637542.0,OC(=O)/C=C/c1ccc(cc1)O,PPB3,Carbonic anhydrase XII,,,,DNN(RDKit),Homo sapiens,0.94,,,34
4-Hydroxycinnamic acid,Abrus precatorius,637542.0,OC(=O)/C=C/c1ccc(cc1)O,PPB3,Carbonic anhydrase III,,,,DNN(RDKit),Homo sapiens,0.87,,,35
4-Hydroxycinnamic acid,Abrus precatorius,637542.0,OC(=O)/C=C/c1ccc(cc1)O,PPB3,Carbonic anhydrase I,,,,DNN(RDKit),Homo sapiens,0.78,,,36
4-Hydroxycinnamic acid,Abrus precatorius,637542.0,OC(=O)/C=C/c1ccc(cc1)O,PPB3,Carbonic anhydrase IV,,,,DNN(RDKit),Homo sapiens,0.76,,,37
4-Hydroxycinnamic acid,Abrus precatorius,637542.0,OC(=O)/C=C/c1ccc(cc1)O,PPB3,Xanthine dehydrogenase,,,,DNN(RDKit),Homo sapiens,0.75,,,38
4-Hydroxycinnamic acid,Abrus precatorius,637542.0,OC(=O)/C=C/c1ccc(cc1)O,PPB3,Solute carrier organic anion transporter family member 1B3,,,,DNN(RDKit),Homo sapiens,0.75,,,39
4-Hydroxycinnamic acid,Abrus precatorius,637542.0,OC(=O)/C=C/c1ccc(cc1)O,PPB3,Solute carrier organic anion transporter family member 1B1,,,,DNN(RDKit),Homo sapiens,0.73,,,40
4-Hydroxycinnamic acid,Abrus precatorius,637542.0,OC(=O)/C=C/c1ccc(cc1)O,PPB3,Carbonic anhydrase XIV,,,,DNN(Layered),Homo sapiens,0.96,,,41
4-Hydroxycinnamic acid,Abrus precatorius,637542.0,OC(=O)/C=C/c1ccc(cc1)O,PPB3,Carbonic anhydrase VII,,,,DNN(Layered),Homo sapiens,0.94,,,42
4-Hydroxycinnamic acid,Abrus precatorius,637542.0,OC(=O)/C=C/c1ccc(cc1)O,PPB3,Carbonic anhydrase VB,,,,DNN(Layered),Homo sapiens,0.9,,,43
4-Hydroxycinnamic acid,Abrus precatorius,637542.0,OC(=O)/C=C/c1ccc(cc1)O,PPB3,Carbonic anhydrase IX,,,,DNN(Layered),Homo sapiens,0.88,,,44
4-Hydroxycinnamic acid,Abrus precatorius,637542.0,OC(=O)/C=C/c1ccc(cc1)O,PPB3,Carbonic anhydrase II,,,,DNN(Layered),Homo sapiens,0.85,,,45
4-Hydroxycinnamic acid,Abrus precatorius,637542.0,OC(=O)/C=C/c1ccc(cc1)O,PPB3,Carbonic anhydrase XII,,,,DNN(Layered),Homo sapiens,0.84,,,46
4-Hydroxycinnamic acid,Abrus precatorius,637542.0,OC(=O)/C=C/c1ccc(cc1)O,PPB3,Carbonic anhydrase VI,,,,DNN(Layered),Homo sapiens,0.81,,,47
4-Hydroxycinnamic acid,Abrus precatorius,637542.0,OC(=O)/C=C/c1ccc(cc1)O,PPB3,Carbonic anhydrase I,,,,DNN(Layered),Homo sapiens,0.8,,,48
4-Hydroxycinnamic acid,Abrus precatorius,637542.0,OC(=O)/C=C/c1ccc(cc1)O,PPB3,Carbonic anhydrase VA,,,,DNN(Layered),Homo sapiens,0.79,,,49
4-Hydroxycinnamic acid,Abrus precatorius,637542.0,OC(=O)/C=C/c1ccc(cc1)O,PPB3,Carbonic anhydrase III,,,,DNN(Layered),Homo sapiens,0.7,,,50
4-Hydroxycinnamic acid,Abrus precatorius,637542.0,OC(=O)/C=C/c1ccc(cc1)O,PPB3,Carbonic anhydrase IV,,,,DNN(Layered),Homo sapiens,0.39,,,51
4-Hydroxycinnamic acid,Abrus precatorius,637542.0,OC(=O)/C=C/c1ccc(cc1)O,PPB3,Aldose reductase,,,,DNN(Layered),Homo sapiens,0.37,,,52
4-Hydroxycinnamic acid,Abrus precatorius,637542.0,OC(=O)/C=C/c1ccc(cc1)O,PPB3,Solute carrier organic anion transporter family member 1B3,,,,DNN(Layered),Homo sapiens,0.33,,,53
4-Hydroxycinnamic acid,Abrus precatorius,637542.0,OC(=O)/C=C/c1ccc(cc1)O,PPB3,Tyrosinase,,,,DNN(Layered),Homo sapiens,0.28,,,54
4-Hydroxycinnamic acid,Abrus precatorius,637542.0,OC(=O)/C=C/c1ccc(cc1)O,PPB3,Carbonic anhydrase XIV,,,,DNN(MHFP6),Homo sapiens,0.98,,,55
4-Hydroxycinnamic acid,Abrus precatorius,637542.0,OC(=O)/C=C/c1ccc(cc1)O,PPB3,Carbonic anhydrase VII,,,,DNN(MHFP6),Homo sapiens,0.97,,,56
4-Hydroxycinnamic acid,Abrus precatorius,637542.0,OC(=O)/C=C/c1ccc(cc1)O,PPB3,Carbonic anhydrase II,,,,DNN(MHFP6),Homo sapiens,0.96,,,57
4-Hydroxycinnamic acid,Abrus precatorius,637542.0,OC(=O)/C=C/c1ccc(cc1)O,PPB3,Carbonic anhydrase VA,,,,DNN(MHFP6),Homo sapiens,0.92,,,58
4-Hydroxycinnamic acid,Abrus precatorius,637542.0,OC(=O)/C=C/c1ccc(cc1)O,PPB3,Carbonic anhydrase IX,,,,DNN(MHFP6),Homo sapiens,0.9,,,59
4-Hydroxycinnamic acid,Abrus precatorius,637542.0,OC(=O)/C=C/c1ccc(cc1)O,PPB3,Carbonic anhydrase XII,,,,DNN(MHFP6),Homo sapiens,0.86,,,60
4-Hydroxycinnamic acid,Abrus precatorius,637542.0,OC(=O)/C=C/c1ccc(cc1)O,PPB3,Carbonic anhydrase I,,,,DNN(MHFP6),Homo sapiens,0.85,,,61
4-Hydroxycinnamic acid,Abrus precatorius,637542.0,OC(=O)/C=C/c1ccc(cc1)O,PPB3,Carbonic anhydrase VB,,,,DNN(MHFP6),Homo sapiens,0.81,,,62
4-Hydroxycinnamic acid,Abrus precatorius,637542.0,OC(=O)/C=C/c1ccc(cc1)O,PPB3,Tyrosinase,,,,DNN(MHFP6),Homo sapiens,0.75,,,63
4-Hydroxycinnamic acid,Abrus precatorius,637542.0,OC(=O)/C=C/c1ccc(cc1)O,PPB3,Carbonic anhydrase IV,,,,DNN(MHFP6),Homo sapiens,0.73,,,64
4-Hydroxycinnamic acid,Abrus precatorius,637542.0,OC(=O)/C=C/c1ccc(cc1)O,PPB3,Carbonic anhydrase III,,,,DNN(MHFP6),Homo sapiens,0.71,,,65
4-Hydroxycinnamic acid,Abrus precatorius,637542.0,OC(=O)/C=C/c1ccc(cc1)O,PPB3,Carbonic anhydrase VI,,,,DNN(MHFP6),Homo sapiens,0.59,,,66
4-Hydroxycinnamic acid,Abrus precatorius,637542.0,OC(=O)/C=C/c1ccc(cc1)O,PPB3,Aldose reductase,,,,DNN(MHFP6),Homo sapiens,0.58,,,67
4-Hydroxycinnamic acid,Abrus precatorius,637542.0,OC(=O)/C=C/c1ccc(cc1)O,PPB3,Solute carrier organic anion transporter family member 1B3,,,,DNN(MHFP6),Homo sapiens,0.57,,,68
4-Hydroxycinnamic acid,Abrus precatorius,637542.0,OC(=O)/C=C/c1ccc(cc1)O,PPB3,Carbonic anhydrase XIV,,,,DNN(ECFP6),Homo sapiens,0.99,,,69
4-Hydroxycinnamic acid,Abrus precatorius,637542.0,OC(=O)/C=C/c1ccc(cc1)O,PPB3,Carbonic anhydrase VII,,,,DNN(ECFP6),Homo sapiens,0.99,,,70
4-Hydroxycinnamic acid,Abrus precatorius,637542.0,OC(=O)/C=C/c1ccc(cc1)O,PPB3,Carbonic anhydrase VA,,,,DNN(ECFP6),Homo sapiens,0.97,,,71
4-Hydroxycinnamic acid,Abrus precatorius,637542.0,OC(=O)/C=C/c1ccc(cc1)O,PPB3,Carbonic anhydrase XII,,,,DNN(ECFP6),Homo sapiens,0.96,,,72
4-Hydroxycinnamic acid,Abrus precatorius,637542.0,OC(=O)/C=C/c1ccc(cc1)O,PPB3,Carbonic anhydrase IX,,,,DNN(ECFP6),Homo sapiens,0.96,,,73
4-Hydroxycinnamic acid,Abrus precatorius,637542.0,OC(=O)/C=C/c1ccc(cc1)O,PPB3,Carbonic anhydrase VB,,,,DNN(ECFP6),Homo sapiens,0.96,,,74
4-Hydroxycinnamic acid,Abrus precatorius,637542.0,OC(=O)/C=C/c1ccc(cc1)O,PPB3,Carbonic anhydrase VI,,,,DNN(ECFP6),Homo sapiens,0.94,,,75
4-Hydroxycinnamic acid,Abrus precatorius,637542.0,OC(=O)/C=C/c1ccc(cc1)O,PPB3,Carbonic anhydrase I,,,,DNN(ECFP6),Homo sapiens,0.93,,,76
4-Hydroxycinnamic acid,Abrus precatorius,637542.0,OC(=O)/C=C/c1ccc(cc1)O,PPB3,Carbonic anhydrase IV,,,,DNN(ECFP6),Homo sapiens,0.92,,,77
4-Hydroxycinnamic acid,Abrus precatorius,637542.0,OC(=O)/C=C/c1ccc(cc1)O,PPB3,Carbonic anhydrase III,,,,DNN(ECFP6),Homo sapiens,0.9,,,78
4-Hydroxycinnamic acid,Abrus precatorius,637542.0,OC(=O)/C=C/c1ccc(cc1)O,PPB3,Carbonic anhydrase II,,,,DNN(ECFP6),Homo sapiens,0.9,,,79
4-Hydroxycinnamic acid,Abrus precatorius,637542.0,OC(=O)/C=C/c1ccc(cc1)O,PPB3,Aldose reductase,,,,DNN(ECFP6),Homo sapiens,0.71,,,80
4-Hydroxycinnamic acid,Abrus precatorius,637542.0,OC(=O)/C=C/c1ccc(cc1)O,PPB3,Solute carrier organic anion transporter family member 1B1,,,,DNN(ECFP6),Homo sapiens,0.69,,,81
4-Hydroxycinnamic acid,Abrus precatorius,637542.0,OC(=O)/C=C/c1ccc(cc1)O,PPB3,Solute carrier organic anion transporter family member 1B3,,,,DNN(ECFP6),Homo sapiens,0.68,,,82
4-Hydroxycinnamic acid,Abrus precatorius,637542.0,OC(=O)/C=C/c1ccc(cc1)O,PPB3,Raji,,,,DNN(ECFP6),Homo sapiens,0.65,,,83
4-Hydroxycinnamic acid,Abrus precatorius,637542.0,OC(=O)/C=C/c1ccc(cc1)O,PPB3,Carbonic anhydrase VII,,,,DNN(AtomPair),Homo sapiens,0.96,,,84
4-Hydroxycinnamic acid,Abrus precatorius,637542.0,OC(=O)/C=C/c1ccc(cc1)O,PPB3,Carbonic anhydrase XII,,,,DNN(AtomPair),Homo sapiens,0.92,,,85
4-Hydroxycinnamic acid,Abrus precatorius,637542.0,OC(=O)/C=C/c1ccc(cc1)O,PPB3,Carbonic anhydrase XIV,,,,DNN(AtomPair),Homo sapiens,0.9,,,86
4-Hydroxycinnamic acid,Abrus precatorius,637542.0,OC(=O)/C=C/c1ccc(cc1)O,PPB3,Carbonic anhydrase VI,,,,DNN(AtomPair),Homo sapiens,0.88,,,87
4-Hydroxycinnamic acid,Abrus precatorius,637542.0,OC(=O)/C=C/c1ccc(cc1)O,PPB3,Carbonic anhydrase III,,,,DNN(AtomPair),Homo sapiens,0.81,,,88
4-Hydroxycinnamic acid,Abrus precatorius,637542.0,OC(=O)/C=C/c1ccc(cc1)O,PPB3,Carbonic anhydrase VA,,,,DNN(AtomPair),Homo sapiens,0.79,,,89
4-Hydroxycinnamic acid,Abrus precatorius,637542.0,OC(=O)/C=C/c1ccc(cc1)O,PPB3,Carbonic anhydrase IX,,,,DNN(AtomPair),Homo sapiens,0.78,,,90
4-Hydroxycinnamic acid,Abrus precatorius,637542.0,OC(=O)/C=C/c1ccc(cc1)O,PPB3,Carbonic anhydrase VB,,,,DNN(AtomPair),Homo sapiens,0.74,,,91
4-Hydroxycinnamic acid,Abrus precatorius,637542.0,OC(=O)/C=C/c1ccc(cc1)O,PPB3,Carbonic anhydrase I,,,,DNN(AtomPair),Homo sapiens,0.66,,,92
4-Hydroxycinnamic acid,Abrus precatorius,637542.0,OC(=O)/C=C/c1ccc(cc1)O,PPB3,Solute carrier organic anion transporter family member 1B3,,,,DNN(AtomPair),Homo sapiens,0.59,,,93
4-Hydroxycinnamic acid,Abrus precatorius,637542.0,OC(=O)/C=C/c1ccc(cc1)O,PPB3,Solute carrier organic anion transporter family member 1B1,,,,DNN(AtomPair),Homo sapiens,0.55,,,94
4-Hydroxycinnamic acid,Abrus precatorius,637542.0,OC(=O)/C=C/c1ccc(cc1)O,PPB3,Carbonic anhydrase II,,,,DNN(AtomPair),Homo sapiens,0.55,,,95
4-Hydroxycinnamic acid,Abrus precatorius,637542.0,OC(=O)/C=C/c1ccc(cc1)O,PPB3,Tyrosinase,,,,DNN(AtomPair),Homo sapiens,0.49,,,96
4-Hydroxycinnamic acid,Abrus precatorius,637542.0,OC(=O)/C=C/c1ccc(cc1)O,PPB3,Carbonic anhydrase VII,,,,Consensus,Homo sapiens,1.0,,,97
4-Hydroxycinnamic acid,Abrus precatorius,637542.0,OC(=O)/C=C/c1ccc(cc1)O,PPB3,Carbonic anhydrase XIV,,,,Consensus,Homo sapiens,0.99,,,98
4-Hydroxycinnamic acid,Abrus precatorius,637542.0,OC(=O)/C=C/c1ccc(cc1)O,PPB3,Carbonic anhydrase VI,,,,Consensus,Homo sapiens,0.98,,,99
4-Hydroxycinnamic acid,Abrus precatorius,637542.0,OC(=O)/C=C/c1ccc(cc1)O,PPB3,Carbonic anhydrase VA,,,,Consensus,Homo sapiens,0.97,,,100
4-Hydroxycinnamic acid,Abrus precatorius,637542.0,OC(=O)/C=C/c1ccc(cc1)O,PPB3,Carbonic anhydrase XII,,,,Consensus,Homo sapiens,0.96,,,101
4-Hydroxycinnamic acid,Abrus precatorius,637542.0,OC(=O)/C=C/c1ccc(cc1)O,PPB3,Carbonic anhydrase IX,,,,Consensus,Homo sapiens,0.96,,,102
4-Hydroxycinnamic acid,Abrus precatorius,637542.0,OC(=O)/C=C/c1ccc(cc1)O,PPB3,Carbonic anhydrase VB,,,,Consensus,Homo sapiens,0.96,,,103
4-Hydroxycinnamic acid,Abrus precatorius,637542.0,OC(=O)/C=C/c1ccc(cc1)O,PPB3,Carbonic anhydrase II,,,,Consensus,Homo sapiens,0.96,,,104
4-Hydroxycinnamic acid,Abrus precatorius,637542.0,OC(=O)/C=C/c1ccc(cc1)O,PPB3,Carbonic anhydrase IV,,,,Consensus,Homo sapiens,0.94,,,105
4-Hydroxycinnamic acid,Abrus precatorius,637542.0,OC(=O)/C=C/c1ccc(cc1)O,PPB3,Carbonic anhydrase I,,,,Consensus,Homo sapiens,0.93,,,106
4-Hydroxycinnamic acid,Abrus precatorius,637542.0,OC(=O)/C=C/c1ccc(cc1)O,PPB3,Carbonic anhydrase III,,,,Consensus,Homo sapiens,0.91,,,107
4-Hydroxycinnamic acid,Abrus precatorius,637542.0,OC(=O)/C=C/c1ccc(cc1)O,PPB3,Tyrosinase,,,,Consensus,Homo sapiens,0.88,,,108
4-Hydroxycinnamic acid,Abrus precatorius,637542.0,OC(=O)/C=C/c1ccc(cc1)O,PPB3,Solute carrier organic anion transporter family member 1B3,,,,Consensus,Homo sapiens,0.85,,,109
4-Hydroxycinnamic acid,Abrus precatorius,637542.0,OC(=O)/C=C/c1ccc(cc1)O,SEA,CA3,,CAH3_HUMAN,,Carbonic anhydrase 3,CAH3_HUMAN,,1.966e-29,1.00,1
4-Hydroxycinnamic acid,Abrus precatorius,637542.0,OC(=O)/C=C/c1ccc(cc1)O,SEA,CA6,,CAH6_HUMAN,,Carbonic anhydrase 6,CAH6_HUMAN,,4.201e-29,1.00,2
4-Hydroxycinnamic acid,Abrus precatorius,637542.0,OC(=O)/C=C/c1ccc(cc1)O,SEA,CA5B,,CAH5B_HUMAN,,"Carbonic anhydrase 5B, mitochondrial",CAH5B_HUMAN,,5.523e-27,1.00,3
4-Hydroxycinnamic acid,Abrus precatorius,637542.0,OC(=O)/C=C/c1ccc(cc1)O,SEA,CA5A,,CAH5A_HUMAN,,"Carbonic anhydrase 5A, mitochondrial",CAH5A_HUMAN,,2.466e-26,1.00,4
4-Hydroxycinnamic acid,Abrus precatorius,637542.0,OC(=O)/C=C/c1ccc(cc1)O,SEA,CA14,,CAH14_HUMAN,,Carbonic anhydrase 14,CAH14_HUMAN,,7.845e-21,1.00,5
4-Hydroxycinnamic acid,Abrus precatorius,637542.0,OC(=O)/C=C/c1ccc(cc1)O,SEA,CA7,,CAH7_HUMAN,,Carbonic anhydrase 7,CAH7_HUMAN,,9.975e-20,1.00,6
4-Hydroxycinnamic acid,Abrus precatorius,637542.0,OC(=O)/C=C/c1ccc(cc1)O,SEA,AKR1B1,,ALDR_HUMAN,,Aldo-keto reductase family 1 member B1,ALDR_HUMAN,,5.551e-16,1.00,7
4-Hydroxycinnamic acid,Abrus precatorius,637542.0,OC(=O)/C=C/c1ccc(cc1)O,SEA,ESR2,,ESR2_HUMAN,,Estrogen receptor beta,ESR2_HUMAN,,3.537e-13,1.00,8
4-Hydroxycinnamic acid,Abrus precatorius,637542.0,OC(=O)/C=C/c1ccc(cc1)O,SEA,CA4,,CAH4_HUMAN,,Carbonic anhydrase 4,CAH4_HUMAN,,8.212e-10,1.00,9
4-Hydroxycinnamic acid,Abrus precatorius,637542.0,OC(=O)/C=C/c1ccc(cc1)O,SEA,CA9,,CAH9_HUMAN,,Carbonic anhydrase 9,CAH9_HUMAN,,1.039e-07,1.00,10
4-Hydroxycinnamic acid,Abrus precatorius,637542.0,OC(=O)/C=C/c1ccc(cc1)O,SEA,CA12,,CAH12_HUMAN,,Carbonic anhydrase 12,CAH12_HUMAN,,1.16e-07,1.00,11
4-Hydroxycinnamic acid,Abrus precatorius,637542.0,OC(=O)/C=C/c1ccc(cc1)O,SEA,CA1,,CAH1_HUMAN,,Carbonic anhydrase 1,CAH1_HUMAN,,6.912e-07,1.00,12
4-Hydroxycinnamic acid,Abrus precatorius,637542.0,OC(=O)/C=C/c1ccc(cc1)O,SEA,CA2,,CAH2_HUMAN,,Carbonic anhydrase 2,CAH2_HUMAN,,1.311e-05,1.00,13
4-Hydroxycinnamic acid,Abrus precatorius,637542.0,OC(=O)/C=C/c1ccc(cc1)O,SEA,NR0B2,,NR0B2_HUMAN,,Nuclear receptor subfamily 0 group B member 2,NR0B2_HUMAN,,3.76e-67,0.35,14
4-Hydroxycinnamic acid,Abrus precatorius,637542.0,OC(=O)/C=C/c1ccc(cc1)O,SEA,ESR1,,ESR1_HUMAN,,Estrogen receptor,ESR1_HUMAN,,2.657e-62,0.58,15
4-Hydroxycinnamic acid,Abrus precatorius,637542.0,OC(=O)/C=C/c1ccc(cc1)O,SEA,CXCL12,,SDF1_HUMAN,,Stromal cell-derived factor 1,SDF1_HUMAN,,1.069e-58,0.53,16
4-Hydroxycinnamic acid,Abrus precatorius,637542.0,OC(=O)/C=C/c1ccc(cc1)O,SEA,ALDH5A1,,SSDH_HUMAN,,"Succinate-semialdehyde dehydrogenase, mitochondrial",SSDH_HUMAN,,3.987e-46,0.37,17
4-Hydroxycinnamic acid,Abrus precatorius,637542.0,OC(=O)/C=C/c1ccc(cc1)O,SEA,AKR1B10,,AK1BA_HUMAN,,Aldo-keto reductase family 1 member B10,AK1BA_HUMAN,,1.499e-33,0.65,18
4-Hydroxycinnamic acid,Abrus precatorius,637542.0,OC(=O)/C=C/c1ccc(cc1)O,SEA,GPR183,,GP183_HUMAN,,G-protein coupled receptor 183,GP183_HUMAN,,9.245e-32,0.33,19
4-Hydroxycinnamic acid,Abrus precatorius,637542.0,OC(=O)/C=C/c1ccc(cc1)O,SEA,NFKB1,,NFKB1_HUMAN,,Nuclear factor NF-kappa-B p105 subunit,NFKB1_HUMAN,,6.123e-30,0.40,20
4-Hydroxycinnamic acid,Abrus precatorius,637542.0,OC(=O)/C=C/c1ccc(cc1)O,SEA,ABAT,,GABT_HUMAN,,"4-aminobutyrate aminotransferase, mitochondrial",GABT_HUMAN,,1.275e-29,0.37,21
4-Hydroxycinnamic acid,Abrus precatorius,637542.0,OC(=O)/C=C/c1ccc(cc1)O,SEA,MYOC,,MYOC_HUMAN,,Myocilin,MYOC_HUMAN,,2.026e-28,0.35,22
4-Hydroxycinnamic acid,Abrus precatorius,637542.0,OC(=O)/C=C/c1ccc(cc1)O,SEA,RHOA,,RHOA_HUMAN,,Transforming protein RhoA,RHOA_HUMAN,,2.575e-28,0.39,23
4-Hydroxycinnamic acid,Abrus precatorius,637542.0,OC(=O)/C=C/c1ccc(cc1)O,SEA,APP,,A4_HUMAN,,Amyloid-beta precursor protein,A4_HUMAN,,2.907e-25,0.52,24
4-Hydroxycinnamic acid,Abrus precatorius,637542.0,OC(=O)/C=C/c1ccc(cc1)O,SEA,AKR1C3,,AK1C3_HUMAN,,Aldo-keto reductase family 1 member C3,AK1C3_HUMAN,,1.206e-24,0.41,25
4-Hydroxycinnamic acid,Abrus precatorius,637542.0,OC(=O)/C=C/c1ccc(cc1)O,SEA,MMP9,,MMP9_HUMAN,,Matrix metalloproteinase-9,MMP9_HUMAN,,9.903e-22,0.61,26
4-Hydroxycinnamic acid,Abrus precatorius,637542.0,OC(=O)/C=C/c1ccc(cc1)O,SEA,MMP1,,MMP1_HUMAN,,Interstitial collagenase,MMP1_HUMAN,,1.688e-21,0.61,27
4-Hydroxycinnamic acid,Abrus precatorius,637542.0,OC(=O)/C=C/c1ccc(cc1)O,SEA,ABCG2,,ABCG2_HUMAN,,Broad substrate specificity ATP-binding cassette transporter ABCG2,ABCG2_HUMAN,,1.846e-20,0.43,28
4-Hydroxycinnamic acid,Abrus precatorius,637542.0,OC(=O)/C=C/c1ccc(cc1)O,SEA,PAM,,AMD_HUMAN,,Peptidyl-glycine alpha-amidating monooxygenase,AMD_HUMAN,,4.268e-20,0.34,29
4-Hydroxycinnamic acid,Abrus precatorius,637542.0,OC(=O)/C=C/c1ccc(cc1)O,SEA,MIF,,MIF_HUMAN,,Macrophage migration inhibitory factor,MIF_HUMAN,,8.058e-20,0.50,30
4-Hydroxycinnamic acid,Abrus precatorius,637542.0,OC(=O)/C=C/c1ccc(cc1)O,SEA,TTR,,TTHY_HUMAN,,Transthyretin,TTHY_HUMAN,,1.821e-19,0.48,31
4-Hydroxycinnamic acid,Abrus precatorius,637542.0,OC(=O)/C=C/c1ccc(cc1)O,SEA,MAOB,,AOFB_HUMAN,,Amine oxidase [flavin-containing] B,AOFB_HUMAN,,2.724e-19,0.57,32
4-Hydroxycinnamic acid,Abrus precatorius,637542.0,OC(=O)/C=C/c1ccc(cc1)O,SEA,MB,,MYG_HUMAN,,Myoglobin,MYG_HUMAN,,1.882e-17,0.33,33
4-Hydroxycinnamic acid,Abrus precatorius,637542.0,OC(=O)/C=C/c1ccc(cc1)O,SEA,MMP2,,MMP2_HUMAN,,72 kDa type IV collagenase,MMP2_HUMAN,,3.419e-17,0.61,34
4-Hydroxycinnamic acid,Abrus precatorius,637542.0,OC(=O)/C=C/c1ccc(cc1)O,SEA,GLO1,,LGUL_HUMAN,,Lactoylglutathione lyase,LGUL_HUMAN,,4.07e-17,0.42,35
4-Hydroxycinnamic acid,Abrus precatorius,637542.0,OC(=O)/C=C/c1ccc(cc1)O,SEA,ESRRG,,ERR3_HUMAN,,Estrogen-related receptor gamma,ERR3_HUMAN,,3.553e-15,0.32,36
4-Hydroxycinnamic acid,Abrus precatorius,637542.0,OC(=O)/C=C/c1ccc(cc1)O,SEA,CYP1B1,,CP1B1_HUMAN,,Cytochrome P450 1B1,CP1B1_HUMAN,,2.087e-14,0.48,37
4-Hydroxycinnamic acid,Abrus precatorius,637542.0,OC(=O)/C=C/c1ccc(cc1)O,SEA,MAPT,,TAU_HUMAN,,Microtubule-associated protein tau,TAU_HUMAN,,4.043e-13,0.36,38
4-Hydroxycinnamic acid,Abrus precatorius,637542.0,OC(=O)/C=C/c1ccc(cc1)O,SEA,TRPM2,,TRPM2_HUMAN,,Transient receptor potential cation channel subfamily M member 2,TRPM2_HUMAN,,1.608e-12,0.31,39
4-Hydroxycinnamic acid,Abrus precatorius,637542.0,OC(=O)/C=C/c1ccc(cc1)O,SEA,NFE2L2,,NF2L2_HUMAN,,Nuclear factor erythroid 2-related factor 2,NF2L2_HUMAN,,1.625e-12,0.48,40
4-Hydroxycinnamic acid,Abrus precatorius,637542.0,OC(=O)/C=C/c1ccc(cc1)O,SEA,BACE1,,BACE1_HUMAN,,Beta-secretase 1,BACE1_HUMAN,,4.172e-12,0.65,41
4-Hydroxycinnamic acid,Abrus precatorius,637542.0,OC(=O)/C=C/c1ccc(cc1)O,SEA,HDAC8,,HDAC8_HUMAN,,Histone deacetylase 8,HDAC8_HUMAN,,2.397e-11,0.57,42
4-Hydroxycinnamic acid,Abrus precatorius,637542.0,OC(=O)/C=C/c1ccc(cc1)O,SEA,RBBP9,,RBBP9_HUMAN,,Serine hydrolase RBBP9,RBBP9_HUMAN,,2.943e-11,0.30,43
4-Hydroxycinnamic acid,Abrus precatorius,637542.0,OC(=O)/C=C/c1ccc(cc1)O,SEA,HDAC2,,HDAC2_HUMAN,,Histone deacetylase 2,HDAC2_HUMAN,,3.263e-11,0.57,44
4-Hydroxycinnamic acid,Abrus precatorius,637542.0,OC(=O)/C=C/c1ccc(cc1)O,SEA,HDAC11,,HDA11_HUMAN,,Histone deacetylase 11,HDA11_HUMAN,,3.816e-11,0.57,45
4-Hydroxycinnamic acid,Abrus precatorius,637542.0,OC(=O)/C=C/c1ccc(cc1)O,SEA,PTGER3,,PE2R3_HUMAN,,Prostaglandin E2 receptor EP3 subtype,PE2R3_HUMAN,,4.308e-11,0.41,46
4-Hydroxycinnamic acid,Abrus precatorius,637542.0,OC(=O)/C=C/c1ccc(cc1)O,SEA,CISD1,,CISD1_HUMAN,,CDGSH iron-sulfur domain-containing protein 1,CISD1_HUMAN,,1.582e-10,0.42,47
4-Hydroxycinnamic acid,Abrus precatorius,637542.0,OC(=O)/C=C/c1ccc(cc1)O,SEA,HDAC9,,HDAC9_HUMAN,,Histone deacetylase 9,HDAC9_HUMAN,,3.633e-10,0.57,48
4-Hydroxycinnamic acid,Abrus precatorius,637542.0,OC(=O)/C=C/c1ccc(cc1)O,SEA,PTGER2,,PE2R2_HUMAN,,Prostaglandin E2 receptor EP2 subtype,PE2R2_HUMAN,,3.655e-10,0.41,49
4-Hydroxycinnamic acid,Abrus precatorius,637542.0,OC(=O)/C=C/c1ccc(cc1)O,SEA,PTPN11,,PTN11_HUMAN,,Tyrosine-protein phosphatase non-receptor type 11,PTN11_HUMAN,,4.205e-10,0.35,50
4-Hydroxycinnamic acid,Abrus precatorius,637542.0,OC(=O)/C=C/c1ccc(cc1)O,SEA,ODC1,,DCOR_HUMAN,,Ornithine decarboxylase,DCOR_HUMAN,,5.952e-10,0.38,51
4-Hydroxycinnamic acid,Abrus precatorius,637542.0,OC(=O)/C=C/c1ccc(cc1)O,SEA,HSPE1,,CH10_HUMAN,,"10 kDa heat shock protein, mitochondrial",CH10_HUMAN,,6.557e-10,0.33,52
4-Hydroxycinnamic acid,Abrus precatorius,637542.0,OC(=O)/C=C/c1ccc(cc1)O,SEA,HSPD1,,CH60_HUMAN,,"60 kDa heat shock protein, mitochondrial",CH60_HUMAN,,6.557e-10,0.33,53
4-Hydroxycinnamic acid,Abrus precatorius,637542.0,OC(=O)/C=C/c1ccc(cc1)O,SEA,F3,,TF_HUMAN,,Tissue factor,TF_HUMAN,,8.375e-10,0.71,54
4-Hydroxycinnamic acid,Abrus precatorius,637542.0,OC(=O)/C=C/c1ccc(cc1)O,SEA,JUN,,JUN_HUMAN,,Transcription factor AP-1,JUN_HUMAN,,8.83e-10,0.42,55
4-Hydroxycinnamic acid,Abrus precatorius,637542.0,OC(=O)/C=C/c1ccc(cc1)O,SEA,PTGER4,,PE2R4_HUMAN,,Prostaglandin E2 receptor EP4 subtype,PE2R4_HUMAN,,1.383e-09,0.41,56
4-Hydroxycinnamic acid,Abrus precatorius,637542.0,OC(=O)/C=C/c1ccc(cc1)O,SEA,CYP26B1,,CP26B_HUMAN,,Cytochrome P450 26B1,CP26B_HUMAN,,4.641e-09,0.38,57
4-Hydroxycinnamic acid,Abrus precatorius,637542.0,OC(=O)/C=C/c1ccc(cc1)O,SEA,TLR9,,TLR9_HUMAN,,Toll-like receptor 9,TLR9_HUMAN,,6.616e-09,0.65,58
4-Hydroxycinnamic acid,Abrus precatorius,637542.0,OC(=O)/C=C/c1ccc(cc1)O,SEA,TNFRSF1A,,TNR1A_HUMAN,,Tumor necrosis factor receptor superfamily member 1A,TNR1A_HUMAN,,9.494e-09,0.32,59
4-Hydroxycinnamic acid,Abrus precatorius,637542.0,OC(=O)/C=C/c1ccc(cc1)O,SEA,SLC37A4,,G6PT1_HUMAN,,Glucose-6-phosphate exchanger SLC37A4,G6PT1_HUMAN,,9.882e-09,0.29,60
4-Hydroxycinnamic acid,Abrus precatorius,637542.0,OC(=O)/C=C/c1ccc(cc1)O,SEA,HDAC5,,HDAC5_HUMAN,,Histone deacetylase 5,HDAC5_HUMAN,,1.558e-08,0.32,61
4-Hydroxycinnamic acid,Abrus precatorius,637542.0,OC(=O)/C=C/c1ccc(cc1)O,SEA,NQO2,,NQO2_HUMAN,,Ribosyldihydronicotinamide dehydrogenase [quinone],NQO2_HUMAN,,1.84e-08,0.48,62
4-Hydroxycinnamic acid,Abrus precatorius,637542.0,OC(=O)/C=C/c1ccc(cc1)O,SEA,AKR1C4,,AK1C4_HUMAN,,Aldo-keto reductase family 1 member C4,AK1C4_HUMAN,,2.009e-08,0.35,63
4-Hydroxycinnamic acid,Abrus precatorius,637542.0,OC(=O)/C=C/c1ccc(cc1)O,SEA,CA13,,CAH13_HUMAN,,Carbonic anhydrase 13,CAH13_HUMAN,,3.864e-08,0.48,64
4-Hydroxycinnamic acid,Abrus precatorius,637542.0,OC(=O)/C=C/c1ccc(cc1)O,SEA,HDAC10,,HDA10_HUMAN,,Polyamine deacetylase HDAC10,HDA10_HUMAN,,4.043e-08,0.37,65
4-Hydroxycinnamic acid,Abrus precatorius,637542.0,OC(=O)/C=C/c1ccc(cc1)O,SEA,G6PC,,G6PC_HUMAN,,Glucose-6-phosphatase,G6PC_HUMAN,,4.778e-08,0.32,66
4-Hydroxycinnamic acid,Abrus precatorius,637542.0,OC(=O)/C=C/c1ccc(cc1)O,SEA,CTBP2,,CTBP2_HUMAN,,C-terminal-binding protein 2,CTBP2_HUMAN,,5.175e-08,0.31,67
4-Hydroxycinnamic acid,Abrus precatorius,637542.0,OC(=O)/C=C/c1ccc(cc1)O,SEA,MAOA,,AOFA_HUMAN,,Amine oxidase [flavin-containing] A,AOFA_HUMAN,,5.772e-08,0.48,68
4-Hydroxycinnamic acid,Abrus precatorius,637542.0,OC(=O)/C=C/c1ccc(cc1)O,SEA,FOS,,FOS_HUMAN,,Proto-oncogene c-Fos,FOS_HUMAN,,6.254e-08,0.42,69
4-Hydroxycinnamic acid,Abrus precatorius,637542.0,OC(=O)/C=C/c1ccc(cc1)O,SEA,HCAR2,,HCAR2_HUMAN,,Hydroxycarboxylic acid receptor 2,HCAR2_HUMAN,,1.152e-07,0.67,70
4-Hydroxycinnamic acid,Abrus precatorius,637542.0,OC(=O)/C=C/c1ccc(cc1)O,SEA,HDAC1,,HDAC1_HUMAN,,Histone deacetylase 1,HDAC1_HUMAN,,1.191e-07,0.57,71
4-Hydroxycinnamic acid,Abrus precatorius,637542.0,OC(=O)/C=C/c1ccc(cc1)O,SEA,LPAR2,,LPAR2_HUMAN,,Lysophosphatidic acid receptor 2,LPAR2_HUMAN,,1.923e-07,0.32,72
4-Hydroxycinnamic acid,Abrus precatorius,637542.0,OC(=O)/C=C/c1ccc(cc1)O,SEA,GNB1,,GBB1_HUMAN,,Guanine nucleotide-binding protein G(I)/G(S)/G(T) subunit beta-1,GBB1_HUMAN,,3.814e-07,0.30,73
4-Hydroxycinnamic acid,Abrus precatorius,637542.0,OC(=O)/C=C/c1ccc(cc1)O,SEA,GNG2,,GBG2_HUMAN,,Guanine nucleotide-binding protein G(I)/G(S)/G(O) subunit gamma-2,GBG2_HUMAN,,3.814e-07,0.30,74
4-Hydroxycinnamic acid,Abrus precatorius,637542.0,OC(=O)/C=C/c1ccc(cc1)O,SEA,HDAC7,,HDAC7_HUMAN,,Histone deacetylase 7,HDAC7_HUMAN,,9.555e-07,0.30,75
4-Hydroxycinnamic acid,Abrus precatorius,637542.0,OC(=O)/C=C/c1ccc(cc1)O,SEA,SLC12A2,,S12A2_HUMAN,,Solute carrier family 12 member 2,S12A2_HUMAN,,1.092e-06,0.28,76
4-Hydroxycinnamic acid,Abrus precatorius,637542.0,OC(=O)/C=C/c1ccc(cc1)O,SEA,HDAC4,,HDAC4_HUMAN,,Histone deacetylase 4,HDAC4_HUMAN,,1.395e-06,0.34,77
4-Hydroxycinnamic acid,Abrus precatorius,637542.0,OC(=O)/C=C/c1ccc(cc1)O,SEA,EP300,,EP300_HUMAN,,Histone acetyltransferase p300,EP300_HUMAN,,1.993e-06,0.33,78
4-Hydroxycinnamic acid,Abrus precatorius,637542.0,OC(=O)/C=C/c1ccc(cc1)O,SEA,RARB,,RARB_HUMAN,,Retinoic acid receptor beta,RARB_HUMAN,,3.06e-06,0.44,79
4-Hydroxycinnamic acid,Abrus precatorius,637542.0,OC(=O)/C=C/c1ccc(cc1)O,SEA,HSPA1A,,HS71A_HUMAN,,Heat shock 70 kDa protein 1A,HS71A_HUMAN,,3.285e-06,0.30,80
4-Hydroxycinnamic acid,Abrus precatorius,637542.0,OC(=O)/C=C/c1ccc(cc1)O,SEA,TUBB1,,TBB1_HUMAN,,Tubulin beta-1 chain,TBB1_HUMAN,,4.321e-06,0.29,81
4-Hydroxycinnamic acid,Abrus precatorius,637542.0,OC(=O)/C=C/c1ccc(cc1)O,SEA,IKBKG,,NEMO_HUMAN,,NF-kappa-B essential modulator,NEMO_HUMAN,,6.235e-06,0.29,82
4-Hydroxycinnamic acid,Abrus precatorius,637542.0,OC(=O)/C=C/c1ccc(cc1)O,SEA,STAT1,,STAT1_HUMAN,,Signal transducer and activator of transcription 1-alpha/beta,STAT1_HUMAN,,8.923e-06,0.30,83
4-Hydroxycinnamic acid,Abrus precatorius,637542.0,OC(=O)/C=C/c1ccc(cc1)O,SwissTargetPrediction,Aldose reductase,AKR1B1,P15121,CHEMBL1900,Enzyme,P15121,1.0,,,1
4-Hydroxycinnamic acid,Abrus precatorius,637542.0,OC(=O)/C=C/c1ccc(cc1)O,SwissTargetPrediction,Carbonic anhydrase II,CA2,P00918,CHEMBL205,Lyase,P00918,1.0,,,2
4-Hydroxycinnamic acid,Abrus precatorius,637542.0,OC(=O)/C=C/c1ccc(cc1)O,SwissTargetPrediction,Carbonic anhydrase VII,CA7,P43166,CHEMBL2326,Lyase,P43166,1.0,,,3
4-Hydroxycinnamic acid,Abrus precatorius,637542.0,OC(=O)/C=C/c1ccc(cc1)O,SwissTargetPrediction,Estrogen receptor beta,ESR2,Q92731,CHEMBL242,Nuclear receptor,Q92731,1.0,,,4
4-Hydroxycinnamic acid,Abrus precatorius,637542.0,OC(=O)/C=C/c1ccc(cc1)O,SwissTargetPrediction,Carbonic anhydrase I,CA1,P00915,CHEMBL261,Lyase,P00915,1.0,,,5
4-Hydroxycinnamic acid,Abrus precatorius,637542.0,OC(=O)/C=C/c1ccc(cc1)O,SwissTargetPrediction,Carbonic anhydrase III,CA3,P07451,CHEMBL2885,Lyase,P07451,1.0,,,6
4-Hydroxycinnamic acid,Abrus precatorius,637542.0,OC(=O)/C=C/c1ccc(cc1)O,SwissTargetPrediction,Carbonic anhydrase VI,CA6,P23280,CHEMBL3025,Lyase,P23280,1.0,,,7
4-Hydroxycinnamic acid,Abrus precatorius,637542.0,OC(=O)/C=C/c1ccc(cc1)O,SwissTargetPrediction,Carbonic anhydrase XII,CA12,O43570,CHEMBL3242,Lyase,O43570,1.0,,,8
4-Hydroxycinnamic acid,Abrus precatorius,637542.0,OC(=O)/C=C/c1ccc(cc1)O,SwissTargetPrediction,Carbonic anhydrase XIV,CA14,Q9ULX7,CHEMBL3510,Lyase,Q9ULX7,1.0,,,9
4-Hydroxycinnamic acid,Abrus precatorius,637542.0,OC(=O)/C=C/c1ccc(cc1)O,SwissTargetPrediction,Carbonic anhydrase IX,CA9,Q16790,CHEMBL3594,Lyase,Q16790,1.0,,,10
4-Hydroxycinnamic acid,Abrus precatorius,637542.0,OC(=O)/C=C/c1ccc(cc1)O,SwissTargetPrediction,Carbonic anhydrase IV,CA4,P22748,CHEMBL3729,Lyase,P22748,1.0,,,11
4-Hydroxycinnamic acid,Abrus precatorius,637542.0,OC(=O)/C=C/c1ccc(cc1)O,SwissTargetPrediction,Carbonic anhydrase VB,CA5B,Q9Y2D0,CHEMBL3969,Lyase,Q9Y2D0,1.0,,,12
4-Hydroxycinnamic acid,Abrus precatorius,637542.0,OC(=O)/C=C/c1ccc(cc1)O,SwissTargetPrediction,Carbonic anhydrase VA,CA5A,P35218,CHEMBL4789,Lyase,P35218,1.0,,,13
4-Hydroxycinnamic acid,Abrus precatorius,637542.0,OC(=O)/C=C/c1ccc(cc1)O,SwissTargetPrediction,Macrophage migration inhibitory factor,MIF,P14174,CHEMBL2085,Enzyme,P14174,0.258510080397,,,14
4-Hydroxycinnamic acid,Abrus precatorius,637542.0,OC(=O)/C=C/c1ccc(cc1)O,SwissTargetPrediction,Arachidonate 5-lipoxygenase,ALOX5,P09917,CHEMBL215,Oxidoreductase,P09917,0.208479014792,,,15
ABRUQUINONE-A,Abrus precatorius,172847.0,COC1=C(C=C2C(=C1)CC(CO2)C3=CC(=O)C(=C(C3=O)OC)OC)OC,PPB3,Arachidonate 5-lipoxygenase,,,,DNN(ECFP4+MHFP6),Homo sapiens,0.15,,,1
ABRUQUINONE-A,Abrus precatorius,172847.0,COC1=C(C=C2C(=C1)CC(CO2)C3=CC(=O)C(=C(C3=O)OC)OC)OC,PPB3,LNCaP,,,,DNN(ECFP4+MHFP6),Homo sapiens,0.09,,,2
ABRUQUINONE-A,Abrus precatorius,172847.0,COC1=C(C=C2C(=C1)CC(CO2)C3=CC(=O)C(=C(C3=O)OC)OC)OC,PPB3,Solute carrier organic anion transporter family member 1B1,,,,DNN(ECFP4+MHFP6),Homo sapiens,0.09,,,3
ABRUQUINONE-A,Abrus precatorius,172847.0,COC1=C(C=C2C(=C1)CC(CO2)C3=CC(=O)C(=C(C3=O)OC)OC)OC,PPB3,Solute carrier organic anion transporter family member 1B3,,,,DNN(ECFP4+MHFP6),Homo sapiens,0.08,,,4
ABRUQUINONE-A,Abrus precatorius,172847.0,COC1=C(C=C2C(=C1)CC(CO2)C3=CC(=O)C(=C(C3=O)OC)OC)OC,PPB3,Prostaglandin E synthase,,,,DNN(ECFP4+MHFP6),Homo sapiens,0.07,,,5
ABRUQUINONE-A,Abrus precatorius,172847.0,COC1=C(C=C2C(=C1)CC(CO2)C3=CC(=O)C(=C(C3=O)OC)OC)OC,PPB3,SH-SY5Y,,,,DNN(ECFP4+MHFP6),Homo sapiens,0.05,,,6
ABRUQUINONE-A,Abrus precatorius,172847.0,COC1=C(C=C2C(=C1)CC(CO2)C3=CC(=O)C(=C(C3=O)OC)OC)OC,PPB3,Arachidonate 12-lipoxygenase,,,,DNN(ECFP4+MHFP6),Homo sapiens,0.05,,,7
ABRUQUINONE-A,Abrus precatorius,172847.0,COC1=C(C=C2C(=C1)CC(CO2)C3=CC(=O)C(=C(C3=O)OC)OC)OC,PPB3,Cytochrome P450 3A4,,,,DNN(ECFP4+MHFP6),Homo sapiens,0.04,,,8
ABRUQUINONE-A,Abrus precatorius,172847.0,COC1=C(C=C2C(=C1)CC(CO2)C3=CC(=O)C(=C(C3=O)OC)OC)OC,PPB3,DLD-1,,,,DNN(ECFP4+MHFP6),Homo sapiens,0.01,,,9
ABRUQUINONE-A,Abrus precatorius,172847.0,COC1=C(C=C2C(=C1)CC(CO2)C3=CC(=O)C(=C(C3=O)OC)OC)OC,PPB3,MCF7,,,,DNN(ECFP4+MHFP6),Homo sapiens,0.01,,,10
ABRUQUINONE-A,Abrus precatorius,172847.0,COC1=C(C=C2C(=C1)CC(CO2)C3=CC(=O)C(=C(C3=O)OC)OC)OC,PPB3,MIA PaCa-2,,,,DNN(ECFP4+MHFP6),Homo sapiens,0.01,,,11
ABRUQUINONE-A,Abrus precatorius,172847.0,COC1=C(C=C2C(=C1)CC(CO2)C3=CC(=O)C(=C(C3=O)OC)OC)OC,PPB3,Arachidonate 15-lipoxygenase,,,,DNN(ECFP4),Homo sapiens,0.08,,,12
ABRUQUINONE-A,Abrus precatorius,172847.0,COC1=C(C=C2C(=C1)CC(CO2)C3=CC(=O)C(=C(C3=O)OC)OC)OC,PPB3,Glyceraldehyde-3-phosphate dehydrogenase liver,,,,DNN(ECFP4),Homo sapiens,0.04,,,13
ABRUQUINONE-A,Abrus precatorius,172847.0,COC1=C(C=C2C(=C1)CC(CO2)C3=CC(=O)C(=C(C3=O)OC)OC)OC,PPB3,CEM-SS,,,,DNN(ECFP4),Homo sapiens,0.01,,,14
ABRUQUINONE-A,Abrus precatorius,172847.0,COC1=C(C=C2C(=C1)CC(CO2)C3=CC(=O)C(=C(C3=O)OC)OC)OC,PPB3,Arachidonate 12-lipoxygenase,,,,DNN(ECFP4),Homo sapiens,0.01,,,15
ABRUQUINONE-A,Abrus precatorius,172847.0,COC1=C(C=C2C(=C1)CC(CO2)C3=CC(=O)C(=C(C3=O)OC)OC)OC,PPB3,Estrogen receptor beta,,,,DNN(ECFP4),Homo sapiens,0.0,,,16
ABRUQUINONE-A,Abrus precatorius,172847.0,COC1=C(C=C2C(=C1)CC(CO2)C3=CC(=O)C(=C(C3=O)OC)OC)OC,PPB3,Quinone reductase 1,,,,DNN(ECFP4),Homo sapiens,0.0,,,17
ABRUQUINONE-A,Abrus precatorius,172847.0,COC1=C(C=C2C(=C1)CC(CO2)C3=CC(=O)C(=C(C3=O)OC)OC)OC,PPB3,Histone deacetylase 1,,,,DNN(ECFP4),Homo sapiens,0.0,,,18
ABRUQUINONE-A,Abrus precatorius,172847.0,COC1=C(C=C2C(=C1)CC(CO2)C3=CC(=O)C(=C(C3=O)OC)OC)OC,PPB3,HL-60,,,,DNN(RDKit),Homo sapiens,0.07,,,19
ABRUQUINONE-A,Abrus precatorius,172847.0,COC1=C(C=C2C(=C1)CC(CO2)C3=CC(=O)C(=C(C3=O)OC)OC)OC,PPB3,HepG2,,,,DNN(RDKit),Homo sapiens,0.05,,,20
ABRUQUINONE-A,Abrus precatorius,172847.0,COC1=C(C=C2C(=C1)CC(CO2)C3=CC(=O)C(=C(C3=O)OC)OC)OC,PPB3,A549,,,,DNN(RDKit),Homo sapiens,0.02,,,21
ABRUQUINONE-A,Abrus precatorius,172847.0,COC1=C(C=C2C(=C1)CC(CO2)C3=CC(=O)C(=C(C3=O)OC)OC)OC,PPB3,Acetylcholinesterase,,,,DNN(RDKit),Homo sapiens,0.02,,,22
ABRUQUINONE-A,Abrus precatorius,172847.0,COC1=C(C=C2C(=C1)CC(CO2)C3=CC(=O)C(=C(C3=O)OC)OC)OC,PPB3,MCF7,,,,DNN(RDKit),Homo sapiens,0.01,,,23
ABRUQUINONE-A,Abrus precatorius,172847.0,COC1=C(C=C2C(=C1)CC(CO2)C3=CC(=O)C(=C(C3=O)OC)OC)OC,PPB3,Estrogen receptor alpha,,,,DNN(RDKit),Homo sapiens,0.01,,,24
ABRUQUINONE-A,Abrus precatorius,172847.0,COC1=C(C=C2C(=C1)CC(CO2)C3=CC(=O)C(=C(C3=O)OC)OC)OC,PPB3,NB-4,,,,DNN(RDKit),Homo sapiens,0.01,,,25
ABRUQUINONE-A,Abrus precatorius,172847.0,COC1=C(C=C2C(=C1)CC(CO2)C3=CC(=O)C(=C(C3=O)OC)OC)OC,PPB3,HUVEC,,,,DNN(RDKit),Homo sapiens,0.01,,,26
ABRUQUINONE-A,Abrus precatorius,172847.0,COC1=C(C=C2C(=C1)CC(CO2)C3=CC(=O)C(=C(C3=O)OC)OC)OC,PPB3,Raji,,,,DNN(RDKit),Homo sapiens,0.01,,,27
ABRUQUINONE-A,Abrus precatorius,172847.0,COC1=C(C=C2C(=C1)CC(CO2)C3=CC(=O)C(=C(C3=O)OC)OC)OC,PPB3,HCT-116,,,,DNN(RDKit),Homo sapiens,0.01,,,28
ABRUQUINONE-A,Abrus precatorius,172847.0,COC1=C(C=C2C(=C1)CC(CO2)C3=CC(=O)C(=C(C3=O)OC)OC)OC,PPB3,Arachidonate 5-lipoxygenase,,,,DNN(RDKit),Homo sapiens,0.01,,,29
ABRUQUINONE-A,Abrus precatorius,172847.0,COC1=C(C=C2C(=C1)CC(CO2)C3=CC(=O)C(=C(C3=O)OC)OC)OC,PPB3,A549,,,,DNN(Layered),Homo sapiens,0.08,,,30
ABRUQUINONE-A,Abrus precatorius,172847.0,COC1=C(C=C2C(=C1)CC(CO2)C3=CC(=O)C(=C(C3=O)OC)OC)OC,PPB3,K562,,,,DNN(Layered),Homo sapiens,0.04,,,31
ABRUQUINONE-A,Abrus precatorius,172847.0,COC1=C(C=C2C(=C1)CC(CO2)C3=CC(=O)C(=C(C3=O)OC)OC)OC,PPB3,HCT-116,,,,DNN(Layered),Homo sapiens,0.04,,,32
ABRUQUINONE-A,Abrus precatorius,172847.0,COC1=C(C=C2C(=C1)CC(CO2)C3=CC(=O)C(=C(C3=O)OC)OC)OC,PPB3,HeLa,,,,DNN(Layered),Homo sapiens,0.03,,,33
ABRUQUINONE-A,Abrus precatorius,172847.0,COC1=C(C=C2C(=C1)CC(CO2)C3=CC(=O)C(=C(C3=O)OC)OC)OC,PPB3,PC-3,,,,DNN(Layered),Homo sapiens,0.03,,,34
ABRUQUINONE-A,Abrus precatorius,172847.0,COC1=C(C=C2C(=C1)CC(CO2)C3=CC(=O)C(=C(C3=O)OC)OC)OC,PPB3,KB,,,,DNN(Layered),Homo sapiens,0.03,,,35
ABRUQUINONE-A,Abrus precatorius,172847.0,COC1=C(C=C2C(=C1)CC(CO2)C3=CC(=O)C(=C(C3=O)OC)OC)OC,PPB3,MCF7,,,,DNN(Layered),Homo sapiens,0.03,,,36
ABRUQUINONE-A,Abrus precatorius,172847.0,COC1=C(C=C2C(=C1)CC(CO2)C3=CC(=O)C(=C(C3=O)OC)OC)OC,PPB3,NCI-H460,,,,DNN(Layered),Homo sapiens,0.03,,,37
ABRUQUINONE-A,Abrus precatorius,172847.0,COC1=C(C=C2C(=C1)CC(CO2)C3=CC(=O)C(=C(C3=O)OC)OC)OC,PPB3,P-glycoprotein 1,,,,DNN(Layered),Homo sapiens,0.02,,,38
ABRUQUINONE-A,Abrus precatorius,172847.0,COC1=C(C=C2C(=C1)CC(CO2)C3=CC(=O)C(=C(C3=O)OC)OC)OC,PPB3,MDA-MB-231,,,,DNN(Layered),Homo sapiens,0.02,,,39
ABRUQUINONE-A,Abrus precatorius,172847.0,COC1=C(C=C2C(=C1)CC(CO2)C3=CC(=O)C(=C(C3=O)OC)OC)OC,PPB3,HepG2,,,,DNN(Layered),Homo sapiens,0.02,,,40
ABRUQUINONE-A,Abrus precatorius,172847.0,COC1=C(C=C2C(=C1)CC(CO2)C3=CC(=O)C(=C(C3=O)OC)OC)OC,PPB3,HaCaT,,,,DNN(Layered),Homo sapiens,0.02,,,41
ABRUQUINONE-A,Abrus precatorius,172847.0,COC1=C(C=C2C(=C1)CC(CO2)C3=CC(=O)C(=C(C3=O)OC)OC)OC,PPB3,HL-60,,,,DNN(Layered),Homo sapiens,0.02,,,42
ABRUQUINONE-A,Abrus precatorius,172847.0,COC1=C(C=C2C(=C1)CC(CO2)C3=CC(=O)C(=C(C3=O)OC)OC)OC,PPB3,Cannabinoid CB2 receptor,,,,DNN(MHFP6),Homo sapiens,0.35,,,43
ABRUQUINONE-A,Abrus precatorius,172847.0,COC1=C(C=C2C(=C1)CC(CO2)C3=CC(=O)C(=C(C3=O)OC)OC)OC,PPB3,Arachidonate 5-lipoxygenase,,,,DNN(MHFP6),Homo sapiens,0.06,,,44
ABRUQUINONE-A,Abrus precatorius,172847.0,COC1=C(C=C2C(=C1)CC(CO2)C3=CC(=O)C(=C(C3=O)OC)OC)OC,PPB3,HeLa,,,,DNN(MHFP6),Homo sapiens,0.03,,,45
ABRUQUINONE-A,Abrus precatorius,172847.0,COC1=C(C=C2C(=C1)CC(CO2)C3=CC(=O)C(=C(C3=O)OC)OC)OC,PPB3,Butyrylcholinesterase,,,,DNN(MHFP6),Homo sapiens,0.01,,,46
ABRUQUINONE-A,Abrus precatorius,172847.0,COC1=C(C=C2C(=C1)CC(CO2)C3=CC(=O)C(=C(C3=O)OC)OC)OC,PPB3,MCF7,,,,DNN(MHFP6),Homo sapiens,0.01,,,47
ABRUQUINONE-A,Abrus precatorius,172847.0,COC1=C(C=C2C(=C1)CC(CO2)C3=CC(=O)C(=C(C3=O)OC)OC)OC,PPB3,A549,,,,DNN(MHFP6),Homo sapiens,0.01,,,48
ABRUQUINONE-A,Abrus precatorius,172847.0,COC1=C(C=C2C(=C1)CC(CO2)C3=CC(=O)C(=C(C3=O)OC)OC)OC,PPB3,HepG2,,,,DNN(MHFP6),Homo sapiens,0.01,,,49
ABRUQUINONE-A,Abrus precatorius,172847.0,COC1=C(C=C2C(=C1)CC(CO2)C3=CC(=O)C(=C(C3=O)OC)OC)OC,PPB3,N9,,,,DNN(MHFP6),Homo sapiens,0.01,,,50
ABRUQUINONE-A,Abrus precatorius,172847.0,COC1=C(C=C2C(=C1)CC(CO2)C3=CC(=O)C(=C(C3=O)OC)OC)OC,PPB3,KB,,,,DNN(MHFP6),Homo sapiens,0.0,,,51
ABRUQUINONE-A,Abrus precatorius,172847.0,COC1=C(C=C2C(=C1)CC(CO2)C3=CC(=O)C(=C(C3=O)OC)OC)OC,PPB3,MDA-MB-231,,,,DNN(MHFP6),Homo sapiens,0.0,,,52
ABRUQUINONE-A,Abrus precatorius,172847.0,COC1=C(C=C2C(=C1)CC(CO2)C3=CC(=O)C(=C(C3=O)OC)OC)OC,PPB3,K562,,,,DNN(MHFP6),Homo sapiens,0.0,,,53
ABRUQUINONE-A,Abrus precatorius,172847.0,COC1=C(C=C2C(=C1)CC(CO2)C3=CC(=O)C(=C(C3=O)OC)OC)OC,PPB3,U-251,,,,DNN(MHFP6),Homo sapiens,0.0,,,54
ABRUQUINONE-A,Abrus precatorius,172847.0,COC1=C(C=C2C(=C1)CC(CO2)C3=CC(=O)C(=C(C3=O)OC)OC)OC,PPB3,SH-SY5Y,,,,DNN(MHFP6),Homo sapiens,0.0,,,55
ABRUQUINONE-A,Abrus precatorius,172847.0,COC1=C(C=C2C(=C1)CC(CO2)C3=CC(=O)C(=C(C3=O)OC)OC)OC,PPB3,HaCaT,,,,DNN(MHFP6),Homo sapiens,0.0,,,56
ABRUQUINONE-A,Abrus precatorius,172847.0,COC1=C(C=C2C(=C1)CC(CO2)C3=CC(=O)C(=C(C3=O)OC)OC)OC,PPB3,T47D,,,,DNN(MHFP6),Homo sapiens,0.0,,,57
ABRUQUINONE-A,Abrus precatorius,172847.0,COC1=C(C=C2C(=C1)CC(CO2)C3=CC(=O)C(=C(C3=O)OC)OC)OC,PPB3,Epoxide hydratase,,,,DNN(MHFP6),Homo sapiens,0.0,,,58
ABRUQUINONE-A,Abrus precatorius,172847.0,COC1=C(C=C2C(=C1)CC(CO2)C3=CC(=O)C(=C(C3=O)OC)OC)OC,PPB3,HT-29,,,,DNN(ECFP6),Homo sapiens,0.02,,,59
ABRUQUINONE-A,Abrus precatorius,172847.0,COC1=C(C=C2C(=C1)CC(CO2)C3=CC(=O)C(=C(C3=O)OC)OC)OC,PPB3,MCF7,,,,DNN(ECFP6),Homo sapiens,0.02,,,60
ABRUQUINONE-A,Abrus precatorius,172847.0,COC1=C(C=C2C(=C1)CC(CO2)C3=CC(=O)C(=C(C3=O)OC)OC)OC,PPB3,HeLa,,,,DNN(ECFP6),Homo sapiens,0.02,,,61
ABRUQUINONE-A,Abrus precatorius,172847.0,COC1=C(C=C2C(=C1)CC(CO2)C3=CC(=O)C(=C(C3=O)OC)OC)OC,PPB3,Cytochrome P450 19A1,,,,DNN(ECFP6),Homo sapiens,0.01,,,62
ABRUQUINONE-A,Abrus precatorius,172847.0,COC1=C(C=C2C(=C1)CC(CO2)C3=CC(=O)C(=C(C3=O)OC)OC)OC,PPB3,ATP-dependent DNA helicase Q1,,,,DNN(ECFP6),Homo sapiens,0.01,,,63
ABRUQUINONE-A,Abrus precatorius,172847.0,COC1=C(C=C2C(=C1)CC(CO2)C3=CC(=O)C(=C(C3=O)OC)OC)OC,PPB3,SW480,,,,DNN(ECFP6),Homo sapiens,0.0,,,64
ABRUQUINONE-A,Abrus precatorius,172847.0,COC1=C(C=C2C(=C1)CC(CO2)C3=CC(=O)C(=C(C3=O)OC)OC)OC,PPB3,15-hydroxyprostaglandin dehydrogenase [NAD+],,,,DNN(ECFP6),Homo sapiens,0.0,,,65
ABRUQUINONE-A,Abrus precatorius,172847.0,COC1=C(C=C2C(=C1)CC(CO2)C3=CC(=O)C(=C(C3=O)OC)OC)OC,PPB3,A549,,,,DNN(ECFP6),Homo sapiens,0.0,,,66
ABRUQUINONE-A,Abrus precatorius,172847.0,COC1=C(C=C2C(=C1)CC(CO2)C3=CC(=O)C(=C(C3=O)OC)OC)OC,PPB3,Ectonucleotide pyrophosphatase/phosphodiesterase family member 1,,,,DNN(ECFP6),Homo sapiens,0.0,,,67
ABRUQUINONE-A,Abrus precatorius,172847.0,COC1=C(C=C2C(=C1)CC(CO2)C3=CC(=O)C(=C(C3=O)OC)OC)OC,PPB3,Panel NCI-60 (60 carcinoma cell lines),,,,DNN(ECFP6),Homo sapiens,0.0,,,68
ABRUQUINONE-A,Abrus precatorius,172847.0,COC1=C(C=C2C(=C1)CC(CO2)C3=CC(=O)C(=C(C3=O)OC)OC)OC,PPB3,Tyrosyl-DNA phosphodiesterase 1,,,,DNN(ECFP6),Homo sapiens,0.0,,,69
ABRUQUINONE-A,Abrus precatorius,172847.0,COC1=C(C=C2C(=C1)CC(CO2)C3=CC(=O)C(=C(C3=O)OC)OC)OC,PPB3,Microtubule-associated protein tau,,,,DNN(ECFP6),Homo sapiens,0.0,,,70
ABRUQUINONE-A,Abrus precatorius,172847.0,COC1=C(C=C2C(=C1)CC(CO2)C3=CC(=O)C(=C(C3=O)OC)OC)OC,PPB3,Epidermal growth factor receptor erbB1,,,,DNN(ECFP6),Homo sapiens,0.0,,,71
ABRUQUINONE-A,Abrus precatorius,172847.0,COC1=C(C=C2C(=C1)CC(CO2)C3=CC(=O)C(=C(C3=O)OC)OC)OC,PPB3,Jurkat,,,,DNN(ECFP6),Homo sapiens,0.0,,,72
ABRUQUINONE-A,Abrus precatorius,172847.0,COC1=C(C=C2C(=C1)CC(CO2)C3=CC(=O)C(=C(C3=O)OC)OC)OC,PPB3,Solute carrier organic anion transporter family member 1B1,,,,DNN(AtomPair),Homo sapiens,0.14,,,73
ABRUQUINONE-A,Abrus precatorius,172847.0,COC1=C(C=C2C(=C1)CC(CO2)C3=CC(=O)C(=C(C3=O)OC)OC)OC,PPB3,Solute carrier organic anion transporter family member 1B3,,,,DNN(AtomPair),Homo sapiens,0.14,,,74
ABRUQUINONE-A,Abrus precatorius,172847.0,COC1=C(C=C2C(=C1)CC(CO2)C3=CC(=O)C(=C(C3=O)OC)OC)OC,PPB3,Cytochrome P450 1A2,,,,DNN(AtomPair),Homo sapiens,0.11,,,75
ABRUQUINONE-A,Abrus precatorius,172847.0,COC1=C(C=C2C(=C1)CC(CO2)C3=CC(=O)C(=C(C3=O)OC)OC)OC,PPB3,HL-60,,,,DNN(AtomPair),Homo sapiens,0.06,,,76
ABRUQUINONE-A,Abrus precatorius,172847.0,COC1=C(C=C2C(=C1)CC(CO2)C3=CC(=O)C(=C(C3=O)OC)OC)OC,PPB3,KB,,,,DNN(AtomPair),Homo sapiens,0.05,,,77
ABRUQUINONE-A,Abrus precatorius,172847.0,COC1=C(C=C2C(=C1)CC(CO2)C3=CC(=O)C(=C(C3=O)OC)OC)OC,PPB3,HT-29,,,,DNN(AtomPair),Homo sapiens,0.05,,,78
ABRUQUINONE-A,Abrus precatorius,172847.0,COC1=C(C=C2C(=C1)CC(CO2)C3=CC(=O)C(=C(C3=O)OC)OC)OC,PPB3,K562,,,,DNN(AtomPair),Homo sapiens,0.04,,,79
ABRUQUINONE-A,Abrus precatorius,172847.0,COC1=C(C=C2C(=C1)CC(CO2)C3=CC(=O)C(=C(C3=O)OC)OC)OC,PPB3,HepG2,,,,DNN(AtomPair),Homo sapiens,0.04,,,80
ABRUQUINONE-A,Abrus precatorius,172847.0,COC1=C(C=C2C(=C1)CC(CO2)C3=CC(=O)C(=C(C3=O)OC)OC)OC,PPB3,Cytochrome P450 19A1,,,,DNN(AtomPair),Homo sapiens,0.03,,,81
ABRUQUINONE-A,Abrus precatorius,172847.0,COC1=C(C=C2C(=C1)CC(CO2)C3=CC(=O)C(=C(C3=O)OC)OC)OC,PPB3,MDA-MB-231,,,,DNN(AtomPair),Homo sapiens,0.03,,,82
ABRUQUINONE-A,Abrus precatorius,172847.0,COC1=C(C=C2C(=C1)CC(CO2)C3=CC(=O)C(=C(C3=O)OC)OC)OC,PPB3,Cytochrome P450 1A1,,,,DNN(AtomPair),Homo sapiens,0.03,,,83
ABRUQUINONE-A,Abrus precatorius,172847.0,COC1=C(C=C2C(=C1)CC(CO2)C3=CC(=O)C(=C(C3=O)OC)OC)OC,PPB3,Survival motor neuron protein,,,,DNN(AtomPair),Homo sapiens,0.03,,,84
ABRUQUINONE-A,Abrus precatorius,172847.0,COC1=C(C=C2C(=C1)CC(CO2)C3=CC(=O)C(=C(C3=O)OC)OC)OC,PPB3,NCI-H460,,,,DNN(AtomPair),Homo sapiens,0.03,,,85
ABRUQUINONE-A,Abrus precatorius,172847.0,COC1=C(C=C2C(=C1)CC(CO2)C3=CC(=O)C(=C(C3=O)OC)OC)OC,PPB3,Cannabinoid CB2 receptor,,,,Consensus,Homo sapiens,0.35,,,86
ABRUQUINONE-A,Abrus precatorius,172847.0,COC1=C(C=C2C(=C1)CC(CO2)C3=CC(=O)C(=C(C3=O)OC)OC)OC,PPB3,Arachidonate 5-lipoxygenase,,,,Consensus,Homo sapiens,0.15,,,87
ABRUQUINONE-A,Abrus precatorius,172847.0,COC1=C(C=C2C(=C1)CC(CO2)C3=CC(=O)C(=C(C3=O)OC)OC)OC,PPB3,Solute carrier organic anion transporter family member 1B1,,,,Consensus,Homo sapiens,0.14,,,88
ABRUQUINONE-A,Abrus precatorius,172847.0,COC1=C(C=C2C(=C1)CC(CO2)C3=CC(=O)C(=C(C3=O)OC)OC)OC,PPB3,Solute carrier organic anion transporter family member 1B3,,,,Consensus,Homo sapiens,0.14,,,89
ABRUQUINONE-A,Abrus precatorius,172847.0,COC1=C(C=C2C(=C1)CC(CO2)C3=CC(=O)C(=C(C3=O)OC)OC)OC,PPB3,Cytochrome P450 1A2,,,,Consensus,Homo sapiens,0.11,,,90
ABRUQUINONE-A,Abrus precatorius,172847.0,COC1=C(C=C2C(=C1)CC(CO2)C3=CC(=O)C(=C(C3=O)OC)OC)OC,PPB3,LNCaP,,,,Consensus,Homo sapiens,0.09,,,91
ABRUQUINONE-A,Abrus precatorius,172847.0,COC1=C(C=C2C(=C1)CC(CO2)C3=CC(=O)C(=C(C3=O)OC)OC)OC,PPB3,A549,,,,Consensus,Homo sapiens,0.08,,,92
ABRUQUINONE-A,Abrus precatorius,172847.0,COC1=C(C=C2C(=C1)CC(CO2)C3=CC(=O)C(=C(C3=O)OC)OC)OC,PPB3,Arachidonate 15-lipoxygenase,,,,Consensus,Homo sapiens,0.08,,,93
ABRUQUINONE-A,Abrus precatorius,172847.0,COC1=C(C=C2C(=C1)CC(CO2)C3=CC(=O)C(=C(C3=O)OC)OC)OC,PPB3,HL-60,,,,Consensus,Homo sapiens,0.07,,,94
ABRUQUINONE-A,Abrus precatorius,172847.0,COC1=C(C=C2C(=C1)CC(CO2)C3=CC(=O)C(=C(C3=O)OC)OC)OC,PPB3,Prostaglandin E synthase,,,,Consensus,Homo sapiens,0.07,,,95
ABRUQUINONE-A,Abrus precatorius,172847.0,COC1=C(C=C2C(=C1)CC(CO2)C3=CC(=O)C(=C(C3=O)OC)OC)OC,SEA,ALOX15B,,LX15B_HUMAN,,Arachidonate 15-lipoxygenase B,LX15B_HUMAN,,2.428e-13,0.33,1
ABRUQUINONE-A,Abrus precatorius,172847.0,COC1=C(C=C2C(=C1)CC(CO2)C3=CC(=O)C(=C(C3=O)OC)OC)OC,SEA,MT-ND4,,NU4M_HUMAN,,NADH-ubiquinone oxidoreductase chain 4,NU4M_HUMAN,,6.538e-10,0.29,2
ABRUQUINONE-A,Abrus precatorius,172847.0,COC1=C(C=C2C(=C1)CC(CO2)C3=CC(=O)C(=C(C3=O)OC)OC)OC,SEA,ACHE,,ACES_HUMAN,,Acetylcholinesterase,ACES_HUMAN,,1.434e-08,0.36,3
ABRUQUINONE-A,Abrus precatorius,172847.0,COC1=C(C=C2C(=C1)CC(CO2)C3=CC(=O)C(=C(C3=O)OC)OC)OC,SEA,ODC1,,DCOR_HUMAN,,Ornithine decarboxylase,DCOR_HUMAN,,2.827e-08,0.31,4
ABRUQUINONE-A,Abrus precatorius,172847.0,COC1=C(C=C2C(=C1)CC(CO2)C3=CC(=O)C(=C(C3=O)OC)OC)OC,SEA,ADRA2C,,ADA2C_HUMAN,,Alpha-2C adrenergic receptor,ADA2C_HUMAN,,2.565e-06,0.31,5
ABRUQUINONE-A,Abrus precatorius,172847.0,COC1=C(C=C2C(=C1)CC(CO2)C3=CC(=O)C(=C(C3=O)OC)OC)OC,SwissTargetPrediction,Platelet-derived growth factor receptor beta,PDGFRB,P09619,CHEMBL1913,Kinase,P09619,0.109339753231,,,1
ABRUQUINONE-A,Abrus precatorius,172847.0,COC1=C(C=C2C(=C1)CC(CO2)C3=CC(=O)C(=C(C3=O)OC)OC)OC,SwissTargetPrediction,Leucine-rich repeat serine/threonine-protein kinase 2,LRRK2,Q5S007,CHEMBL1075104,Kinase,Q5S007,0.109339753231,,,2
ABRUQUINONE-A,Abrus precatorius,172847.0,COC1=C(C=C2C(=C1)CC(CO2)C3=CC(=O)C(=C(C3=O)OC)OC)OC,SwissTargetPrediction,Bromodomain-containing protein 4,BRD4,O60885,CHEMBL1163125,Reader,O60885,0.109339753231,,,3
ABRUQUINONE-A,Abrus precatorius,172847.0,COC1=C(C=C2C(=C1)CC(CO2)C3=CC(=O)C(=C(C3=O)OC)OC)OC,SwissTargetPrediction,Intercellular adhesion molecule-1,ICAM1,P05362,CHEMBL3070,Adhesion,P05362,0.109339753231,,,4
ABRUQUINONE-A,Abrus precatorius,172847.0,COC1=C(C=C2C(=C1)CC(CO2)C3=CC(=O)C(=C(C3=O)OC)OC)OC,SwissTargetPrediction,Bromodomain-containing protein 9,BRD9,Q9H8M2,CHEMBL3108640,Reader,Q9H8M2,0.109339753231,,,5
ABRUQUINONE-A,Abrus precatorius,172847.0,COC1=C(C=C2C(=C1)CC(CO2)C3=CC(=O)C(=C(C3=O)OC)OC)OC,SwissTargetPrediction,Vascular cell adhesion protein 1,VCAM1,P19320,CHEMBL3735,Adhesion,P19320,0.109339753231,,,6
ABRUQUINONE-A,Abrus precatorius,172847.0,COC1=C(C=C2C(=C1)CC(CO2)C3=CC(=O)C(=C(C3=O)OC)OC)OC,SwissTargetPrediction,Selectin E,SELE,P16581,CHEMBL3890,Adhesion,P16581,0.109339753231,,,7
ABRUQUINONE-A,Abrus precatorius,172847.0,COC1=C(C=C2C(=C1)CC(CO2)C3=CC(=O)C(=C(C3=O)OC)OC)OC,SwissTargetPrediction,Carbonic anhydrase II,CA2,P00918,CHEMBL205,Lyase,P00918,0.109339753231,,,8
ABRUQUINONE-A,Abrus precatorius,172847.0,COC1=C(C=C2C(=C1)CC(CO2)C3=CC(=O)C(=C(C3=O)OC)OC)OC,SwissTargetPrediction,Carbonic anhydrase VII,CA7,P43166,CHEMBL2326,Lyase,P43166,0.109339753231,,,9
ABRUQUINONE-A,Abrus precatorius,172847.0,COC1=C(C=C2C(=C1)CC(CO2)C3=CC(=O)C(=C(C3=O)OC)OC)OC,SwissTargetPrediction,Tyrosine-protein kinase SYK,SYK,P43405,CHEMBL2599,Kinase,P43405,0.109339753231,,,10
ABRUQUINONE-A,Abrus precatorius,172847.0,COC1=C(C=C2C(=C1)CC(CO2)C3=CC(=O)C(=C(C3=O)OC)OC)OC,SwissTargetPrediction,Carbonic anhydrase VI,CA6,P23280,CHEMBL3025,Lyase,P23280,0.109339753231,,,11
ABRUQUINONE-A,Abrus precatorius,172847.0,COC1=C(C=C2C(=C1)CC(CO2)C3=CC(=O)C(=C(C3=O)OC)OC)OC,SwissTargetPrediction,Carbonic anhydrase XII,CA12,O43570,CHEMBL3242,Lyase,O43570,0.109339753231,,,12
ABRUQUINONE-A,Abrus precatorius,172847.0,COC1=C(C=C2C(=C1)CC(CO2)C3=CC(=O)C(=C(C3=O)OC)OC)OC,SwissTargetPrediction,Glycogen synthase kinase-3 beta,GSK3B,P49841,CHEMBL262,Kinase,P49841,0.109339753231,,,13
ABRUQUINONE-A,Abrus precatorius,172847.0,COC1=C(C=C2C(=C1)CC(CO2)C3=CC(=O)C(=C(C3=O)OC)OC)OC,SwissTargetPrediction,Cyclin-dependent kinase 2,CDK2,P24941,CHEMBL301,Kinase,P24941,0.109339753231,,,14
ABRUQUINONE-A,Abrus precatorius,172847.0,COC1=C(C=C2C(=C1)CC(CO2)C3=CC(=O)C(=C(C3=O)OC)OC)OC,SwissTargetPrediction,Cyclin-dependent kinase 4,CDK4,P11802,CHEMBL331,Kinase,P11802,0.109339753231,,,15
ABRUQUINONE-B,Abrus precatorius,3009614.0,COC1=C(C(=C2C(=C1)CC(CO2)C3=CC(=O)C(=C(C3=O)OC)OC)OC)OC,PPB3,HeLa,,,,DNN(ECFP4+MHFP6),Homo sapiens,0.04,,,1
ABRUQUINONE-B,Abrus precatorius,3009614.0,COC1=C(C(=C2C(=C1)CC(CO2)C3=CC(=O)C(=C(C3=O)OC)OC)OC)OC,PPB3,KB,,,,DNN(ECFP4+MHFP6),Homo sapiens,0.02,,,2
ABRUQUINONE-B,Abrus precatorius,3009614.0,COC1=C(C(=C2C(=C1)CC(CO2)C3=CC(=O)C(=C(C3=O)OC)OC)OC)OC,PPB3,HepG2,,,,DNN(ECFP4+MHFP6),Homo sapiens,0.02,,,3
ABRUQUINONE-B,Abrus precatorius,3009614.0,COC1=C(C(=C2C(=C1)CC(CO2)C3=CC(=O)C(=C(C3=O)OC)OC)OC)OC,PPB3,Butyrylcholinesterase,,,,DNN(ECFP4+MHFP6),Homo sapiens,0.0,,,4
ABRUQUINONE-B,Abrus precatorius,3009614.0,COC1=C(C(=C2C(=C1)CC(CO2)C3=CC(=O)C(=C(C3=O)OC)OC)OC)OC,PPB3,NFF,,,,DNN(ECFP4+MHFP6),Homo sapiens,0.0,,,5
ABRUQUINONE-B,Abrus precatorius,3009614.0,COC1=C(C(=C2C(=C1)CC(CO2)C3=CC(=O)C(=C(C3=O)OC)OC)OC)OC,PPB3,MDA-MB-435,,,,DNN(ECFP4+MHFP6),Homo sapiens,0.0,,,6
ABRUQUINONE-B,Abrus precatorius,3009614.0,COC1=C(C(=C2C(=C1)CC(CO2)C3=CC(=O)C(=C(C3=O)OC)OC)OC)OC,PPB3,NCI-H1975,,,,DNN(ECFP4+MHFP6),Homo sapiens,0.0,,,7
ABRUQUINONE-B,Abrus precatorius,3009614.0,COC1=C(C(=C2C(=C1)CC(CO2)C3=CC(=O)C(=C(C3=O)OC)OC)OC)OC,PPB3,MCF7,,,,DNN(ECFP4+MHFP6),Homo sapiens,0.0,,,8
ABRUQUINONE-B,Abrus precatorius,3009614.0,COC1=C(C(=C2C(=C1)CC(CO2)C3=CC(=O)C(=C(C3=O)OC)OC)OC)OC,PPB3,Microtubule-associated protein tau,,,,DNN(ECFP4+MHFP6),Homo sapiens,0.0,,,9
ABRUQUINONE-B,Abrus precatorius,3009614.0,COC1=C(C(=C2C(=C1)CC(CO2)C3=CC(=O)C(=C(C3=O)OC)OC)OC)OC,PPB3,Serotonin 1a (5-HT1a) receptor,,,,DNN(ECFP4+MHFP6),Homo sapiens,0.0,,,10
ABRUQUINONE-B,Abrus precatorius,3009614.0,COC1=C(C(=C2C(=C1)CC(CO2)C3=CC(=O)C(=C(C3=O)OC)OC)OC)OC,PPB3,Acetylcholinesterase,,,,DNN(ECFP4),Homo sapiens,0.01,,,11
ABRUQUINONE-B,Abrus precatorius,3009614.0,COC1=C(C(=C2C(=C1)CC(CO2)C3=CC(=O)C(=C(C3=O)OC)OC)OC)OC,PPB3,MDA-MB-231,,,,DNN(ECFP4),Homo sapiens,0.01,,,12
ABRUQUINONE-B,Abrus precatorius,3009614.0,COC1=C(C(=C2C(=C1)CC(CO2)C3=CC(=O)C(=C(C3=O)OC)OC)OC)OC,PPB3,MCF7,,,,DNN(ECFP4),Homo sapiens,0.01,,,13
ABRUQUINONE-B,Abrus precatorius,3009614.0,COC1=C(C(=C2C(=C1)CC(CO2)C3=CC(=O)C(=C(C3=O)OC)OC)OC)OC,PPB3,Panel NCI-60 (60 carcinoma cell lines),,,,DNN(ECFP4),Homo sapiens,0.01,,,14
ABRUQUINONE-B,Abrus precatorius,3009614.0,COC1=C(C(=C2C(=C1)CC(CO2)C3=CC(=O)C(=C(C3=O)OC)OC)OC)OC,PPB3,PC-3,,,,DNN(ECFP4),Homo sapiens,0.01,,,15
ABRUQUINONE-B,Abrus precatorius,3009614.0,COC1=C(C(=C2C(=C1)CC(CO2)C3=CC(=O)C(=C(C3=O)OC)OC)OC)OC,PPB3,KB,,,,DNN(ECFP4),Homo sapiens,0.01,,,16
ABRUQUINONE-B,Abrus precatorius,3009614.0,COC1=C(C(=C2C(=C1)CC(CO2)C3=CC(=O)C(=C(C3=O)OC)OC)OC)OC,PPB3,K562,,,,DNN(ECFP4),Homo sapiens,0.01,,,17
ABRUQUINONE-B,Abrus precatorius,3009614.0,COC1=C(C(=C2C(=C1)CC(CO2)C3=CC(=O)C(=C(C3=O)OC)OC)OC)OC,PPB3,HeLa,,,,DNN(ECFP4),Homo sapiens,0.01,,,18
ABRUQUINONE-B,Abrus precatorius,3009614.0,COC1=C(C(=C2C(=C1)CC(CO2)C3=CC(=O)C(=C(C3=O)OC)OC)OC)OC,PPB3,HCT-116,,,,DNN(ECFP4),Homo sapiens,0.01,,,19
ABRUQUINONE-B,Abrus precatorius,3009614.0,COC1=C(C(=C2C(=C1)CC(CO2)C3=CC(=O)C(=C(C3=O)OC)OC)OC)OC,PPB3,HL-60,,,,DNN(RDKit),Homo sapiens,0.06,,,20
ABRUQUINONE-B,Abrus precatorius,3009614.0,COC1=C(C(=C2C(=C1)CC(CO2)C3=CC(=O)C(=C(C3=O)OC)OC)OC)OC,PPB3,MCF7,,,,DNN(RDKit),Homo sapiens,0.03,,,21
ABRUQUINONE-B,Abrus precatorius,3009614.0,COC1=C(C(=C2C(=C1)CC(CO2)C3=CC(=O)C(=C(C3=O)OC)OC)OC)OC,PPB3,HepG2,,,,DNN(RDKit),Homo sapiens,0.03,,,22
ABRUQUINONE-B,Abrus precatorius,3009614.0,COC1=C(C(=C2C(=C1)CC(CO2)C3=CC(=O)C(=C(C3=O)OC)OC)OC)OC,PPB3,A549,,,,DNN(RDKit),Homo sapiens,0.02,,,23
ABRUQUINONE-B,Abrus precatorius,3009614.0,COC1=C(C(=C2C(=C1)CC(CO2)C3=CC(=O)C(=C(C3=O)OC)OC)OC)OC,PPB3,HUVEC,,,,DNN(RDKit),Homo sapiens,0.02,,,24
ABRUQUINONE-B,Abrus precatorius,3009614.0,COC1=C(C(=C2C(=C1)CC(CO2)C3=CC(=O)C(=C(C3=O)OC)OC)OC)OC,PPB3,HeLa,,,,DNN(RDKit),Homo sapiens,0.01,,,25
ABRUQUINONE-B,Abrus precatorius,3009614.0,COC1=C(C(=C2C(=C1)CC(CO2)C3=CC(=O)C(=C(C3=O)OC)OC)OC)OC,PPB3,MDA-MB-231,,,,DNN(RDKit),Homo sapiens,0.01,,,26
ABRUQUINONE-B,Abrus precatorius,3009614.0,COC1=C(C(=C2C(=C1)CC(CO2)C3=CC(=O)C(=C(C3=O)OC)OC)OC)OC,PPB3,PC-3,,,,DNN(RDKit),Homo sapiens,0.01,,,27
ABRUQUINONE-B,Abrus precatorius,3009614.0,COC1=C(C(=C2C(=C1)CC(CO2)C3=CC(=O)C(=C(C3=O)OC)OC)OC)OC,PPB3,Raji,,,,DNN(RDKit),Homo sapiens,0.01,,,28
ABRUQUINONE-B,Abrus precatorius,3009614.0,COC1=C(C(=C2C(=C1)CC(CO2)C3=CC(=O)C(=C(C3=O)OC)OC)OC)OC,PPB3,HCT-116,,,,DNN(RDKit),Homo sapiens,0.01,,,29
ABRUQUINONE-B,Abrus precatorius,3009614.0,COC1=C(C(=C2C(=C1)CC(CO2)C3=CC(=O)C(=C(C3=O)OC)OC)OC)OC,PPB3,A549,,,,DNN(Layered),Homo sapiens,0.2,,,30
ABRUQUINONE-B,Abrus precatorius,3009614.0,COC1=C(C(=C2C(=C1)CC(CO2)C3=CC(=O)C(=C(C3=O)OC)OC)OC)OC,PPB3,KB,,,,DNN(Layered),Homo sapiens,0.17,,,31
ABRUQUINONE-B,Abrus precatorius,3009614.0,COC1=C(C(=C2C(=C1)CC(CO2)C3=CC(=O)C(=C(C3=O)OC)OC)OC)OC,PPB3,MCF7,,,,DNN(Layered),Homo sapiens,0.13,,,32
ABRUQUINONE-B,Abrus precatorius,3009614.0,COC1=C(C(=C2C(=C1)CC(CO2)C3=CC(=O)C(=C(C3=O)OC)OC)OC)OC,PPB3,K562,,,,DNN(Layered),Homo sapiens,0.07,,,33
ABRUQUINONE-B,Abrus precatorius,3009614.0,COC1=C(C(=C2C(=C1)CC(CO2)C3=CC(=O)C(=C(C3=O)OC)OC)OC)OC,PPB3,PC-3,,,,DNN(Layered),Homo sapiens,0.07,,,34
ABRUQUINONE-B,Abrus precatorius,3009614.0,COC1=C(C(=C2C(=C1)CC(CO2)C3=CC(=O)C(=C(C3=O)OC)OC)OC)OC,PPB3,HL-60,,,,DNN(Layered),Homo sapiens,0.06,,,35
ABRUQUINONE-B,Abrus precatorius,3009614.0,COC1=C(C(=C2C(=C1)CC(CO2)C3=CC(=O)C(=C(C3=O)OC)OC)OC)OC,PPB3,MDA-MB-231,,,,DNN(Layered),Homo sapiens,0.06,,,36
ABRUQUINONE-B,Abrus precatorius,3009614.0,COC1=C(C(=C2C(=C1)CC(CO2)C3=CC(=O)C(=C(C3=O)OC)OC)OC)OC,PPB3,HepG2,,,,DNN(Layered),Homo sapiens,0.05,,,37
ABRUQUINONE-B,Abrus precatorius,3009614.0,COC1=C(C(=C2C(=C1)CC(CO2)C3=CC(=O)C(=C(C3=O)OC)OC)OC)OC,PPB3,HeLa,,,,DNN(Layered),Homo sapiens,0.05,,,38
ABRUQUINONE-B,Abrus precatorius,3009614.0,COC1=C(C(=C2C(=C1)CC(CO2)C3=CC(=O)C(=C(C3=O)OC)OC)OC)OC,PPB3,HCT-116,,,,DNN(Layered),Homo sapiens,0.04,,,39
ABRUQUINONE-B,Abrus precatorius,3009614.0,COC1=C(C(=C2C(=C1)CC(CO2)C3=CC(=O)C(=C(C3=O)OC)OC)OC)OC,PPB3,KB,,,,DNN(MHFP6),Homo sapiens,0.03,,,40
ABRUQUINONE-B,Abrus precatorius,3009614.0,COC1=C(C(=C2C(=C1)CC(CO2)C3=CC(=O)C(=C(C3=O)OC)OC)OC)OC,PPB3,Cannabinoid CB2 receptor,,,,DNN(MHFP6),Homo sapiens,0.03,,,41
ABRUQUINONE-B,Abrus precatorius,3009614.0,COC1=C(C(=C2C(=C1)CC(CO2)C3=CC(=O)C(=C(C3=O)OC)OC)OC)OC,PPB3,NCI-H187,,,,DNN(MHFP6),Homo sapiens,0.01,,,42
ABRUQUINONE-B,Abrus precatorius,3009614.0,COC1=C(C(=C2C(=C1)CC(CO2)C3=CC(=O)C(=C(C3=O)OC)OC)OC)OC,PPB3,U-251,,,,DNN(MHFP6),Homo sapiens,0.01,,,43
ABRUQUINONE-B,Abrus precatorius,3009614.0,COC1=C(C(=C2C(=C1)CC(CO2)C3=CC(=O)C(=C(C3=O)OC)OC)OC)OC,PPB3,Cathepsin L2,,,,DNN(MHFP6),Homo sapiens,0.01,,,44
ABRUQUINONE-B,Abrus precatorius,3009614.0,COC1=C(C(=C2C(=C1)CC(CO2)C3=CC(=O)C(=C(C3=O)OC)OC)OC)OC,PPB3,M14,,,,DNN(MHFP6),Homo sapiens,0.0,,,45
ABRUQUINONE-B,Abrus precatorius,3009614.0,COC1=C(C(=C2C(=C1)CC(CO2)C3=CC(=O)C(=C(C3=O)OC)OC)OC)OC,PPB3,Quinone reductase 2,,,,DNN(MHFP6),Homo sapiens,0.0,,,46
ABRUQUINONE-B,Abrus precatorius,3009614.0,COC1=C(C(=C2C(=C1)CC(CO2)C3=CC(=O)C(=C(C3=O)OC)OC)OC)OC,PPB3,MIA PaCa-2,,,,DNN(MHFP6),Homo sapiens,0.0,,,47
ABRUQUINONE-B,Abrus precatorius,3009614.0,COC1=C(C(=C2C(=C1)CC(CO2)C3=CC(=O)C(=C(C3=O)OC)OC)OC)OC,PPB3,MDA-MB-231,,,,DNN(MHFP6),Homo sapiens,0.0,,,48
ABRUQUINONE-B,Abrus precatorius,3009614.0,COC1=C(C(=C2C(=C1)CC(CO2)C3=CC(=O)C(=C(C3=O)OC)OC)OC)OC,PPB3,HT-29,,,,DNN(MHFP6),Homo sapiens,0.0,,,49
ABRUQUINONE-B,Abrus precatorius,3009614.0,COC1=C(C(=C2C(=C1)CC(CO2)C3=CC(=O)C(=C(C3=O)OC)OC)OC)OC,PPB3,HeLa,,,,DNN(MHFP6),Homo sapiens,0.0,,,50
ABRUQUINONE-B,Abrus precatorius,3009614.0,COC1=C(C(=C2C(=C1)CC(CO2)C3=CC(=O)C(=C(C3=O)OC)OC)OC)OC,PPB3,PBMC,,,,DNN(MHFP6),Homo sapiens,0.0,,,51
ABRUQUINONE-B,Abrus precatorius,3009614.0,COC1=C(C(=C2C(=C1)CC(CO2)C3=CC(=O)C(=C(C3=O)OC)OC)OC)OC,PPB3,HEK293,,,,DNN(MHFP6),Homo sapiens,0.0,,,52
ABRUQUINONE-B,Abrus precatorius,3009614.0,COC1=C(C(=C2C(=C1)CC(CO2)C3=CC(=O)C(=C(C3=O)OC)OC)OC)OC,PPB3,Arachidonate 5-lipoxygenase,,,,DNN(MHFP6),Homo sapiens,0.0,,,53
ABRUQUINONE-B,Abrus precatorius,3009614.0,COC1=C(C(=C2C(=C1)CC(CO2)C3=CC(=O)C(=C(C3=O)OC)OC)OC)OC,PPB3,MCF7,,,,DNN(MHFP6),Homo sapiens,0.0,,,54
ABRUQUINONE-B,Abrus precatorius,3009614.0,COC1=C(C(=C2C(=C1)CC(CO2)C3=CC(=O)C(=C(C3=O)OC)OC)OC)OC,PPB3,KB,,,,DNN(ECFP6),Homo sapiens,0.03,,,55
ABRUQUINONE-B,Abrus precatorius,3009614.0,COC1=C(C(=C2C(=C1)CC(CO2)C3=CC(=O)C(=C(C3=O)OC)OC)OC)OC,PPB3,A-431,,,,DNN(ECFP6),Homo sapiens,0.02,,,56
ABRUQUINONE-B,Abrus precatorius,3009614.0,COC1=C(C(=C2C(=C1)CC(CO2)C3=CC(=O)C(=C(C3=O)OC)OC)OC)OC,PPB3,HUVEC,,,,DNN(ECFP6),Homo sapiens,0.01,,,57
ABRUQUINONE-B,Abrus precatorius,3009614.0,COC1=C(C(=C2C(=C1)CC(CO2)C3=CC(=O)C(=C(C3=O)OC)OC)OC)OC,PPB3,Arachidonate 5-lipoxygenase,,,,DNN(ECFP6),Homo sapiens,0.0,,,58
ABRUQUINONE-B,Abrus precatorius,3009614.0,COC1=C(C(=C2C(=C1)CC(CO2)C3=CC(=O)C(=C(C3=O)OC)OC)OC)OC,PPB3,Prelamin-A/C,,,,DNN(ECFP6),Homo sapiens,0.0,,,59
ABRUQUINONE-B,Abrus precatorius,3009614.0,COC1=C(C(=C2C(=C1)CC(CO2)C3=CC(=O)C(=C(C3=O)OC)OC)OC)OC,PPB3,HeLa,,,,DNN(ECFP6),Homo sapiens,0.0,,,60
ABRUQUINONE-B,Abrus precatorius,3009614.0,COC1=C(C(=C2C(=C1)CC(CO2)C3=CC(=O)C(=C(C3=O)OC)OC)OC)OC,PPB3,Microtubule-associated protein tau,,,,DNN(ECFP6),Homo sapiens,0.0,,,61
ABRUQUINONE-B,Abrus precatorius,3009614.0,COC1=C(C(=C2C(=C1)CC(CO2)C3=CC(=O)C(=C(C3=O)OC)OC)OC)OC,PPB3,MCF7,,,,DNN(ECFP6),Homo sapiens,0.0,,,62
ABRUQUINONE-B,Abrus precatorius,3009614.0,COC1=C(C(=C2C(=C1)CC(CO2)C3=CC(=O)C(=C(C3=O)OC)OC)OC)OC,PPB3,A549,,,,DNN(ECFP6),Homo sapiens,0.0,,,63
ABRUQUINONE-B,Abrus precatorius,3009614.0,COC1=C(C(=C2C(=C1)CC(CO2)C3=CC(=O)C(=C(C3=O)OC)OC)OC)OC,PPB3,KB,,,,DNN(AtomPair),Homo sapiens,0.3,,,64
ABRUQUINONE-B,Abrus precatorius,3009614.0,COC1=C(C(=C2C(=C1)CC(CO2)C3=CC(=O)C(=C(C3=O)OC)OC)OC)OC,PPB3,HL-60,,,,DNN(AtomPair),Homo sapiens,0.14,,,65
ABRUQUINONE-B,Abrus precatorius,3009614.0,COC1=C(C(=C2C(=C1)CC(CO2)C3=CC(=O)C(=C(C3=O)OC)OC)OC)OC,PPB3,MDA-MB-231,,,,DNN(AtomPair),Homo sapiens,0.08,,,66
ABRUQUINONE-B,Abrus precatorius,3009614.0,COC1=C(C(=C2C(=C1)CC(CO2)C3=CC(=O)C(=C(C3=O)OC)OC)OC)OC,PPB3,A549,,,,DNN(AtomPair),Homo sapiens,0.06,,,67
ABRUQUINONE-B,Abrus precatorius,3009614.0,COC1=C(C(=C2C(=C1)CC(CO2)C3=CC(=O)C(=C(C3=O)OC)OC)OC)OC,PPB3,HT-29,,,,DNN(AtomPair),Homo sapiens,0.04,,,68
ABRUQUINONE-B,Abrus precatorius,3009614.0,COC1=C(C(=C2C(=C1)CC(CO2)C3=CC(=O)C(=C(C3=O)OC)OC)OC)OC,PPB3,SF-295,,,,DNN(AtomPair),Homo sapiens,0.04,,,69
ABRUQUINONE-B,Abrus precatorius,3009614.0,COC1=C(C(=C2C(=C1)CC(CO2)C3=CC(=O)C(=C(C3=O)OC)OC)OC)OC,PPB3,A498,,,,DNN(AtomPair),Homo sapiens,0.03,,,70
ABRUQUINONE-B,Abrus precatorius,3009614.0,COC1=C(C(=C2C(=C1)CC(CO2)C3=CC(=O)C(=C(C3=O)OC)OC)OC)OC,PPB3,K562,,,,DNN(AtomPair),Homo sapiens,0.03,,,71
ABRUQUINONE-B,Abrus precatorius,3009614.0,COC1=C(C(=C2C(=C1)CC(CO2)C3=CC(=O)C(=C(C3=O)OC)OC)OC)OC,PPB3,PBMC,,,,DNN(AtomPair),Homo sapiens,0.03,,,72
ABRUQUINONE-B,Abrus precatorius,3009614.0,COC1=C(C(=C2C(=C1)CC(CO2)C3=CC(=O)C(=C(C3=O)OC)OC)OC)OC,PPB3,Acetylcholinesterase,,,,DNN(AtomPair),Homo sapiens,0.03,,,73
ABRUQUINONE-B,Abrus precatorius,3009614.0,COC1=C(C(=C2C(=C1)CC(CO2)C3=CC(=O)C(=C(C3=O)OC)OC)OC)OC,PPB3,Solute carrier organic anion transporter family member 1B1,,,,DNN(AtomPair),Homo sapiens,0.03,,,74
ABRUQUINONE-B,Abrus precatorius,3009614.0,COC1=C(C(=C2C(=C1)CC(CO2)C3=CC(=O)C(=C(C3=O)OC)OC)OC)OC,PPB3,HepG2,,,,DNN(AtomPair),Homo sapiens,0.03,,,75
ABRUQUINONE-B,Abrus precatorius,3009614.0,COC1=C(C(=C2C(=C1)CC(CO2)C3=CC(=O)C(=C(C3=O)OC)OC)OC)OC,PPB3,HCT-116,,,,DNN(AtomPair),Homo sapiens,0.02,,,76
ABRUQUINONE-B,Abrus precatorius,3009614.0,COC1=C(C(=C2C(=C1)CC(CO2)C3=CC(=O)C(=C(C3=O)OC)OC)OC)OC,PPB3,Cytochrome P450 1A2,,,,DNN(AtomPair),Homo sapiens,0.02,,,77
ABRUQUINONE-B,Abrus precatorius,3009614.0,COC1=C(C(=C2C(=C1)CC(CO2)C3=CC(=O)C(=C(C3=O)OC)OC)OC)OC,PPB3,HeLa,,,,DNN(AtomPair),Homo sapiens,0.02,,,78
ABRUQUINONE-B,Abrus precatorius,3009614.0,COC1=C(C(=C2C(=C1)CC(CO2)C3=CC(=O)C(=C(C3=O)OC)OC)OC)OC,PPB3,KB,,,,Consensus,Homo sapiens,0.3,,,79
ABRUQUINONE-B,Abrus precatorius,3009614.0,COC1=C(C(=C2C(=C1)CC(CO2)C3=CC(=O)C(=C(C3=O)OC)OC)OC)OC,PPB3,A549,,,,Consensus,Homo sapiens,0.2,,,80
ABRUQUINONE-B,Abrus precatorius,3009614.0,COC1=C(C(=C2C(=C1)CC(CO2)C3=CC(=O)C(=C(C3=O)OC)OC)OC)OC,PPB3,HL-60,,,,Consensus,Homo sapiens,0.14,,,81
ABRUQUINONE-B,Abrus precatorius,3009614.0,COC1=C(C(=C2C(=C1)CC(CO2)C3=CC(=O)C(=C(C3=O)OC)OC)OC)OC,PPB3,MCF7,,,,Consensus,Homo sapiens,0.13,,,82
ABRUQUINONE-B,Abrus precatorius,3009614.0,COC1=C(C(=C2C(=C1)CC(CO2)C3=CC(=O)C(=C(C3=O)OC)OC)OC)OC,PPB3,MDA-MB-231,,,,Consensus,Homo sapiens,0.08,,,83
ABRUQUINONE-B,Abrus precatorius,3009614.0,COC1=C(C(=C2C(=C1)CC(CO2)C3=CC(=O)C(=C(C3=O)OC)OC)OC)OC,PPB3,K562,,,,Consensus,Homo sapiens,0.07,,,84
ABRUQUINONE-B,Abrus precatorius,3009614.0,COC1=C(C(=C2C(=C1)CC(CO2)C3=CC(=O)C(=C(C3=O)OC)OC)OC)OC,PPB3,PC-3,,,,Consensus,Homo sapiens,0.07,,,85
ABRUQUINONE-B,Abrus precatorius,3009614.0,COC1=C(C(=C2C(=C1)CC(CO2)C3=CC(=O)C(=C(C3=O)OC)OC)OC)OC,PPB3,HepG2,,,,Consensus,Homo sapiens,0.05,,,86
ABRUQUINONE-B,Abrus precatorius,3009614.0,COC1=C(C(=C2C(=C1)CC(CO2)C3=CC(=O)C(=C(C3=O)OC)OC)OC)OC,PPB3,HeLa,,,,Consensus,Homo sapiens,0.05,,,87
ABRUQUINONE-B,Abrus precatorius,3009614.0,COC1=C(C(=C2C(=C1)CC(CO2)C3=CC(=O)C(=C(C3=O)OC)OC)OC)OC,PPB3,HT-29,,,,Consensus,Homo sapiens,0.04,,,88
ABRUQUINONE-B,Abrus precatorius,3009614.0,COC1=C(C(=C2C(=C1)CC(CO2)C3=CC(=O)C(=C(C3=O)OC)OC)OC)OC,SEA,TUBB,,TBB5_HUMAN,,Tubulin beta chain,TBB5_HUMAN,,5.889e-23,0.28,1
ABRUQUINONE-B,Abrus precatorius,3009614.0,COC1=C(C(=C2C(=C1)CC(CO2)C3=CC(=O)C(=C(C3=O)OC)OC)OC)OC,SEA,ODC1,,DCOR_HUMAN,,Ornithine decarboxylase,DCOR_HUMAN,,1.613e-08,0.32,2
ABRUQUINONE-B,Abrus precatorius,3009614.0,COC1=C(C(=C2C(=C1)CC(CO2)C3=CC(=O)C(=C(C3=O)OC)OC)OC)OC,SEA,SLC22A3,,S22A3_HUMAN,,Solute carrier family 22 member 3,S22A3_HUMAN,,3.409e-06,0.28,3
ABRUQUINONE-B,Abrus precatorius,3009614.0,COC1=C(C(=C2C(=C1)CC(CO2)C3=CC(=O)C(=C(C3=O)OC)OC)OC)OC,SwissTargetPrediction,Matrix metalloproteinase 2,MMP2,P08253,CHEMBL333,Protease,P08253,0.11573667475,,,1
ABRUQUINONE-B,Abrus precatorius,3009614.0,COC1=C(C(=C2C(=C1)CC(CO2)C3=CC(=O)C(=C(C3=O)OC)OC)OC)OC,SwissTargetPrediction,Leucine-rich repeat serine/threonine-protein kinase 2,LRRK2,Q5S007,CHEMBL1075104,Kinase,Q5S007,0.11573667475,,,2
ABRUQUINONE-B,Abrus precatorius,3009614.0,COC1=C(C(=C2C(=C1)CC(CO2)C3=CC(=O)C(=C(C3=O)OC)OC)OC)OC,SwissTargetPrediction,Serine/threonine-protein kinase Chk1,CHEK1,O14757,CHEMBL4630,Kinase,O14757,0.11573667475,,,3
ABRUQUINONE-B,Abrus precatorius,3009614.0,COC1=C(C(=C2C(=C1)CC(CO2)C3=CC(=O)C(=C(C3=O)OC)OC)OC)OC,SwissTargetPrediction,Tyrosine-protein kinase SYK,SYK,P43405,CHEMBL2599,Kinase,P43405,0.11573667475,,,4
ABRUQUINONE-B,Abrus precatorius,3009614.0,COC1=C(C(=C2C(=C1)CC(CO2)C3=CC(=O)C(=C(C3=O)OC)OC)OC)OC,SwissTargetPrediction,Epidermal growth factor receptor erbB1,EGFR,P00533,CHEMBL203,Kinase,P00533,0.11573667475,,,5
ABRUQUINONE-B,Abrus precatorius,3009614.0,COC1=C(C(=C2C(=C1)CC(CO2)C3=CC(=O)C(=C(C3=O)OC)OC)OC)OC,SwissTargetPrediction,Bromodomain-containing protein 4,BRD4,O60885,CHEMBL1163125,Reader,O60885,0.11573667475,,,6
ABRUQUINONE-B,Abrus precatorius,3009614.0,COC1=C(C(=C2C(=C1)CC(CO2)C3=CC(=O)C(=C(C3=O)OC)OC)OC)OC,SwissTargetPrediction,Bromodomain-containing protein 9,BRD9,Q9H8M2,CHEMBL3108640,Reader,Q9H8M2,0.11573667475,,,7
ABRUQUINONE-B,Abrus precatorius,3009614.0,COC1=C(C(=C2C(=C1)CC(CO2)C3=CC(=O)C(=C(C3=O)OC)OC)OC)OC,SwissTargetPrediction,Lysine-specific demethylase 5B,KDM5B,Q9UGL1,CHEMBL3774295,Eraser,Q9UGL1,0.11573667475,,,8
ABRUQUINONE-B,Abrus precatorius,3009614.0,COC1=C(C(=C2C(=C1)CC(CO2)C3=CC(=O)C(=C(C3=O)OC)OC)OC)OC,SwissTargetPrediction,Phosphodiesterase 5A,PDE5A,O76074,CHEMBL1827,Phosphodiesterase,O76074,0.11573667475,,,9
ABRUQUINONE-B,Abrus precatorius,3009614.0,COC1=C(C(=C2C(=C1)CC(CO2)C3=CC(=O)C(=C(C3=O)OC)OC)OC)OC,SwissTargetPrediction,Nerve growth factor receptor Trk-A,NTRK1,P04629,CHEMBL2815,Kinase,P04629,0.11573667475,,,10
ABRUQUINONE-B,Abrus precatorius,3009614.0,COC1=C(C(=C2C(=C1)CC(CO2)C3=CC(=O)C(=C(C3=O)OC)OC)OC)OC,SwissTargetPrediction,Intercellular adhesion molecule-1,ICAM1,P05362,CHEMBL3070,Adhesion,P05362,0.11573667475,,,11
ABRUQUINONE-B,Abrus precatorius,3009614.0,COC1=C(C(=C2C(=C1)CC(CO2)C3=CC(=O)C(=C(C3=O)OC)OC)OC)OC,SwissTargetPrediction,Selectin E,SELE,P16581,CHEMBL3890,Adhesion,P16581,0.11573667475,,,12
ABRUQUINONE-B,Abrus precatorius,3009614.0,COC1=C(C(=C2C(=C1)CC(CO2)C3=CC(=O)C(=C(C3=O)OC)OC)OC)OC,SwissTargetPrediction,Tyrosine-protein kinase JAK3,JAK3,P52333,CHEMBL2148,Kinase,P52333,0.11573667475,,,13
ABRUQUINONE-B,Abrus precatorius,3009614.0,COC1=C(C(=C2C(=C1)CC(CO2)C3=CC(=O)C(=C(C3=O)OC)OC)OC)OC,SwissTargetPrediction,Matrix metalloproteinase 13,MMP13,P45452,CHEMBL280,Protease,P45452,0.11573667475,,,14
ABRUQUINONE-B,Abrus precatorius,3009614.0,COC1=C(C(=C2C(=C1)CC(CO2)C3=CC(=O)C(=C(C3=O)OC)OC)OC)OC,SwissTargetPrediction,Orexin receptor 2,HCRTR2,O43614,CHEMBL4792,Family A G protein-coupled receptor,O43614,0.11573667475,,,15
Abrectorin,Abrus precatorius,44257585.0,COc1ccc(cc1O)c1cc(=O)c2c(o1)cc(c(c2)OC)O,PPB3,HL-60,,,,DNN(ECFP4+MHFP6),Homo sapiens,0.09,,,1
Abrectorin,Abrus precatorius,44257585.0,COc1ccc(cc1O)c1cc(=O)c2c(o1)cc(c(c2)OC)O,PPB3,HUVEC,,,,DNN(ECFP4+MHFP6),Homo sapiens,0.09,,,2
Abrectorin,Abrus precatorius,44257585.0,COc1ccc(cc1O)c1cc(=O)c2c(o1)cc(c(c2)OC)O,PPB3,Protein-tyrosine phosphatase 1B,,,,DNN(ECFP4+MHFP6),Homo sapiens,0.05,,,3
Abrectorin,Abrus precatorius,44257585.0,COc1ccc(cc1O)c1cc(=O)c2c(o1)cc(c(c2)OC)O,PPB3,HCT-8,,,,DNN(ECFP4+MHFP6),Homo sapiens,0.05,,,4
Abrectorin,Abrus precatorius,44257585.0,COc1ccc(cc1O)c1cc(=O)c2c(o1)cc(c(c2)OC)O,PPB3,KB,,,,DNN(ECFP4+MHFP6),Homo sapiens,0.04,,,5
Abrectorin,Abrus precatorius,44257585.0,COc1ccc(cc1O)c1cc(=O)c2c(o1)cc(c(c2)OC)O,PPB3,HepG2,,,,DNN(ECFP4+MHFP6),Homo sapiens,0.02,,,6
Abrectorin,Abrus precatorius,44257585.0,COc1ccc(cc1O)c1cc(=O)c2c(o1)cc(c(c2)OC)O,PPB3,A549,,,,DNN(ECFP4+MHFP6),Homo sapiens,0.02,,,7
Abrectorin,Abrus precatorius,44257585.0,COc1ccc(cc1O)c1cc(=O)c2c(o1)cc(c(c2)OC)O,PPB3,HBL-100,,,,DNN(ECFP4+MHFP6),Homo sapiens,0.02,,,8
Abrectorin,Abrus precatorius,44257585.0,COc1ccc(cc1O)c1cc(=O)c2c(o1)cc(c(c2)OC)O,PPB3,A-431,,,,DNN(ECFP4+MHFP6),Homo sapiens,0.02,,,9
Abrectorin,Abrus precatorius,44257585.0,COc1ccc(cc1O)c1cc(=O)c2c(o1)cc(c(c2)OC)O,PPB3,MCF7,,,,DNN(ECFP4+MHFP6),Homo sapiens,0.02,,,10
Abrectorin,Abrus precatorius,44257585.0,COc1ccc(cc1O)c1cc(=O)c2c(o1)cc(c(c2)OC)O,PPB3,Cellular tumor antigen p53,,,,DNN(ECFP4+MHFP6),Homo sapiens,0.01,,,11
Abrectorin,Abrus precatorius,44257585.0,COc1ccc(cc1O)c1cc(=O)c2c(o1)cc(c(c2)OC)O,PPB3,Niemann-Pick C1 protein,,,,DNN(ECFP4+MHFP6),Homo sapiens,0.01,,,12
Abrectorin,Abrus precatorius,44257585.0,COc1ccc(cc1O)c1cc(=O)c2c(o1)cc(c(c2)OC)O,PPB3,Thyroid stimulating hormone receptor,,,,DNN(ECFP4+MHFP6),Homo sapiens,0.01,,,13
Abrectorin,Abrus precatorius,44257585.0,COc1ccc(cc1O)c1cc(=O)c2c(o1)cc(c(c2)OC)O,PPB3,"NACHT, LRR and PYD domains-containing protein 3",,,,DNN(ECFP4+MHFP6),Homo sapiens,0.01,,,14
Abrectorin,Abrus precatorius,44257585.0,COc1ccc(cc1O)c1cc(=O)c2c(o1)cc(c(c2)OC)O,PPB3,Corticotropin-releasing factor receptor 2/Corticotropin-releasing factor-binding protein,,,,DNN(ECFP4+MHFP6),Homo sapiens,0.01,,,15
Abrectorin,Abrus precatorius,44257585.0,COc1ccc(cc1O)c1cc(=O)c2c(o1)cc(c(c2)OC)O,PPB3,Arachidonate 5-lipoxygenase,,,,DNN(ECFP4),Homo sapiens,0.05,,,16
Abrectorin,Abrus precatorius,44257585.0,COc1ccc(cc1O)c1cc(=O)c2c(o1)cc(c(c2)OC)O,PPB3,Cytochrome P450 1A2,,,,DNN(ECFP4),Homo sapiens,0.04,,,17
Abrectorin,Abrus precatorius,44257585.0,COc1ccc(cc1O)c1cc(=O)c2c(o1)cc(c(c2)OC)O,PPB3,Casein kinase II,,,,DNN(ECFP4),Homo sapiens,0.03,,,18
Abrectorin,Abrus precatorius,44257585.0,COc1ccc(cc1O)c1cc(=O)c2c(o1)cc(c(c2)OC)O,PPB3,KB,,,,DNN(ECFP4),Homo sapiens,0.03,,,19
Abrectorin,Abrus precatorius,44257585.0,COc1ccc(cc1O)c1cc(=O)c2c(o1)cc(c(c2)OC)O,PPB3,Monocyte,,,,DNN(ECFP4),Homo sapiens,0.03,,,20
Abrectorin,Abrus precatorius,44257585.0,COc1ccc(cc1O)c1cc(=O)c2c(o1)cc(c(c2)OC)O,PPB3,HepG2,,,,DNN(ECFP4),Homo sapiens,0.02,,,21
Abrectorin,Abrus precatorius,44257585.0,COc1ccc(cc1O)c1cc(=O)c2c(o1)cc(c(c2)OC)O,PPB3,microRNA 21,,,,DNN(ECFP4),Homo sapiens,0.02,,,22
Abrectorin,Abrus precatorius,44257585.0,COc1ccc(cc1O)c1cc(=O)c2c(o1)cc(c(c2)OC)O,PPB3,Androgen Receptor,,,,DNN(ECFP4),Homo sapiens,0.02,,,23
Abrectorin,Abrus precatorius,44257585.0,COc1ccc(cc1O)c1cc(=O)c2c(o1)cc(c(c2)OC)O,PPB3,Cytochrome P450 3A4,,,,DNN(ECFP4),Homo sapiens,0.02,,,24
Abrectorin,Abrus precatorius,44257585.0,COc1ccc(cc1O)c1cc(=O)c2c(o1)cc(c(c2)OC)O,PPB3,Cytochrome P450 2C19,,,,DNN(ECFP4),Homo sapiens,0.02,,,25
Abrectorin,Abrus precatorius,44257585.0,COc1ccc(cc1O)c1cc(=O)c2c(o1)cc(c(c2)OC)O,PPB3,Solute carrier organic anion transporter family member 1B1,,,,DNN(ECFP4),Homo sapiens,0.02,,,26
Abrectorin,Abrus precatorius,44257585.0,COc1ccc(cc1O)c1cc(=O)c2c(o1)cc(c(c2)OC)O,PPB3,K562,,,,DNN(ECFP4),Homo sapiens,0.02,,,27
Abrectorin,Abrus precatorius,44257585.0,COc1ccc(cc1O)c1cc(=O)c2c(o1)cc(c(c2)OC)O,PPB3,MCF7,,,,DNN(ECFP4),Homo sapiens,0.01,,,28
Abrectorin,Abrus precatorius,44257585.0,COc1ccc(cc1O)c1cc(=O)c2c(o1)cc(c(c2)OC)O,PPB3,Microtubule-associated protein tau,,,,DNN(ECFP4),Homo sapiens,0.01,,,29
Abrectorin,Abrus precatorius,44257585.0,COc1ccc(cc1O)c1cc(=O)c2c(o1)cc(c(c2)OC)O,PPB3,Cellular tumor antigen p53,,,,DNN(ECFP4),Homo sapiens,0.01,,,30
Abrectorin,Abrus precatorius,44257585.0,COc1ccc(cc1O)c1cc(=O)c2c(o1)cc(c(c2)OC)O,PPB3,Solute carrier organic anion transporter family member 1B3,,,,DNN(ECFP4),Homo sapiens,0.01,,,31
Abrectorin,Abrus precatorius,44257585.0,COc1ccc(cc1O)c1cc(=O)c2c(o1)cc(c(c2)OC)O,PPB3,Microtubule-associated protein tau,,,,DNN(RDKit),Homo sapiens,0.07,,,32
Abrectorin,Abrus precatorius,44257585.0,COc1ccc(cc1O)c1cc(=O)c2c(o1)cc(c(c2)OC)O,PPB3,Lysine-specific demethylase 4D-like,,,,DNN(RDKit),Homo sapiens,0.06,,,33
Abrectorin,Abrus precatorius,44257585.0,COc1ccc(cc1O)c1cc(=O)c2c(o1)cc(c(c2)OC)O,PPB3,Cytochrome P450 3A4,,,,DNN(RDKit),Homo sapiens,0.05,,,34
Abrectorin,Abrus precatorius,44257585.0,COc1ccc(cc1O)c1cc(=O)c2c(o1)cc(c(c2)OC)O,PPB3,Acetylcholinesterase,,,,DNN(RDKit),Homo sapiens,0.04,,,35
Abrectorin,Abrus precatorius,44257585.0,COc1ccc(cc1O)c1cc(=O)c2c(o1)cc(c(c2)OC)O,PPB3,PBMC,,,,DNN(RDKit),Homo sapiens,0.04,,,36
Abrectorin,Abrus precatorius,44257585.0,COc1ccc(cc1O)c1cc(=O)c2c(o1)cc(c(c2)OC)O,PPB3,Cytochrome P450 2C19,,,,DNN(RDKit),Homo sapiens,0.04,,,37
Abrectorin,Abrus precatorius,44257585.0,COc1ccc(cc1O)c1cc(=O)c2c(o1)cc(c(c2)OC)O,PPB3,Cytochrome P450 1A2,,,,DNN(RDKit),Homo sapiens,0.04,,,38
Abrectorin,Abrus precatorius,44257585.0,COc1ccc(cc1O)c1cc(=O)c2c(o1)cc(c(c2)OC)O,PPB3,Casein kinase II,,,,DNN(RDKit),Homo sapiens,0.04,,,39
Abrectorin,Abrus precatorius,44257585.0,COc1ccc(cc1O)c1cc(=O)c2c(o1)cc(c(c2)OC)O,PPB3,Histone deacetylase 6,,,,DNN(RDKit),Homo sapiens,0.04,,,40
Abrectorin,Abrus precatorius,44257585.0,COc1ccc(cc1O)c1cc(=O)c2c(o1)cc(c(c2)OC)O,PPB3,Lysosomal alpha-glucosidase,,,,DNN(RDKit),Homo sapiens,0.03,,,41
Abrectorin,Abrus precatorius,44257585.0,COc1ccc(cc1O)c1cc(=O)c2c(o1)cc(c(c2)OC)O,PPB3,Monocyte,,,,DNN(RDKit),Homo sapiens,0.03,,,42
Abrectorin,Abrus precatorius,44257585.0,COc1ccc(cc1O)c1cc(=O)c2c(o1)cc(c(c2)OC)O,PPB3,ATP-dependent DNA helicase Q1,,,,DNN(RDKit),Homo sapiens,0.03,,,43
Abrectorin,Abrus precatorius,44257585.0,COc1ccc(cc1O)c1cc(=O)c2c(o1)cc(c(c2)OC)O,PPB3,Beta-secretase 1,,,,DNN(RDKit),Homo sapiens,0.03,,,44
Abrectorin,Abrus precatorius,44257585.0,COc1ccc(cc1O)c1cc(=O)c2c(o1)cc(c(c2)OC)O,PPB3,Cytochrome P450 1A1,,,,DNN(RDKit),Homo sapiens,0.03,,,45
Abrectorin,Abrus precatorius,44257585.0,COc1ccc(cc1O)c1cc(=O)c2c(o1)cc(c(c2)OC)O,PPB3,Survival motor neuron protein,,,,DNN(RDKit),Homo sapiens,0.03,,,46
Abrectorin,Abrus precatorius,44257585.0,COc1ccc(cc1O)c1cc(=O)c2c(o1)cc(c(c2)OC)O,PPB3,Cytochrome P450 2C9,,,,DNN(RDKit),Homo sapiens,0.03,,,47
Abrectorin,Abrus precatorius,44257585.0,COc1ccc(cc1O)c1cc(=O)c2c(o1)cc(c(c2)OC)O,PPB3,Acetylcholinesterase,,,,DNN(Layered),Homo sapiens,0.21,,,48
Abrectorin,Abrus precatorius,44257585.0,COc1ccc(cc1O)c1cc(=O)c2c(o1)cc(c(c2)OC)O,PPB3,Butyrylcholinesterase,,,,DNN(Layered),Homo sapiens,0.11,,,49
Abrectorin,Abrus precatorius,44257585.0,COc1ccc(cc1O)c1cc(=O)c2c(o1)cc(c(c2)OC)O,PPB3,HepG2,,,,DNN(Layered),Homo sapiens,0.09,,,50
Abrectorin,Abrus precatorius,44257585.0,COc1ccc(cc1O)c1cc(=O)c2c(o1)cc(c(c2)OC)O,PPB3,HL-60,,,,DNN(Layered),Homo sapiens,0.09,,,51
Abrectorin,Abrus precatorius,44257585.0,COc1ccc(cc1O)c1cc(=O)c2c(o1)cc(c(c2)OC)O,PPB3,Cytochrome P450 1B1,,,,DNN(Layered),Homo sapiens,0.07,,,52
Abrectorin,Abrus precatorius,44257585.0,COc1ccc(cc1O)c1cc(=O)c2c(o1)cc(c(c2)OC)O,PPB3,HeLa,,,,DNN(Layered),Homo sapiens,0.06,,,53
Abrectorin,Abrus precatorius,44257585.0,COc1ccc(cc1O)c1cc(=O)c2c(o1)cc(c(c2)OC)O,PPB3,KB,,,,DNN(Layered),Homo sapiens,0.05,,,54
Abrectorin,Abrus precatorius,44257585.0,COc1ccc(cc1O)c1cc(=O)c2c(o1)cc(c(c2)OC)O,PPB3,Solute carrier organic anion transporter family member 1B3,,,,DNN(Layered),Homo sapiens,0.05,,,55
Abrectorin,Abrus precatorius,44257585.0,COc1ccc(cc1O)c1cc(=O)c2c(o1)cc(c(c2)OC)O,PPB3,Tyrosinase,,,,DNN(Layered),Homo sapiens,0.05,,,56
Abrectorin,Abrus precatorius,44257585.0,COc1ccc(cc1O)c1cc(=O)c2c(o1)cc(c(c2)OC)O,PPB3,Beta-secretase 1,,,,DNN(Layered),Homo sapiens,0.05,,,57
Abrectorin,Abrus precatorius,44257585.0,COc1ccc(cc1O)c1cc(=O)c2c(o1)cc(c(c2)OC)O,PPB3,K562,,,,DNN(Layered),Homo sapiens,0.05,,,58
Abrectorin,Abrus precatorius,44257585.0,COc1ccc(cc1O)c1cc(=O)c2c(o1)cc(c(c2)OC)O,PPB3,Monoamine oxidase A,,,,DNN(Layered),Homo sapiens,0.04,,,59
Abrectorin,Abrus precatorius,44257585.0,COc1ccc(cc1O)c1cc(=O)c2c(o1)cc(c(c2)OC)O,PPB3,Solute carrier organic anion transporter family member 1B1,,,,DNN(Layered),Homo sapiens,0.04,,,60
Abrectorin,Abrus precatorius,44257585.0,COc1ccc(cc1O)c1cc(=O)c2c(o1)cc(c(c2)OC)O,PPB3,K562,,,,DNN(MHFP6),Homo sapiens,0.56,,,61
Abrectorin,Abrus precatorius,44257585.0,COc1ccc(cc1O)c1cc(=O)c2c(o1)cc(c(c2)OC)O,PPB3,HepG2,,,,DNN(MHFP6),Homo sapiens,0.2,,,62
Abrectorin,Abrus precatorius,44257585.0,COc1ccc(cc1O)c1cc(=O)c2c(o1)cc(c(c2)OC)O,PPB3,HCT-116,,,,DNN(MHFP6),Homo sapiens,0.16,,,63
Abrectorin,Abrus precatorius,44257585.0,COc1ccc(cc1O)c1cc(=O)c2c(o1)cc(c(c2)OC)O,PPB3,MDA-MB-231,,,,DNN(MHFP6),Homo sapiens,0.16,,,64
Abrectorin,Abrus precatorius,44257585.0,COc1ccc(cc1O)c1cc(=O)c2c(o1)cc(c(c2)OC)O,PPB3,MCF7,,,,DNN(MHFP6),Homo sapiens,0.14,,,65
Abrectorin,Abrus precatorius,44257585.0,COc1ccc(cc1O)c1cc(=O)c2c(o1)cc(c(c2)OC)O,PPB3,HL-60,,,,DNN(MHFP6),Homo sapiens,0.12,,,66
Abrectorin,Abrus precatorius,44257585.0,COc1ccc(cc1O)c1cc(=O)c2c(o1)cc(c(c2)OC)O,PPB3,Jurkat,,,,DNN(MHFP6),Homo sapiens,0.11,,,67
Abrectorin,Abrus precatorius,44257585.0,COc1ccc(cc1O)c1cc(=O)c2c(o1)cc(c(c2)OC)O,PPB3,PBMC,,,,DNN(MHFP6),Homo sapiens,0.11,,,68
Abrectorin,Abrus precatorius,44257585.0,COc1ccc(cc1O)c1cc(=O)c2c(o1)cc(c(c2)OC)O,PPB3,PC-3,,,,DNN(MHFP6),Homo sapiens,0.1,,,69
Abrectorin,Abrus precatorius,44257585.0,COc1ccc(cc1O)c1cc(=O)c2c(o1)cc(c(c2)OC)O,PPB3,Cytochrome P450 1A1,,,,DNN(MHFP6),Homo sapiens,0.09,,,70
Abrectorin,Abrus precatorius,44257585.0,COc1ccc(cc1O)c1cc(=O)c2c(o1)cc(c(c2)OC)O,PPB3,A549,,,,DNN(MHFP6),Homo sapiens,0.09,,,71
Abrectorin,Abrus precatorius,44257585.0,COc1ccc(cc1O)c1cc(=O)c2c(o1)cc(c(c2)OC)O,PPB3,HEK293,,,,DNN(MHFP6),Homo sapiens,0.08,,,72
Abrectorin,Abrus precatorius,44257585.0,COc1ccc(cc1O)c1cc(=O)c2c(o1)cc(c(c2)OC)O,PPB3,HT-29,,,,DNN(MHFP6),Homo sapiens,0.07,,,73
Abrectorin,Abrus precatorius,44257585.0,COc1ccc(cc1O)c1cc(=O)c2c(o1)cc(c(c2)OC)O,PPB3,Cytochrome P450 1B1,,,,DNN(MHFP6),Homo sapiens,0.06,,,74
Abrectorin,Abrus precatorius,44257585.0,COc1ccc(cc1O)c1cc(=O)c2c(o1)cc(c(c2)OC)O,PPB3,SW480,,,,DNN(MHFP6),Homo sapiens,0.06,,,75
Abrectorin,Abrus precatorius,44257585.0,COc1ccc(cc1O)c1cc(=O)c2c(o1)cc(c(c2)OC)O,PPB3,Arachidonate 5-lipoxygenase,,,,DNN(MHFP6),Homo sapiens,0.05,,,76
Abrectorin,Abrus precatorius,44257585.0,COc1ccc(cc1O)c1cc(=O)c2c(o1)cc(c(c2)OC)O,PPB3,BJ,,,,DNN(MHFP6),Homo sapiens,0.04,,,77
Abrectorin,Abrus precatorius,44257585.0,COc1ccc(cc1O)c1cc(=O)c2c(o1)cc(c(c2)OC)O,PPB3,A2780,,,,DNN(MHFP6),Homo sapiens,0.04,,,78
Abrectorin,Abrus precatorius,44257585.0,COc1ccc(cc1O)c1cc(=O)c2c(o1)cc(c(c2)OC)O,PPB3,SK-N-SH,,,,DNN(ECFP6),Homo sapiens,0.57,,,79
Abrectorin,Abrus precatorius,44257585.0,COc1ccc(cc1O)c1cc(=O)c2c(o1)cc(c(c2)OC)O,PPB3,HL-60,,,,DNN(ECFP6),Homo sapiens,0.5,,,80
Abrectorin,Abrus precatorius,44257585.0,COc1ccc(cc1O)c1cc(=O)c2c(o1)cc(c(c2)OC)O,PPB3,MKN-28,,,,DNN(ECFP6),Homo sapiens,0.46,,,81
Abrectorin,Abrus precatorius,44257585.0,COc1ccc(cc1O)c1cc(=O)c2c(o1)cc(c(c2)OC)O,PPB3,KB,,,,DNN(ECFP6),Homo sapiens,0.43,,,82
Abrectorin,Abrus precatorius,44257585.0,COc1ccc(cc1O)c1cc(=O)c2c(o1)cc(c(c2)OC)O,PPB3,HEp-2,,,,DNN(ECFP6),Homo sapiens,0.43,,,83
Abrectorin,Abrus precatorius,44257585.0,COc1ccc(cc1O)c1cc(=O)c2c(o1)cc(c(c2)OC)O,PPB3,SH-SY5Y,,,,DNN(ECFP6),Homo sapiens,0.35,,,84
Abrectorin,Abrus precatorius,44257585.0,COc1ccc(cc1O)c1cc(=O)c2c(o1)cc(c(c2)OC)O,PPB3,Raji,,,,DNN(ECFP6),Homo sapiens,0.24,,,85
Abrectorin,Abrus precatorius,44257585.0,COc1ccc(cc1O)c1cc(=O)c2c(o1)cc(c(c2)OC)O,PPB3,Amyloid-beta A4 protein,,,,DNN(ECFP6),Homo sapiens,0.19,,,86
Abrectorin,Abrus precatorius,44257585.0,COc1ccc(cc1O)c1cc(=O)c2c(o1)cc(c(c2)OC)O,PPB3,PC-9,,,,DNN(ECFP6),Homo sapiens,0.19,,,87
Abrectorin,Abrus precatorius,44257585.0,COc1ccc(cc1O)c1cc(=O)c2c(o1)cc(c(c2)OC)O,PPB3,K562,,,,DNN(ECFP6),Homo sapiens,0.17,,,88
Abrectorin,Abrus precatorius,44257585.0,COc1ccc(cc1O)c1cc(=O)c2c(o1)cc(c(c2)OC)O,PPB3,Solute carrier organic anion transporter family member 1B3,,,,DNN(ECFP6),Homo sapiens,0.17,,,89
Abrectorin,Abrus precatorius,44257585.0,COc1ccc(cc1O)c1cc(=O)c2c(o1)cc(c(c2)OC)O,PPB3,HepG2,,,,DNN(ECFP6),Homo sapiens,0.16,,,90
Abrectorin,Abrus precatorius,44257585.0,COc1ccc(cc1O)c1cc(=O)c2c(o1)cc(c(c2)OC)O,PPB3,Telomerase reverse transcriptase,,,,DNN(ECFP6),Homo sapiens,0.15,,,91
Abrectorin,Abrus precatorius,44257585.0,COc1ccc(cc1O)c1cc(=O)c2c(o1)cc(c(c2)OC)O,PPB3,Solute carrier organic anion transporter family member 1B1,,,,DNN(ECFP6),Homo sapiens,0.14,,,92
Abrectorin,Abrus precatorius,44257585.0,COc1ccc(cc1O)c1cc(=O)c2c(o1)cc(c(c2)OC)O,PPB3,MCF7,,,,DNN(ECFP6),Homo sapiens,0.12,,,93
Abrectorin,Abrus precatorius,44257585.0,COc1ccc(cc1O)c1cc(=O)c2c(o1)cc(c(c2)OC)O,PPB3,A-375,,,,DNN(ECFP6),Homo sapiens,0.12,,,94
Abrectorin,Abrus precatorius,44257585.0,COc1ccc(cc1O)c1cc(=O)c2c(o1)cc(c(c2)OC)O,PPB3,H9,,,,DNN(ECFP6),Homo sapiens,0.12,,,95
Abrectorin,Abrus precatorius,44257585.0,COc1ccc(cc1O)c1cc(=O)c2c(o1)cc(c(c2)OC)O,PPB3,Ras-related protein Rab-9A,,,,DNN(AtomPair),Homo sapiens,0.25,,,96
Abrectorin,Abrus precatorius,44257585.0,COc1ccc(cc1O)c1cc(=O)c2c(o1)cc(c(c2)OC)O,PPB3,Microtubule-associated protein tau,,,,DNN(AtomPair),Homo sapiens,0.18,,,97
Abrectorin,Abrus precatorius,44257585.0,COc1ccc(cc1O)c1cc(=O)c2c(o1)cc(c(c2)OC)O,PPB3,microRNA 21,,,,DNN(AtomPair),Homo sapiens,0.17,,,98
Abrectorin,Abrus precatorius,44257585.0,COc1ccc(cc1O)c1cc(=O)c2c(o1)cc(c(c2)OC)O,PPB3,Niemann-Pick C1 protein,,,,DNN(AtomPair),Homo sapiens,0.15,,,99
Abrectorin,Abrus precatorius,44257585.0,COc1ccc(cc1O)c1cc(=O)c2c(o1)cc(c(c2)OC)O,PPB3,N9,,,,DNN(AtomPair),Homo sapiens,0.12,,,100
Abrectorin,Abrus precatorius,44257585.0,COc1ccc(cc1O)c1cc(=O)c2c(o1)cc(c(c2)OC)O,PPB3,Solute carrier organic anion transporter family member 1B3,,,,DNN(AtomPair),Homo sapiens,0.07,,,101
Abrectorin,Abrus precatorius,44257585.0,COc1ccc(cc1O)c1cc(=O)c2c(o1)cc(c(c2)OC)O,PPB3,MCF7,,,,DNN(AtomPair),Homo sapiens,0.06,,,102
Abrectorin,Abrus precatorius,44257585.0,COc1ccc(cc1O)c1cc(=O)c2c(o1)cc(c(c2)OC)O,PPB3,Cellular tumor antigen p53,,,,DNN(AtomPair),Homo sapiens,0.06,,,103
Abrectorin,Abrus precatorius,44257585.0,COc1ccc(cc1O)c1cc(=O)c2c(o1)cc(c(c2)OC)O,PPB3,Tyrosyl-DNA phosphodiesterase 1,,,,DNN(AtomPair),Homo sapiens,0.06,,,104
Abrectorin,Abrus precatorius,44257585.0,COc1ccc(cc1O)c1cc(=O)c2c(o1)cc(c(c2)OC)O,PPB3,HCT-116,,,,DNN(AtomPair),Homo sapiens,0.06,,,105
Abrectorin,Abrus precatorius,44257585.0,COc1ccc(cc1O)c1cc(=O)c2c(o1)cc(c(c2)OC)O,PPB3,T47D,,,,DNN(AtomPair),Homo sapiens,0.06,,,106
Abrectorin,Abrus precatorius,44257585.0,COc1ccc(cc1O)c1cc(=O)c2c(o1)cc(c(c2)OC)O,PPB3,Menin/Histone-lysine N-methyltransferase MLL,,,,DNN(AtomPair),Homo sapiens,0.06,,,107
Abrectorin,Abrus precatorius,44257585.0,COc1ccc(cc1O)c1cc(=O)c2c(o1)cc(c(c2)OC)O,PPB3,Solute carrier organic anion transporter family member 1B1,,,,DNN(AtomPair),Homo sapiens,0.06,,,108
Abrectorin,Abrus precatorius,44257585.0,COc1ccc(cc1O)c1cc(=O)c2c(o1)cc(c(c2)OC)O,PPB3,DNA polymerase beta,,,,DNN(AtomPair),Homo sapiens,0.05,,,109
Abrectorin,Abrus precatorius,44257585.0,COc1ccc(cc1O)c1cc(=O)c2c(o1)cc(c(c2)OC)O,PPB3,Survival motor neuron protein,,,,DNN(AtomPair),Homo sapiens,0.05,,,110
Abrectorin,Abrus precatorius,44257585.0,COc1ccc(cc1O)c1cc(=O)c2c(o1)cc(c(c2)OC)O,PPB3,HeLa,,,,DNN(AtomPair),Homo sapiens,0.05,,,111
Abrectorin,Abrus precatorius,44257585.0,COc1ccc(cc1O)c1cc(=O)c2c(o1)cc(c(c2)OC)O,PPB3,SK-N-SH,,,,Consensus,Homo sapiens,0.57,,,112
Abrectorin,Abrus precatorius,44257585.0,COc1ccc(cc1O)c1cc(=O)c2c(o1)cc(c(c2)OC)O,PPB3,K562,,,,Consensus,Homo sapiens,0.56,,,113
Abrectorin,Abrus precatorius,44257585.0,COc1ccc(cc1O)c1cc(=O)c2c(o1)cc(c(c2)OC)O,PPB3,HL-60,,,,Consensus,Homo sapiens,0.5,,,114
Abrectorin,Abrus precatorius,44257585.0,COc1ccc(cc1O)c1cc(=O)c2c(o1)cc(c(c2)OC)O,PPB3,MKN-28,,,,Consensus,Homo sapiens,0.46,,,115
Abrectorin,Abrus precatorius,44257585.0,COc1ccc(cc1O)c1cc(=O)c2c(o1)cc(c(c2)OC)O,PPB3,KB,,,,Consensus,Homo sapiens,0.43,,,116
Abrectorin,Abrus precatorius,44257585.0,COc1ccc(cc1O)c1cc(=O)c2c(o1)cc(c(c2)OC)O,PPB3,HEp-2,,,,Consensus,Homo sapiens,0.43,,,117
Abrectorin,Abrus precatorius,44257585.0,COc1ccc(cc1O)c1cc(=O)c2c(o1)cc(c(c2)OC)O,PPB3,SH-SY5Y,,,,Consensus,Homo sapiens,0.35,,,118
Abrectorin,Abrus precatorius,44257585.0,COc1ccc(cc1O)c1cc(=O)c2c(o1)cc(c(c2)OC)O,PPB3,Ras-related protein Rab-9A,,,,Consensus,Homo sapiens,0.25,,,119
Abrectorin,Abrus precatorius,44257585.0,COc1ccc(cc1O)c1cc(=O)c2c(o1)cc(c(c2)OC)O,PPB3,Raji,,,,Consensus,Homo sapiens,0.24,,,120
Abrectorin,Abrus precatorius,44257585.0,COc1ccc(cc1O)c1cc(=O)c2c(o1)cc(c(c2)OC)O,PPB3,Acetylcholinesterase,,,,Consensus,Homo sapiens,0.21,,,121
Abrectorin,Abrus precatorius,44257585.0,COc1ccc(cc1O)c1cc(=O)c2c(o1)cc(c(c2)OC)O,PPB3,HepG2,,,,Consensus,Homo sapiens,0.2,,,122
Abrectorin,Abrus precatorius,44257585.0,COc1ccc(cc1O)c1cc(=O)c2c(o1)cc(c(c2)OC)O,PPB3,Amyloid-beta A4 protein,,,,Consensus,Homo sapiens,0.19,,,123
Abrectorin,Abrus precatorius,44257585.0,COc1ccc(cc1O)c1cc(=O)c2c(o1)cc(c(c2)OC)O,PPB3,PC-9,,,,Consensus,Homo sapiens,0.19,,,124
Abrectorin,Abrus precatorius,44257585.0,COc1ccc(cc1O)c1cc(=O)c2c(o1)cc(c(c2)OC)O,PPB3,Microtubule-associated protein tau,,,,Consensus,Homo sapiens,0.18,,,125
Abrectorin,Abrus precatorius,44257585.0,COc1ccc(cc1O)c1cc(=O)c2c(o1)cc(c(c2)OC)O,PPB3,Solute carrier organic anion transporter family member 1B3,,,,Consensus,Homo sapiens,0.17,,,126
Abrectorin,Abrus precatorius,44257585.0,COc1ccc(cc1O)c1cc(=O)c2c(o1)cc(c(c2)OC)O,PPB3,microRNA 21,,,,Consensus,Homo sapiens,0.17,,,127
Abrectorin,Abrus precatorius,44257585.0,COc1ccc(cc1O)c1cc(=O)c2c(o1)cc(c(c2)OC)O,PPB3,HCT-116,,,,Consensus,Homo sapiens,0.16,,,128
Abrectorin,Abrus precatorius,44257585.0,COc1ccc(cc1O)c1cc(=O)c2c(o1)cc(c(c2)OC)O,PPB3,MDA-MB-231,,,,Consensus,Homo sapiens,0.16,,,129
Abrectorin,Abrus precatorius,44257585.0,COc1ccc(cc1O)c1cc(=O)c2c(o1)cc(c(c2)OC)O,SEA,CREB1,,CREB1_HUMAN,,Cyclic AMP-responsive element-binding protein 1,CREB1_HUMAN,,7.546e-82,0.47,1
Abrectorin,Abrus precatorius,44257585.0,COc1ccc(cc1O)c1cc(=O)c2c(o1)cc(c(c2)OC)O,SEA,CYP1B1,,CP1B1_HUMAN,,Cytochrome P450 1B1,CP1B1_HUMAN,,1.249e-75,0.66,2
Abrectorin,Abrus precatorius,44257585.0,COc1ccc(cc1O)c1cc(=O)c2c(o1)cc(c(c2)OC)O,SEA,PTPRS,,PTPRS_HUMAN,,Receptor-type tyrosine-protein phosphatase S,PTPRS_HUMAN,,1.739e-45,0.48,3
Abrectorin,Abrus precatorius,44257585.0,COc1ccc(cc1O)c1cc(=O)c2c(o1)cc(c(c2)OC)O,SEA,TUBB1,,TBB1_HUMAN,,Tubulin beta-1 chain,TBB1_HUMAN,,5.35e-37,0.33,4
Abrectorin,Abrus precatorius,44257585.0,COc1ccc(cc1O)c1cc(=O)c2c(o1)cc(c(c2)OC)O,SEA,ABCG2,,ABCG2_HUMAN,,Broad substrate specificity ATP-binding cassette transporter ABCG2,ABCG2_HUMAN,,2.199e-25,0.52,5
Abrectorin,Abrus precatorius,44257585.0,COc1ccc(cc1O)c1cc(=O)c2c(o1)cc(c(c2)OC)O,SEA,QDPR,,DHPR_HUMAN,,Dihydropteridine reductase,DHPR_HUMAN,,9.05e-24,0.31,6
Abrectorin,Abrus precatorius,44257585.0,COc1ccc(cc1O)c1cc(=O)c2c(o1)cc(c(c2)OC)O,SEA,XDH,,XDH_HUMAN,,Xanthine dehydrogenase/oxidase,XDH_HUMAN,,1.112e-22,0.47,7
Abrectorin,Abrus precatorius,44257585.0,COc1ccc(cc1O)c1cc(=O)c2c(o1)cc(c(c2)OC)O,SEA,CA13,,CAH13_HUMAN,,Carbonic anhydrase 13,CAH13_HUMAN,,7.397e-22,0.44,8
Abrectorin,Abrus precatorius,44257585.0,COc1ccc(cc1O)c1cc(=O)c2c(o1)cc(c(c2)OC)O,SEA,AMY1A,,AMY1A_HUMAN,,Alpha-amylase 1,AMY1A_HUMAN,,3.499e-21,0.41,9
Abrectorin,Abrus precatorius,44257585.0,COc1ccc(cc1O)c1cc(=O)c2c(o1)cc(c(c2)OC)O,SEA,ANTXR2,,ANTR2_HUMAN,,Anthrax toxin receptor 2,ANTR2_HUMAN,,6.654e-21,0.33,10
Abrectorin,Abrus precatorius,44257585.0,COc1ccc(cc1O)c1cc(=O)c2c(o1)cc(c(c2)OC)O,SEA,TNKS,,TNKS1_HUMAN,,Poly [ADP-ribose] polymerase tankyrase-1,TNKS1_HUMAN,,5.036e-20,0.53,11
Abrectorin,Abrus precatorius,44257585.0,COc1ccc(cc1O)c1cc(=O)c2c(o1)cc(c(c2)OC)O,SEA,PON1,,PON1_HUMAN,,Serum paraoxonase/arylesterase 1,PON1_HUMAN,,2.322e-19,0.31,12
Abrectorin,Abrus precatorius,44257585.0,COc1ccc(cc1O)c1cc(=O)c2c(o1)cc(c(c2)OC)O,SEA,ALOX5,,LOX5_HUMAN,,Arachidonate 5-lipoxygenase,LOX5_HUMAN,,4.426e-19,0.53,13
Abrectorin,Abrus precatorius,44257585.0,COc1ccc(cc1O)c1cc(=O)c2c(o1)cc(c(c2)OC)O,SEA,KCND3,,KCND3_HUMAN,,Potassium voltage-gated channel subfamily D member 3,KCND3_HUMAN,,4.628e-18,0.45,14
Abrectorin,Abrus precatorius,44257585.0,COc1ccc(cc1O)c1cc(=O)c2c(o1)cc(c(c2)OC)O,SEA,ABCB1,,MDR1_HUMAN,,ATP-dependent translocase ABCB1,MDR1_HUMAN,,5.23e-18,0.59,15
Abrectorin,Abrus precatorius,44257585.0,COc1ccc(cc1O)c1cc(=O)c2c(o1)cc(c(c2)OC)O,SEA,IL2,,IL2_HUMAN,,Interleukin-2,IL2_HUMAN,,2.134e-17,0.36,16
Abrectorin,Abrus precatorius,44257585.0,COc1ccc(cc1O)c1cc(=O)c2c(o1)cc(c(c2)OC)O,SEA,PGF,,PLGF_HUMAN,,Placenta growth factor,PLGF_HUMAN,,1.11e-16,0.32,17
Abrectorin,Abrus precatorius,44257585.0,COc1ccc(cc1O)c1cc(=O)c2c(o1)cc(c(c2)OC)O,SEA,CBR1,,CBR1_HUMAN,,Carbonyl reductase [NADPH] 1,CBR1_HUMAN,,2.22e-16,0.35,18
Abrectorin,Abrus precatorius,44257585.0,COc1ccc(cc1O)c1cc(=O)c2c(o1)cc(c(c2)OC)O,SEA,CYP1A1,,CP1A1_HUMAN,,Cytochrome P450 1A1,CP1A1_HUMAN,,3.331e-16,0.54,19
Abrectorin,Abrus precatorius,44257585.0,COc1ccc(cc1O)c1cc(=O)c2c(o1)cc(c(c2)OC)O,SEA,TERT,,TERT_HUMAN,,Telomerase reverse transcriptase,TERT_HUMAN,,4.441e-16,0.58,20
Abrectorin,Abrus precatorius,44257585.0,COc1ccc(cc1O)c1cc(=O)c2c(o1)cc(c(c2)OC)O,SEA,ST6GAL1,,SIAT1_HUMAN,,"Beta-galactoside alpha-2,6-sialyltransferase 1",SIAT1_HUMAN,,4.552e-15,0.50,21
Abrectorin,Abrus precatorius,44257585.0,COc1ccc(cc1O)c1cc(=O)c2c(o1)cc(c(c2)OC)O,SEA,ELAVL3,,ELAV3_HUMAN,,ELAV-like protein 3,ELAV3_HUMAN,,1.799e-14,0.36,22
Abrectorin,Abrus precatorius,44257585.0,COc1ccc(cc1O)c1cc(=O)c2c(o1)cc(c(c2)OC)O,SEA,CBS,,CBS_HUMAN,,Cystathionine beta-synthase,CBS_HUMAN,,9.026e-14,0.38,23
Abrectorin,Abrus precatorius,44257585.0,COc1ccc(cc1O)c1cc(=O)c2c(o1)cc(c(c2)OC)O,SEA,CELA1,,CELA1_HUMAN,,Chymotrypsin-like elastase family member 1,CELA1_HUMAN,,3.006e-13,0.33,24
Abrectorin,Abrus precatorius,44257585.0,COc1ccc(cc1O)c1cc(=O)c2c(o1)cc(c(c2)OC)O,SEA,ABCC1,,MRP1_HUMAN,,Multidrug resistance-associated protein 1,MRP1_HUMAN,,1.517e-12,0.65,25
Abrectorin,Abrus precatorius,44257585.0,COc1ccc(cc1O)c1cc(=O)c2c(o1)cc(c(c2)OC)O,SEA,CA7,,CAH7_HUMAN,,Carbonic anhydrase 7,CAH7_HUMAN,,4.493e-12,0.47,26
Abrectorin,Abrus precatorius,44257585.0,COc1ccc(cc1O)c1cc(=O)c2c(o1)cc(c(c2)OC)O,SEA,ERAP1,,ERAP1_HUMAN,,Endoplasmic reticulum aminopeptidase 1,ERAP1_HUMAN,,8.528e-12,0.47,27
Abrectorin,Abrus precatorius,44257585.0,COc1ccc(cc1O)c1cc(=O)c2c(o1)cc(c(c2)OC)O,SEA,GRK6,,GRK6_HUMAN,,G protein-coupled receptor kinase 6,GRK6_HUMAN,,1.483e-11,0.41,28
Abrectorin,Abrus precatorius,44257585.0,COc1ccc(cc1O)c1cc(=O)c2c(o1)cc(c(c2)OC)O,SEA,CALM1,,CALM1_HUMAN,,Calmodulin-1,CALM1_HUMAN,,1.698e-11,0.42,29
Abrectorin,Abrus precatorius,44257585.0,COc1ccc(cc1O)c1cc(=O)c2c(o1)cc(c(c2)OC)O,SEA,NOX4,,NOX4_HUMAN,,NADPH oxidase 4,NOX4_HUMAN,,2.447e-11,0.43,30
Abrectorin,Abrus precatorius,44257585.0,COc1ccc(cc1O)c1cc(=O)c2c(o1)cc(c(c2)OC)O,SEA,APP,,A4_HUMAN,,Amyloid-beta precursor protein,A4_HUMAN,,2.737e-11,0.46,31
Abrectorin,Abrus precatorius,44257585.0,COc1ccc(cc1O)c1cc(=O)c2c(o1)cc(c(c2)OC)O,SEA,CXCL12,,SDF1_HUMAN,,Stromal cell-derived factor 1,SDF1_HUMAN,,3.469e-11,0.30,32
Abrectorin,Abrus precatorius,44257585.0,COc1ccc(cc1O)c1cc(=O)c2c(o1)cc(c(c2)OC)O,SEA,ERN1,,ERN1_HUMAN,,Serine/threonine-protein kinase/endoribonuclease IRE1,ERN1_HUMAN,,3.565e-11,0.35,33
Abrectorin,Abrus precatorius,44257585.0,COc1ccc(cc1O)c1cc(=O)c2c(o1)cc(c(c2)OC)O,SEA,NQO1,,NQO1_HUMAN,,NAD(P)H dehydrogenase [quinone] 1,NQO1_HUMAN,,4.91e-11,0.39,34
Abrectorin,Abrus precatorius,44257585.0,COc1ccc(cc1O)c1cc(=O)c2c(o1)cc(c(c2)OC)O,SEA,ODC1,,DCOR_HUMAN,,Ornithine decarboxylase,DCOR_HUMAN,,8.877e-11,0.41,35
Abrectorin,Abrus precatorius,44257585.0,COc1ccc(cc1O)c1cc(=O)c2c(o1)cc(c(c2)OC)O,SEA,DHCR7,,DHCR7_HUMAN,,7-dehydrocholesterol reductase,DHCR7_HUMAN,,3.807e-10,0.30,36
Abrectorin,Abrus precatorius,44257585.0,COc1ccc(cc1O)c1cc(=O)c2c(o1)cc(c(c2)OC)O,SEA,SIGMAR1,,SGMR1_HUMAN,,Sigma non-opioid intracellular receptor 1,SGMR1_HUMAN,,7.122e-10,0.36,37
Abrectorin,Abrus precatorius,44257585.0,COc1ccc(cc1O)c1cc(=O)c2c(o1)cc(c(c2)OC)O,SEA,TNKS2,,TNKS2_HUMAN,,Poly [ADP-ribose] polymerase tankyrase-2,TNKS2_HUMAN,,7.69e-10,0.53,38
Abrectorin,Abrus precatorius,44257585.0,COc1ccc(cc1O)c1cc(=O)c2c(o1)cc(c(c2)OC)O,SEA,AKR1B10,,AK1BA_HUMAN,,Aldo-keto reductase family 1 member B10,AK1BA_HUMAN,,7.873e-09,0.43,39
Abrectorin,Abrus precatorius,44257585.0,COc1ccc(cc1O)c1cc(=O)c2c(o1)cc(c(c2)OC)O,SEA,IMPDH2,,IMDH2_HUMAN,,Inosine-5'-monophosphate dehydrogenase 2,IMDH2_HUMAN,,4.486e-08,0.34,40
Abrectorin,Abrus precatorius,44257585.0,COc1ccc(cc1O)c1cc(=O)c2c(o1)cc(c(c2)OC)O,SEA,CA3,,CAH3_HUMAN,,Carbonic anhydrase 3,CAH3_HUMAN,,7.222e-08,0.32,41
Abrectorin,Abrus precatorius,44257585.0,COc1ccc(cc1O)c1cc(=O)c2c(o1)cc(c(c2)OC)O,SEA,CA12,,CAH12_HUMAN,,Carbonic anhydrase 12,CAH12_HUMAN,,8.842e-08,0.47,42
Abrectorin,Abrus precatorius,44257585.0,COc1ccc(cc1O)c1cc(=O)c2c(o1)cc(c(c2)OC)O,SEA,GLO1,,LGUL_HUMAN,,Lactoylglutathione lyase,LGUL_HUMAN,,9.981e-08,0.43,43
Abrectorin,Abrus precatorius,44257585.0,COc1ccc(cc1O)c1cc(=O)c2c(o1)cc(c(c2)OC)O,SEA,ALOX12,,LOX12_HUMAN,,"Arachidonate 12-lipoxygenase, 12S-type",LOX12_HUMAN,,1.131e-07,0.38,44
Abrectorin,Abrus precatorius,44257585.0,COc1ccc(cc1O)c1cc(=O)c2c(o1)cc(c(c2)OC)O,SEA,NFKB1,,NFKB1_HUMAN,,Nuclear factor NF-kappa-B p105 subunit,NFKB1_HUMAN,,2.072e-07,0.31,45
Abrectorin,Abrus precatorius,44257585.0,COc1ccc(cc1O)c1cc(=O)c2c(o1)cc(c(c2)OC)O,SEA,CYP19A1,,CP19A_HUMAN,,Aromatase,CP19A_HUMAN,,7.539e-07,0.52,46
Abrectorin,Abrus precatorius,44257585.0,COc1ccc(cc1O)c1cc(=O)c2c(o1)cc(c(c2)OC)O,SEA,AR,,ANDR_HUMAN,,Androgen receptor,ANDR_HUMAN,,1.225e-06,0.44,47
Abrectorin,Abrus precatorius,44257585.0,COc1ccc(cc1O)c1cc(=O)c2c(o1)cc(c(c2)OC)O,SEA,CA9,,CAH9_HUMAN,,Carbonic anhydrase 9,CAH9_HUMAN,,1.402e-06,0.47,48
Abrectorin,Abrus precatorius,44257585.0,COc1ccc(cc1O)c1cc(=O)c2c(o1)cc(c(c2)OC)O,SEA,IMPDH1,,IMDH1_HUMAN,,Inosine-5'-monophosphate dehydrogenase 1,IMDH1_HUMAN,,1.451e-06,0.31,49
Abrectorin,Abrus precatorius,44257585.0,COc1ccc(cc1O)c1cc(=O)c2c(o1)cc(c(c2)OC)O,SEA,MAOB,,AOFB_HUMAN,,Amine oxidase [flavin-containing] B,AOFB_HUMAN,,2.16e-06,0.47,50
Abrectorin,Abrus precatorius,44257585.0,COc1ccc(cc1O)c1cc(=O)c2c(o1)cc(c(c2)OC)O,SEA,ACHE,,ACES_HUMAN,,Acetylcholinesterase,ACES_HUMAN,,4.554e-06,0.51,51
Abrectorin,Abrus precatorius,44257585.0,COc1ccc(cc1O)c1cc(=O)c2c(o1)cc(c(c2)OC)O,SEA,TTR,,TTHY_HUMAN,,Transthyretin,TTHY_HUMAN,,4.873e-06,0.43,52
Abrectorin,Abrus precatorius,44257585.0,COc1ccc(cc1O)c1cc(=O)c2c(o1)cc(c(c2)OC)O,SEA,CA6,,CAH6_HUMAN,,Carbonic anhydrase 6,CAH6_HUMAN,,5.031e-06,0.31,53
Abrectorin,Abrus precatorius,44257585.0,COc1ccc(cc1O)c1cc(=O)c2c(o1)cc(c(c2)OC)O,SEA,ESR2,,ESR2_HUMAN,,Estrogen receptor beta,ESR2_HUMAN,,5.055e-06,0.65,54
Abrectorin,Abrus precatorius,44257585.0,COc1ccc(cc1O)c1cc(=O)c2c(o1)cc(c(c2)OC)O,SEA,PRKDC,,PRKDC_HUMAN,,DNA-dependent protein kinase catalytic subunit,PRKDC_HUMAN,,5.162e-06,0.34,55
Abrectorin,Abrus precatorius,44257585.0,COc1ccc(cc1O)c1cc(=O)c2c(o1)cc(c(c2)OC)O,SEA,CA4,,CAH4_HUMAN,,Carbonic anhydrase 4,CAH4_HUMAN,,5.392e-06,0.43,56
Abrectorin,Abrus precatorius,44257585.0,COc1ccc(cc1O)c1cc(=O)c2c(o1)cc(c(c2)OC)O,SEA,RCE1,,FACE2_HUMAN,,CAAX prenyl protease 2,FACE2_HUMAN,,5.411e-06,0.33,57
Abrectorin,Abrus precatorius,44257585.0,COc1ccc(cc1O)c1cc(=O)c2c(o1)cc(c(c2)OC)O,SEA,ALOX15,,LOX15_HUMAN,,Arachidonate 15-lipoxygenase,LOX15_HUMAN,,6.252e-06,0.43,58
Abrectorin,Abrus precatorius,44257585.0,COc1ccc(cc1O)c1cc(=O)c2c(o1)cc(c(c2)OC)O,SEA,VEGFA,,VEGFA_HUMAN,,Vascular endothelial growth factor A,VEGFA_HUMAN,,7.709e-06,0.32,59
Abrectorin,Abrus precatorius,44257585.0,COc1ccc(cc1O)c1cc(=O)c2c(o1)cc(c(c2)OC)O,SwissTargetPrediction,Stem cell growth factor receptor,KIT,P10721,CHEMBL1936,Kinase,P10721,0.443225383719,,,1
Abrectorin,Abrus precatorius,44257585.0,COc1ccc(cc1O)c1cc(=O)c2c(o1)cc(c(c2)OC)O,SwissTargetPrediction,Delta opioid receptor,OPRD1,P41143,CHEMBL236,Family A G protein-coupled receptor,P41143,0.443225383719,,,2
Abrectorin,Abrus precatorius,44257585.0,COc1ccc(cc1O)c1cc(=O)c2c(o1)cc(c(c2)OC)O,SwissTargetPrediction,Aldose reductase (by homology),AKR1B1,P15121,CHEMBL1900,Enzyme,P15121,0.276588608241,,,3
Abrectorin,Abrus precatorius,44257585.0,COc1ccc(cc1O)c1cc(=O)c2c(o1)cc(c(c2)OC)O,SwissTargetPrediction,Cytochrome P450 1B1,CYP1B1,Q16678,CHEMBL4878,Cytochrome P450,Q16678,0.209877021734,,,4
Abrectorin,Abrus precatorius,44257585.0,COc1ccc(cc1O)c1cc(=O)c2c(o1)cc(c(c2)OC)O,SwissTargetPrediction,Multidrug resistance-associated protein 1,ABCC1,P33527,CHEMBL3004,Primary active transporter,P33527,0.176593624722,,,5
Abrectorin,Abrus precatorius,44257585.0,COc1ccc(cc1O)c1cc(=O)c2c(o1)cc(c(c2)OC)O,SwissTargetPrediction,Estrogen receptor beta,ESR2,Q92731,CHEMBL242,Nuclear receptor,Q92731,0.168264713882,,,6
Abrectorin,Abrus precatorius,44257585.0,COc1ccc(cc1O)c1cc(=O)c2c(o1)cc(c(c2)OC)O,SwissTargetPrediction,Beta amyloid A4 protein,APP,P05067,CHEMBL2487,Membrane receptor,P05067,0.159936683278,,,7
Abrectorin,Abrus precatorius,44257585.0,COc1ccc(cc1O)c1cc(=O)c2c(o1)cc(c(c2)OC)O,SwissTargetPrediction,Serine/threonine-protein kinase PIM1,PIM1,P11309,CHEMBL2147,Kinase,P11309,0.151564691457,,,8
Abrectorin,Abrus precatorius,44257585.0,COc1ccc(cc1O)c1cc(=O)c2c(o1)cc(c(c2)OC)O,SwissTargetPrediction,Adenosine A1 receptor (by homology),ADORA1,P30542,CHEMBL226,Family A G protein-coupled receptor,P30542,0.151564691457,,,9
Abrectorin,Abrus precatorius,44257585.0,COc1ccc(cc1O)c1cc(=O)c2c(o1)cc(c(c2)OC)O,SwissTargetPrediction,Adenosine A2a receptor (by homology),ADORA2A,P29274,CHEMBL251,Family A G protein-coupled receptor,P29274,0.151564691457,,,10
Abrectorin,Abrus precatorius,44257585.0,COc1ccc(cc1O)c1cc(=O)c2c(o1)cc(c(c2)OC)O,SwissTargetPrediction,Telomerase reverse transcriptase,TERT,O14746,CHEMBL2916,Enzyme,O14746,0.143269256947,,,11
Abrectorin,Abrus precatorius,44257585.0,COc1ccc(cc1O)c1cc(=O)c2c(o1)cc(c(c2)OC)O,SwissTargetPrediction,NADPH oxidase 4,NOX4,Q9NPH5,CHEMBL1250375,Enzyme,Q9NPH5,0.134939008937,,,12
Abrectorin,Abrus precatorius,44257585.0,COc1ccc(cc1O)c1cc(=O)c2c(o1)cc(c(c2)OC)O,SwissTargetPrediction,Xanthine dehydrogenase,XDH,P47989,CHEMBL1929,Oxidoreductase,P47989,0.126610168686,,,13
Abrectorin,Abrus precatorius,44257585.0,COc1ccc(cc1O)c1cc(=O)c2c(o1)cc(c(c2)OC)O,SwissTargetPrediction,Carbonic anhydrase II,CA2,P00918,CHEMBL205,Lyase,P00918,0.126610168686,,,14
Abrectorin,Abrus precatorius,44257585.0,COc1ccc(cc1O)c1cc(=O)c2c(o1)cc(c(c2)OC)O,SwissTargetPrediction,Carbonic anhydrase VII,CA7,P43166,CHEMBL2326,Lyase,P43166,0.126610168686,,,15
Abrine,Abrus precatorius,160511.0,CN[C@H](C(=O)O)Cc1c[nH]c2c1cccc2,PPB3,SLC16A10 protein,,,,DNN(ECFP4+MHFP6),Homo sapiens,0.99,,,1
Abrine,Abrus precatorius,160511.0,CN[C@H](C(=O)O)Cc1c[nH]c2c1cccc2,PPB3,Solute carrier organic anion transporter family member 1B1,,,,DNN(ECFP4+MHFP6),Homo sapiens,0.99,,,2
Abrine,Abrus precatorius,160511.0,CN[C@H](C(=O)O)Cc1c[nH]c2c1cccc2,PPB3,Solute carrier organic anion transporter family member 1B3,,,,DNN(ECFP4+MHFP6),Homo sapiens,0.99,,,3
Abrine,Abrus precatorius,160511.0,CN[C@H](C(=O)O)Cc1c[nH]c2c1cccc2,PPB3,Prelamin-A/C,,,,DNN(ECFP4+MHFP6),Homo sapiens,0.12,,,4
Abrine,Abrus precatorius,160511.0,CN[C@H](C(=O)O)Cc1c[nH]c2c1cccc2,PPB3,Microtubule-associated protein tau,,,,DNN(ECFP4+MHFP6),Homo sapiens,0.11,,,5
Abrine,Abrus precatorius,160511.0,CN[C@H](C(=O)O)Cc1c[nH]c2c1cccc2,PPB3,Tyrosyl-DNA phosphodiesterase 1,,,,DNN(ECFP4+MHFP6),Homo sapiens,0.07,,,6
Abrine,Abrus precatorius,160511.0,CN[C@H](C(=O)O)Cc1c[nH]c2c1cccc2,PPB3,Menin/Histone-lysine N-methyltransferase MLL,,,,DNN(ECFP4+MHFP6),Homo sapiens,0.07,,,7
Abrine,Abrus precatorius,160511.0,CN[C@H](C(=O)O)Cc1c[nH]c2c1cccc2,PPB3,ATP-dependent DNA helicase Q1,,,,DNN(ECFP4+MHFP6),Homo sapiens,0.04,,,8
Abrine,Abrus precatorius,160511.0,CN[C@H](C(=O)O)Cc1c[nH]c2c1cccc2,PPB3,Thyroid stimulating hormone receptor,,,,DNN(ECFP4+MHFP6),Homo sapiens,0.04,,,9
Abrine,Abrus precatorius,160511.0,CN[C@H](C(=O)O)Cc1c[nH]c2c1cccc2,PPB3,Cytochrome P450 1A2,,,,DNN(ECFP4+MHFP6),Homo sapiens,0.02,,,10
Abrine,Abrus precatorius,160511.0,CN[C@H](C(=O)O)Cc1c[nH]c2c1cccc2,PPB3,Keap1/Nrf2,,,,DNN(ECFP4+MHFP6),Homo sapiens,0.02,,,11
Abrine,Abrus precatorius,160511.0,CN[C@H](C(=O)O)Cc1c[nH]c2c1cccc2,PPB3,MAP kinase ERK2,,,,DNN(ECFP4+MHFP6),Homo sapiens,0.02,,,12
Abrine,Abrus precatorius,160511.0,CN[C@H](C(=O)O)Cc1c[nH]c2c1cccc2,PPB3,Ubiquitin carboxyl-terminal hydrolase 2,,,,DNN(ECFP4+MHFP6),Homo sapiens,0.02,,,13
Abrine,Abrus precatorius,160511.0,CN[C@H](C(=O)O)Cc1c[nH]c2c1cccc2,PPB3,SLC16A10 protein,,,,DNN(ECFP4),Homo sapiens,1.0,,,14
Abrine,Abrus precatorius,160511.0,CN[C@H](C(=O)O)Cc1c[nH]c2c1cccc2,PPB3,Solute carrier organic anion transporter family member 1B3,,,,DNN(ECFP4),Homo sapiens,0.78,,,15
Abrine,Abrus precatorius,160511.0,CN[C@H](C(=O)O)Cc1c[nH]c2c1cccc2,PPB3,Solute carrier organic anion transporter family member 1B1,,,,DNN(ECFP4),Homo sapiens,0.75,,,16
Abrine,Abrus precatorius,160511.0,CN[C@H](C(=O)O)Cc1c[nH]c2c1cccc2,PPB3,Prelamin-A/C,,,,DNN(ECFP4),Homo sapiens,0.16,,,17
Abrine,Abrus precatorius,160511.0,CN[C@H](C(=O)O)Cc1c[nH]c2c1cccc2,PPB3,Thyroid stimulating hormone receptor,,,,DNN(ECFP4),Homo sapiens,0.13,,,18
Abrine,Abrus precatorius,160511.0,CN[C@H](C(=O)O)Cc1c[nH]c2c1cccc2,PPB3,Carbonic anhydrase VI,,,,DNN(ECFP4),Homo sapiens,0.08,,,19
Abrine,Abrus precatorius,160511.0,CN[C@H](C(=O)O)Cc1c[nH]c2c1cccc2,PPB3,Arachidonate 15-lipoxygenase,,,,DNN(ECFP4),Homo sapiens,0.06,,,20
Abrine,Abrus precatorius,160511.0,CN[C@H](C(=O)O)Cc1c[nH]c2c1cccc2,PPB3,MAP kinase ERK2,,,,DNN(ECFP4),Homo sapiens,0.06,,,21
Abrine,Abrus precatorius,160511.0,CN[C@H](C(=O)O)Cc1c[nH]c2c1cccc2,PPB3,Aldehyde dehydrogenase 1A1,,,,DNN(ECFP4),Homo sapiens,0.05,,,22
Abrine,Abrus precatorius,160511.0,CN[C@H](C(=O)O)Cc1c[nH]c2c1cccc2,PPB3,Carbonic anhydrase VB,,,,DNN(ECFP4),Homo sapiens,0.05,,,23
Abrine,Abrus precatorius,160511.0,CN[C@H](C(=O)O)Cc1c[nH]c2c1cccc2,PPB3,Homo sapiens,,,,DNN(ECFP4),Homo sapiens,0.04,,,24
Abrine,Abrus precatorius,160511.0,CN[C@H](C(=O)O)Cc1c[nH]c2c1cccc2,PPB3,Carbonic anhydrase VA,,,,DNN(ECFP4),Homo sapiens,0.04,,,25
Abrine,Abrus precatorius,160511.0,CN[C@H](C(=O)O)Cc1c[nH]c2c1cccc2,PPB3,Endoplasmic reticulum-associated amyloid beta-peptide-binding protein,,,,DNN(ECFP4),Homo sapiens,0.04,,,26
Abrine,Abrus precatorius,160511.0,CN[C@H](C(=O)O)Cc1c[nH]c2c1cccc2,PPB3,Survival motor neuron protein,,,,DNN(ECFP4),Homo sapiens,0.04,,,27
Abrine,Abrus precatorius,160511.0,CN[C@H](C(=O)O)Cc1c[nH]c2c1cccc2,PPB3,SLC16A10 protein,,,,DNN(RDKit),Homo sapiens,0.98,,,28
Abrine,Abrus precatorius,160511.0,CN[C@H](C(=O)O)Cc1c[nH]c2c1cccc2,PPB3,Thyroid stimulating hormone receptor,,,,DNN(RDKit),Homo sapiens,0.13,,,29
Abrine,Abrus precatorius,160511.0,CN[C@H](C(=O)O)Cc1c[nH]c2c1cccc2,PPB3,Cytochrome P450 1A2,,,,DNN(RDKit),Homo sapiens,0.12,,,30
Abrine,Abrus precatorius,160511.0,CN[C@H](C(=O)O)Cc1c[nH]c2c1cccc2,PPB3,Solute carrier organic anion transporter family member 1B3,,,,DNN(RDKit),Homo sapiens,0.12,,,31
Abrine,Abrus precatorius,160511.0,CN[C@H](C(=O)O)Cc1c[nH]c2c1cccc2,PPB3,Cytochrome P450 2C19,,,,DNN(RDKit),Homo sapiens,0.12,,,32
Abrine,Abrus precatorius,160511.0,CN[C@H](C(=O)O)Cc1c[nH]c2c1cccc2,PPB3,Prelamin-A/C,,,,DNN(RDKit),Homo sapiens,0.07,,,33
Abrine,Abrus precatorius,160511.0,CN[C@H](C(=O)O)Cc1c[nH]c2c1cccc2,PPB3,Solute carrier organic anion transporter family member 1B1,,,,DNN(RDKit),Homo sapiens,0.07,,,34
Abrine,Abrus precatorius,160511.0,CN[C@H](C(=O)O)Cc1c[nH]c2c1cccc2,PPB3,Cytochrome P450 2D6,,,,DNN(RDKit),Homo sapiens,0.06,,,35
Abrine,Abrus precatorius,160511.0,CN[C@H](C(=O)O)Cc1c[nH]c2c1cccc2,PPB3,Carbonic anhydrase IV,,,,DNN(RDKit),Homo sapiens,0.04,,,36
Abrine,Abrus precatorius,160511.0,CN[C@H](C(=O)O)Cc1c[nH]c2c1cccc2,PPB3,L-type amino acid transporter 1,,,,DNN(RDKit),Homo sapiens,0.04,,,37
Abrine,Abrus precatorius,160511.0,CN[C@H](C(=O)O)Cc1c[nH]c2c1cccc2,PPB3,Survival motor neuron protein,,,,DNN(RDKit),Homo sapiens,0.03,,,38
Abrine,Abrus precatorius,160511.0,CN[C@H](C(=O)O)Cc1c[nH]c2c1cccc2,PPB3,Cytochrome P450 3A4,,,,DNN(RDKit),Homo sapiens,0.03,,,39
Abrine,Abrus precatorius,160511.0,CN[C@H](C(=O)O)Cc1c[nH]c2c1cccc2,PPB3,Microtubule-associated protein tau,,,,DNN(RDKit),Homo sapiens,0.03,,,40
Abrine,Abrus precatorius,160511.0,CN[C@H](C(=O)O)Cc1c[nH]c2c1cccc2,PPB3,Aldehyde dehydrogenase 1A1,,,,DNN(RDKit),Homo sapiens,0.02,,,41
Abrine,Abrus precatorius,160511.0,CN[C@H](C(=O)O)Cc1c[nH]c2c1cccc2,PPB3,Menin/Histone-lysine N-methyltransferase MLL,,,,DNN(RDKit),Homo sapiens,0.02,,,42
Abrine,Abrus precatorius,160511.0,CN[C@H](C(=O)O)Cc1c[nH]c2c1cccc2,PPB3,Cytochrome P450 2C9,,,,DNN(RDKit),Homo sapiens,0.02,,,43
Abrine,Abrus precatorius,160511.0,CN[C@H](C(=O)O)Cc1c[nH]c2c1cccc2,PPB3,SLC16A10 protein,,,,DNN(Layered),Homo sapiens,0.88,,,44
Abrine,Abrus precatorius,160511.0,CN[C@H](C(=O)O)Cc1c[nH]c2c1cccc2,PPB3,Solute carrier organic anion transporter family member 1B3,,,,DNN(Layered),Homo sapiens,0.46,,,45
Abrine,Abrus precatorius,160511.0,CN[C@H](C(=O)O)Cc1c[nH]c2c1cccc2,PPB3,Solute carrier organic anion transporter family member 1B1,,,,DNN(Layered),Homo sapiens,0.42,,,46
Abrine,Abrus precatorius,160511.0,CN[C@H](C(=O)O)Cc1c[nH]c2c1cccc2,PPB3,Myeloperoxidase,,,,DNN(Layered),Homo sapiens,0.07,,,47
Abrine,Abrus precatorius,160511.0,CN[C@H](C(=O)O)Cc1c[nH]c2c1cccc2,PPB3,Prelamin-A/C,,,,DNN(Layered),Homo sapiens,0.07,,,48
Abrine,Abrus precatorius,160511.0,CN[C@H](C(=O)O)Cc1c[nH]c2c1cccc2,PPB3,Nuclear factor NF-kappa-B p105 subunit,,,,DNN(Layered),Homo sapiens,0.07,,,49
Abrine,Abrus precatorius,160511.0,CN[C@H](C(=O)O)Cc1c[nH]c2c1cccc2,PPB3,Survival motor neuron protein,,,,DNN(Layered),Homo sapiens,0.06,,,50
Abrine,Abrus precatorius,160511.0,CN[C@H](C(=O)O)Cc1c[nH]c2c1cccc2,PPB3,Cytochrome P450 2C19,,,,DNN(Layered),Homo sapiens,0.05,,,51
Abrine,Abrus precatorius,160511.0,CN[C@H](C(=O)O)Cc1c[nH]c2c1cccc2,PPB3,Aldehyde dehydrogenase 1A1,,,,DNN(Layered),Homo sapiens,0.05,,,52
Abrine,Abrus precatorius,160511.0,CN[C@H](C(=O)O)Cc1c[nH]c2c1cccc2,PPB3,Menin/Histone-lysine N-methyltransferase MLL,,,,DNN(Layered),Homo sapiens,0.05,,,53
Abrine,Abrus precatorius,160511.0,CN[C@H](C(=O)O)Cc1c[nH]c2c1cccc2,PPB3,Tyrosyl-DNA phosphodiesterase 1,,,,DNN(Layered),Homo sapiens,0.04,,,54
Abrine,Abrus precatorius,160511.0,CN[C@H](C(=O)O)Cc1c[nH]c2c1cccc2,PPB3,Bloom syndrome protein,,,,DNN(Layered),Homo sapiens,0.04,,,55
Abrine,Abrus precatorius,160511.0,CN[C@H](C(=O)O)Cc1c[nH]c2c1cccc2,PPB3,Thyroid stimulating hormone receptor,,,,DNN(Layered),Homo sapiens,0.04,,,56
Abrine,Abrus precatorius,160511.0,CN[C@H](C(=O)O)Cc1c[nH]c2c1cccc2,PPB3,Pyruvate kinase isozymes M1/M2,,,,DNN(Layered),Homo sapiens,0.04,,,57
Abrine,Abrus precatorius,160511.0,CN[C@H](C(=O)O)Cc1c[nH]c2c1cccc2,PPB3,Huntingtin,,,,DNN(Layered),Homo sapiens,0.04,,,58
Abrine,Abrus precatorius,160511.0,CN[C@H](C(=O)O)Cc1c[nH]c2c1cccc2,PPB3,SLC16A10 protein,,,,DNN(MHFP6),Homo sapiens,0.99,,,59
Abrine,Abrus precatorius,160511.0,CN[C@H](C(=O)O)Cc1c[nH]c2c1cccc2,PPB3,Solute carrier organic anion transporter family member 1B3,,,,DNN(MHFP6),Homo sapiens,0.95,,,60
Abrine,Abrus precatorius,160511.0,CN[C@H](C(=O)O)Cc1c[nH]c2c1cccc2,PPB3,Solute carrier organic anion transporter family member 1B1,,,,DNN(MHFP6),Homo sapiens,0.93,,,61
Abrine,Abrus precatorius,160511.0,CN[C@H](C(=O)O)Cc1c[nH]c2c1cccc2,PPB3,Prelamin-A/C,,,,DNN(MHFP6),Homo sapiens,0.11,,,62
Abrine,Abrus precatorius,160511.0,CN[C@H](C(=O)O)Cc1c[nH]c2c1cccc2,PPB3,Angiotensin-converting enzyme,,,,DNN(MHFP6),Homo sapiens,0.1,,,63
Abrine,Abrus precatorius,160511.0,CN[C@H](C(=O)O)Cc1c[nH]c2c1cccc2,PPB3,Thyroid stimulating hormone receptor,,,,DNN(MHFP6),Homo sapiens,0.09,,,64
Abrine,Abrus precatorius,160511.0,CN[C@H](C(=O)O)Cc1c[nH]c2c1cccc2,PPB3,Cytochrome P450 2C19,,,,DNN(MHFP6),Homo sapiens,0.08,,,65
Abrine,Abrus precatorius,160511.0,CN[C@H](C(=O)O)Cc1c[nH]c2c1cccc2,PPB3,Aldehyde dehydrogenase 1A1,,,,DNN(MHFP6),Homo sapiens,0.05,,,66
Abrine,Abrus precatorius,160511.0,CN[C@H](C(=O)O)Cc1c[nH]c2c1cccc2,PPB3,15-hydroxyprostaglandin dehydrogenase [NAD+],,,,DNN(MHFP6),Homo sapiens,0.05,,,67
Abrine,Abrus precatorius,160511.0,CN[C@H](C(=O)O)Cc1c[nH]c2c1cccc2,PPB3,Survival motor neuron protein,,,,DNN(MHFP6),Homo sapiens,0.05,,,68
Abrine,Abrus precatorius,160511.0,CN[C@H](C(=O)O)Cc1c[nH]c2c1cccc2,PPB3,Cytochrome P450 1A2,,,,DNN(MHFP6),Homo sapiens,0.05,,,69
Abrine,Abrus precatorius,160511.0,CN[C@H](C(=O)O)Cc1c[nH]c2c1cccc2,PPB3,Endoplasmic reticulum-associated amyloid beta-peptide-binding protein,,,,DNN(MHFP6),Homo sapiens,0.05,,,70
Abrine,Abrus precatorius,160511.0,CN[C@H](C(=O)O)Cc1c[nH]c2c1cccc2,PPB3,Cytochrome P450 2C9,,,,DNN(MHFP6),Homo sapiens,0.05,,,71
Abrine,Abrus precatorius,160511.0,CN[C@H](C(=O)O)Cc1c[nH]c2c1cccc2,PPB3,Neuropeptide S receptor,,,,DNN(MHFP6),Homo sapiens,0.04,,,72
Abrine,Abrus precatorius,160511.0,CN[C@H](C(=O)O)Cc1c[nH]c2c1cccc2,PPB3,SLC16A10 protein,,,,DNN(ECFP6),Homo sapiens,0.99,,,73
Abrine,Abrus precatorius,160511.0,CN[C@H](C(=O)O)Cc1c[nH]c2c1cccc2,PPB3,Solute carrier organic anion transporter family member 1B1,,,,DNN(ECFP6),Homo sapiens,0.83,,,74
Abrine,Abrus precatorius,160511.0,CN[C@H](C(=O)O)Cc1c[nH]c2c1cccc2,PPB3,Solute carrier organic anion transporter family member 1B3,,,,DNN(ECFP6),Homo sapiens,0.82,,,75
Abrine,Abrus precatorius,160511.0,CN[C@H](C(=O)O)Cc1c[nH]c2c1cccc2,PPB3,Microtubule-associated protein tau,,,,DNN(ECFP6),Homo sapiens,0.22,,,76
Abrine,Abrus precatorius,160511.0,CN[C@H](C(=O)O)Cc1c[nH]c2c1cccc2,PPB3,Prelamin-A/C,,,,DNN(ECFP6),Homo sapiens,0.2,,,77
Abrine,Abrus precatorius,160511.0,CN[C@H](C(=O)O)Cc1c[nH]c2c1cccc2,PPB3,Survival motor neuron protein,,,,DNN(ECFP6),Homo sapiens,0.17,,,78
Abrine,Abrus precatorius,160511.0,CN[C@H](C(=O)O)Cc1c[nH]c2c1cccc2,PPB3,Cytochrome P450 2C19,,,,DNN(ECFP6),Homo sapiens,0.11,,,79
Abrine,Abrus precatorius,160511.0,CN[C@H](C(=O)O)Cc1c[nH]c2c1cccc2,PPB3,Arachidonate 5-lipoxygenase,,,,DNN(ECFP6),Homo sapiens,0.09,,,80
Abrine,Abrus precatorius,160511.0,CN[C@H](C(=O)O)Cc1c[nH]c2c1cccc2,PPB3,Cytochrome P450 1A2,,,,DNN(ECFP6),Homo sapiens,0.09,,,81
Abrine,Abrus precatorius,160511.0,CN[C@H](C(=O)O)Cc1c[nH]c2c1cccc2,PPB3,Cytochrome P450 2C9,,,,DNN(ECFP6),Homo sapiens,0.08,,,82
Abrine,Abrus precatorius,160511.0,CN[C@H](C(=O)O)Cc1c[nH]c2c1cccc2,PPB3,Lysosomal alpha-glucosidase,,,,DNN(ECFP6),Homo sapiens,0.07,,,83
Abrine,Abrus precatorius,160511.0,CN[C@H](C(=O)O)Cc1c[nH]c2c1cccc2,PPB3,DNA-(apurinic or apyrimidinic site) lyase,,,,DNN(ECFP6),Homo sapiens,0.07,,,84
Abrine,Abrus precatorius,160511.0,CN[C@H](C(=O)O)Cc1c[nH]c2c1cccc2,PPB3,Cyclooxygenase-1,,,,DNN(ECFP6),Homo sapiens,0.07,,,85
Abrine,Abrus precatorius,160511.0,CN[C@H](C(=O)O)Cc1c[nH]c2c1cccc2,PPB3,Aldehyde dehydrogenase 1A1,,,,DNN(ECFP6),Homo sapiens,0.06,,,86
Abrine,Abrus precatorius,160511.0,CN[C@H](C(=O)O)Cc1c[nH]c2c1cccc2,PPB3,ATP-dependent DNA helicase Q1,,,,DNN(ECFP6),Homo sapiens,0.06,,,87
Abrine,Abrus precatorius,160511.0,CN[C@H](C(=O)O)Cc1c[nH]c2c1cccc2,PPB3,SLC16A10 protein,,,,DNN(AtomPair),Homo sapiens,0.98,,,88
Abrine,Abrus precatorius,160511.0,CN[C@H](C(=O)O)Cc1c[nH]c2c1cccc2,PPB3,Solute carrier organic anion transporter family member 1B3,,,,DNN(AtomPair),Homo sapiens,0.34,,,89
Abrine,Abrus precatorius,160511.0,CN[C@H](C(=O)O)Cc1c[nH]c2c1cccc2,PPB3,Solute carrier organic anion transporter family member 1B1,,,,DNN(AtomPair),Homo sapiens,0.29,,,90
Abrine,Abrus precatorius,160511.0,CN[C@H](C(=O)O)Cc1c[nH]c2c1cccc2,PPB3,Bloom syndrome protein,,,,DNN(AtomPair),Homo sapiens,0.13,,,91
Abrine,Abrus precatorius,160511.0,CN[C@H](C(=O)O)Cc1c[nH]c2c1cccc2,PPB3,Serotonin 2a (5-HT2a) receptor,,,,DNN(AtomPair),Homo sapiens,0.11,,,92
Abrine,Abrus precatorius,160511.0,CN[C@H](C(=O)O)Cc1c[nH]c2c1cccc2,PPB3,Prelamin-A/C,,,,DNN(AtomPair),Homo sapiens,0.09,,,93
Abrine,Abrus precatorius,160511.0,CN[C@H](C(=O)O)Cc1c[nH]c2c1cccc2,PPB3,Survival motor neuron protein,,,,DNN(AtomPair),Homo sapiens,0.07,,,94
Abrine,Abrus precatorius,160511.0,CN[C@H](C(=O)O)Cc1c[nH]c2c1cccc2,PPB3,Cytochrome P450 2C19,,,,DNN(AtomPair),Homo sapiens,0.06,,,95
Abrine,Abrus precatorius,160511.0,CN[C@H](C(=O)O)Cc1c[nH]c2c1cccc2,PPB3,Serotonin 2c (5-HT2c) receptor,,,,DNN(AtomPair),Homo sapiens,0.06,,,96
Abrine,Abrus precatorius,160511.0,CN[C@H](C(=O)O)Cc1c[nH]c2c1cccc2,PPB3,Thyroid stimulating hormone receptor,,,,DNN(AtomPair),Homo sapiens,0.06,,,97
Abrine,Abrus precatorius,160511.0,CN[C@H](C(=O)O)Cc1c[nH]c2c1cccc2,PPB3,Microtubule-associated protein tau,,,,DNN(AtomPair),Homo sapiens,0.06,,,98
Abrine,Abrus precatorius,160511.0,CN[C@H](C(=O)O)Cc1c[nH]c2c1cccc2,PPB3,Alpha-2a adrenergic receptor,,,,DNN(AtomPair),Homo sapiens,0.05,,,99
Abrine,Abrus precatorius,160511.0,CN[C@H](C(=O)O)Cc1c[nH]c2c1cccc2,PPB3,Alpha-1a adrenergic receptor,,,,DNN(AtomPair),Homo sapiens,0.05,,,100
Abrine,Abrus precatorius,160511.0,CN[C@H](C(=O)O)Cc1c[nH]c2c1cccc2,PPB3,SLC16A10 protein,,,,Consensus,Homo sapiens,1.0,,,101
Abrine,Abrus precatorius,160511.0,CN[C@H](C(=O)O)Cc1c[nH]c2c1cccc2,PPB3,Solute carrier organic anion transporter family member 1B1,,,,Consensus,Homo sapiens,0.99,,,102
Abrine,Abrus precatorius,160511.0,CN[C@H](C(=O)O)Cc1c[nH]c2c1cccc2,PPB3,Solute carrier organic anion transporter family member 1B3,,,,Consensus,Homo sapiens,0.99,,,103
Abrine,Abrus precatorius,160511.0,CN[C@H](C(=O)O)Cc1c[nH]c2c1cccc2,PPB3,Microtubule-associated protein tau,,,,Consensus,Homo sapiens,0.22,,,104
Abrine,Abrus precatorius,160511.0,CN[C@H](C(=O)O)Cc1c[nH]c2c1cccc2,PPB3,Prelamin-A/C,,,,Consensus,Homo sapiens,0.2,,,105
Abrine,Abrus precatorius,160511.0,CN[C@H](C(=O)O)Cc1c[nH]c2c1cccc2,PPB3,Survival motor neuron protein,,,,Consensus,Homo sapiens,0.17,,,106
Abrine,Abrus precatorius,160511.0,CN[C@H](C(=O)O)Cc1c[nH]c2c1cccc2,PPB3,Bloom syndrome protein,,,,Consensus,Homo sapiens,0.13,,,107
Abrine,Abrus precatorius,160511.0,CN[C@H](C(=O)O)Cc1c[nH]c2c1cccc2,PPB3,Thyroid stimulating hormone receptor,,,,Consensus,Homo sapiens,0.13,,,108
Abrine,Abrus precatorius,160511.0,CN[C@H](C(=O)O)Cc1c[nH]c2c1cccc2,PPB3,Cytochrome P450 1A2,,,,Consensus,Homo sapiens,0.12,,,109
Abrine,Abrus precatorius,160511.0,CN[C@H](C(=O)O)Cc1c[nH]c2c1cccc2,PPB3,Cytochrome P450 2C19,,,,Consensus,Homo sapiens,0.12,,,110
Abrine,Abrus precatorius,160511.0,CN[C@H](C(=O)O)Cc1c[nH]c2c1cccc2,PPB3,Serotonin 2a (5-HT2a) receptor,,,,Consensus,Homo sapiens,0.11,,,111
Abrine,Abrus precatorius,160511.0,CN[C@H](C(=O)O)Cc1c[nH]c2c1cccc2,PPB3,Angiotensin-converting enzyme,,,,Consensus,Homo sapiens,0.1,,,112
Abrine,Abrus precatorius,160511.0,CN[C@H](C(=O)O)Cc1c[nH]c2c1cccc2,PPB3,Arachidonate 5-lipoxygenase,,,,Consensus,Homo sapiens,0.09,,,113
Abrine,Abrus precatorius,160511.0,CN[C@H](C(=O)O)Cc1c[nH]c2c1cccc2,PPB3,Cytochrome P450 2C9,,,,Consensus,Homo sapiens,0.08,,,114
Abrine,Abrus precatorius,160511.0,CN[C@H](C(=O)O)Cc1c[nH]c2c1cccc2,SEA,CCKBR,,GASR_HUMAN,,Gastrin/cholecystokinin type B receptor,GASR_HUMAN,,1.549e-135,0.47,1
Abrine,Abrus precatorius,160511.0,CN[C@H](C(=O)O)Cc1c[nH]c2c1cccc2,SEA,NMBR,,NMBR_HUMAN,,Neuromedin-B receptor,NMBR_HUMAN,,1.251e-120,0.52,2
Abrine,Abrus precatorius,160511.0,CN[C@H](C(=O)O)Cc1c[nH]c2c1cccc2,SEA,MC1R,,MSHR_HUMAN,,Melanocyte-stimulating hormone receptor,MSHR_HUMAN,,1.651e-119,0.50,3
Abrine,Abrus precatorius,160511.0,CN[C@H](C(=O)O)Cc1c[nH]c2c1cccc2,SEA,ECE1,,ECE1_HUMAN,,Endothelin-converting enzyme 1,ECE1_HUMAN,,4.137e-117,0.63,4
Abrine,Abrus precatorius,160511.0,CN[C@H](C(=O)O)Cc1c[nH]c2c1cccc2,SEA,GRPR,,GRPR_HUMAN,,Gastrin-releasing peptide receptor,GRPR_HUMAN,,1.299e-103,0.37,5
Abrine,Abrus precatorius,160511.0,CN[C@H](C(=O)O)Cc1c[nH]c2c1cccc2,SEA,GHSR,,GHSR_HUMAN,,Growth hormone secretagogue receptor type 1,GHSR_HUMAN,,2.202e-102,0.52,6
Abrine,Abrus precatorius,160511.0,CN[C@H](C(=O)O)Cc1c[nH]c2c1cccc2,SEA,MC3R,,MC3R_HUMAN,,Melanocortin receptor 3,MC3R_HUMAN,,2.664e-100,0.44,7
Abrine,Abrus precatorius,160511.0,CN[C@H](C(=O)O)Cc1c[nH]c2c1cccc2,SEA,MAGI3,,MAGI3_HUMAN,,"Membrane-associated guanylate kinase, WW and PDZ domain-containing protein 3",MAGI3_HUMAN,,6e-86,0.42,8
Abrine,Abrus precatorius,160511.0,CN[C@H](C(=O)O)Cc1c[nH]c2c1cccc2,SEA,MC4R,,MC4R_HUMAN,,Melanocortin receptor 4,MC4R_HUMAN,,1.322e-81,0.48,9
Abrine,Abrus precatorius,160511.0,CN[C@H](C(=O)O)Cc1c[nH]c2c1cccc2,SEA,MMP11,,MMP11_HUMAN,,Stromelysin-3,MMP11_HUMAN,,6.774e-75,0.39,10
Abrine,Abrus precatorius,160511.0,CN[C@H](C(=O)O)Cc1c[nH]c2c1cccc2,SEA,KISS1R,,KISSR_HUMAN,,KiSS-1 receptor,KISSR_HUMAN,,1.244e-71,0.38,11
Abrine,Abrus precatorius,160511.0,CN[C@H](C(=O)O)Cc1c[nH]c2c1cccc2,SEA,CPA1,,CBPA1_HUMAN,,Carboxypeptidase A1,CBPA1_HUMAN,,4.35e-63,0.39,12
Abrine,Abrus precatorius,160511.0,CN[C@H](C(=O)O)Cc1c[nH]c2c1cccc2,SEA,ACE2,,ACE2_HUMAN,,Angiotensin-converting enzyme 2,ACE2_HUMAN,,5.164e-62,0.39,13
Abrine,Abrus precatorius,160511.0,CN[C@H](C(=O)O)Cc1c[nH]c2c1cccc2,SEA,TACR1,,NK1R_HUMAN,,Substance-P receptor,NK1R_HUMAN,,1.717e-60,0.57,14
Abrine,Abrus precatorius,160511.0,CN[C@H](C(=O)O)Cc1c[nH]c2c1cccc2,SEA,SSTR2,,SSR2_HUMAN,,Somatostatin receptor type 2,SSR2_HUMAN,,1.746e-60,0.44,15
Abrine,Abrus precatorius,160511.0,CN[C@H](C(=O)O)Cc1c[nH]c2c1cccc2,SEA,MMP9,,MMP9_HUMAN,,Matrix metalloproteinase-9,MMP9_HUMAN,,1.368e-57,0.70,16
Abrine,Abrus precatorius,160511.0,CN[C@H](C(=O)O)Cc1c[nH]c2c1cccc2,SEA,ACE,,ACE_HUMAN,,Angiotensin-converting enzyme,ACE_HUMAN,,2.749e-56,0.69,17
Abrine,Abrus precatorius,160511.0,CN[C@H](C(=O)O)Cc1c[nH]c2c1cccc2,SEA,MMP2,,MMP2_HUMAN,,72 kDa type IV collagenase,MMP2_HUMAN,,6.354e-56,0.66,18
Abrine,Abrus precatorius,160511.0,CN[C@H](C(=O)O)Cc1c[nH]c2c1cccc2,SEA,MME,,NEP_HUMAN,,Neprilysin,NEP_HUMAN,,6.617e-55,0.58,19
Abrine,Abrus precatorius,160511.0,CN[C@H](C(=O)O)Cc1c[nH]c2c1cccc2,SEA,EDNRA,,EDNRA_HUMAN,,Endothelin-1 receptor,EDNRA_HUMAN,,1.266e-54,0.53,20
Abrine,Abrus precatorius,160511.0,CN[C@H](C(=O)O)Cc1c[nH]c2c1cccc2,SEA,RUVBL1,,RUVB1_HUMAN,,RuvB-like 1,RUVB1_HUMAN,,9.185e-54,0.43,21
Abrine,Abrus precatorius,160511.0,CN[C@H](C(=O)O)Cc1c[nH]c2c1cccc2,SEA,SSTR3,,SSR3_HUMAN,,Somatostatin receptor type 3,SSR3_HUMAN,,7.583e-53,0.48,22
Abrine,Abrus precatorius,160511.0,CN[C@H](C(=O)O)Cc1c[nH]c2c1cccc2,SEA,MMP8,,MMP8_HUMAN,,Neutrophil collagenase,MMP8_HUMAN,,1.44e-52,0.58,23
Abrine,Abrus precatorius,160511.0,CN[C@H](C(=O)O)Cc1c[nH]c2c1cccc2,SEA,SNCA,,SYUA_HUMAN,,Alpha-synuclein,SYUA_HUMAN,,6.099e-52,0.34,24
Abrine,Abrus precatorius,160511.0,CN[C@H](C(=O)O)Cc1c[nH]c2c1cccc2,SEA,SSTR1,,SSR1_HUMAN,,Somatostatin receptor type 1,SSR1_HUMAN,,8.066e-51,0.47,25
Abrine,Abrus precatorius,160511.0,CN[C@H](C(=O)O)Cc1c[nH]c2c1cccc2,SEA,BRS3,,BRS3_HUMAN,,Bombesin receptor subtype-3,BRS3_HUMAN,,6.703e-49,0.54,26
Abrine,Abrus precatorius,160511.0,CN[C@H](C(=O)O)Cc1c[nH]c2c1cccc2,SEA,MMP14,,MMP14_HUMAN,,Matrix metalloproteinase-14,MMP14_HUMAN,,7.868e-48,0.52,27
Abrine,Abrus precatorius,160511.0,CN[C@H](C(=O)O)Cc1c[nH]c2c1cccc2,SEA,SPR,,SPRE_HUMAN,,Sepiapterin reductase,SPRE_HUMAN,,1.073e-45,0.36,28
Abrine,Abrus precatorius,160511.0,CN[C@H](C(=O)O)Cc1c[nH]c2c1cccc2,SEA,SSTR4,,SSR4_HUMAN,,Somatostatin receptor type 4,SSR4_HUMAN,,7.043e-44,0.47,29
Abrine,Abrus precatorius,160511.0,CN[C@H](C(=O)O)Cc1c[nH]c2c1cccc2,SEA,NCOR2,,NCOR2_HUMAN,,Nuclear receptor corepressor 2,NCOR2_HUMAN,,7.352e-43,0.42,30
Abrine,Abrus precatorius,160511.0,CN[C@H](C(=O)O)Cc1c[nH]c2c1cccc2,SEA,CCKAR,,CCKAR_HUMAN,,Cholecystokinin receptor type A,CCKAR_HUMAN,,1.893e-41,0.44,31
Abrine,Abrus precatorius,160511.0,CN[C@H](C(=O)O)Cc1c[nH]c2c1cccc2,SEA,FPR1,,FPR1_HUMAN,,fMet-Leu-Phe receptor,FPR1_HUMAN,,1.118e-39,0.53,32
Abrine,Abrus precatorius,160511.0,CN[C@H](C(=O)O)Cc1c[nH]c2c1cccc2,SEA,CPA3,,CBPA3_HUMAN,,Mast cell carboxypeptidase A,CBPA3_HUMAN,,7.421e-35,0.28,33
Abrine,Abrus precatorius,160511.0,CN[C@H](C(=O)O)Cc1c[nH]c2c1cccc2,SEA,MC5R,,MC5R_HUMAN,,Melanocortin receptor 5,MC5R_HUMAN,,9.079e-34,0.39,34
Abrine,Abrus precatorius,160511.0,CN[C@H](C(=O)O)Cc1c[nH]c2c1cccc2,SEA,LNPEP,,LCAP_HUMAN,,Leucyl-cystinyl aminopeptidase,LCAP_HUMAN,,4.233e-33,0.48,35
Abrine,Abrus precatorius,160511.0,CN[C@H](C(=O)O)Cc1c[nH]c2c1cccc2,SEA,CFTR,,CFTR_HUMAN,,Cystic fibrosis transmembrane conductance regulator,CFTR_HUMAN,,8.944e-33,0.41,36
Abrine,Abrus precatorius,160511.0,CN[C@H](C(=O)O)Cc1c[nH]c2c1cccc2,SEA,TACR2,,NK2R_HUMAN,,Substance-K receptor,NK2R_HUMAN,,3.183e-32,0.43,37
Abrine,Abrus precatorius,160511.0,CN[C@H](C(=O)O)Cc1c[nH]c2c1cccc2,SEA,ERAP2,,ERAP2_HUMAN,,Endoplasmic reticulum aminopeptidase 2,ERAP2_HUMAN,,6.985e-32,0.61,38
Abrine,Abrus precatorius,160511.0,CN[C@H](C(=O)O)Cc1c[nH]c2c1cccc2,SEA,AKT1,,AKT1_HUMAN,,RAC-alpha serine/threonine-protein kinase,AKT1_HUMAN,,4.967e-30,0.39,39
Abrine,Abrus precatorius,160511.0,CN[C@H](C(=O)O)Cc1c[nH]c2c1cccc2,SEA,MMP1,,MMP1_HUMAN,,Interstitial collagenase,MMP1_HUMAN,,1.44e-29,0.58,40
Abrine,Abrus precatorius,160511.0,CN[C@H](C(=O)O)Cc1c[nH]c2c1cccc2,SEA,TYR,,TYRO_HUMAN,,Tyrosinase,TYRO_HUMAN,,5.648e-29,0.45,41
Abrine,Abrus precatorius,160511.0,CN[C@H](C(=O)O)Cc1c[nH]c2c1cccc2,SEA,ST3GAL1,,SIA4A_HUMAN,,"CMP-N-acetylneuraminate-beta-galactosamide-alpha-2,3-sialyltransferase 1",SIA4A_HUMAN,,1.568e-28,0.56,42
Abrine,Abrus precatorius,160511.0,CN[C@H](C(=O)O)Cc1c[nH]c2c1cccc2,SEA,HDAC2,,HDAC2_HUMAN,,Histone deacetylase 2,HDAC2_HUMAN,,6.955e-28,0.42,43
Abrine,Abrus precatorius,160511.0,CN[C@H](C(=O)O)Cc1c[nH]c2c1cccc2,SEA,HDAC3,,HDAC3_HUMAN,,Histone deacetylase 3,HDAC3_HUMAN,,1.868e-27,0.42,44
Abrine,Abrus precatorius,160511.0,CN[C@H](C(=O)O)Cc1c[nH]c2c1cccc2,SEA,ERAP1,,ERAP1_HUMAN,,Endoplasmic reticulum aminopeptidase 1,ERAP1_HUMAN,,3.128e-26,0.48,45
Abrine,Abrus precatorius,160511.0,CN[C@H](C(=O)O)Cc1c[nH]c2c1cccc2,SEA,SSTR5,,SSR5_HUMAN,,Somatostatin receptor type 5,SSR5_HUMAN,,4.837e-25,0.47,46
Abrine,Abrus precatorius,160511.0,CN[C@H](C(=O)O)Cc1c[nH]c2c1cccc2,SEA,GGH,,GGH_HUMAN,,Gamma-glutamyl hydrolase,GGH_HUMAN,,1.734e-23,0.29,47
Abrine,Abrus precatorius,160511.0,CN[C@H](C(=O)O)Cc1c[nH]c2c1cccc2,SEA,ADAM12,,ADA12_HUMAN,,Disintegrin and metalloproteinase domain-containing protein 12,ADA12_HUMAN,,3.894e-23,0.52,48
Abrine,Abrus precatorius,160511.0,CN[C@H](C(=O)O)Cc1c[nH]c2c1cccc2,SEA,C5AR1,,C5AR1_HUMAN,,C5a anaphylatoxin chemotactic receptor 1,C5AR1_HUMAN,,4.078e-23,0.38,49
Abrine,Abrus precatorius,160511.0,CN[C@H](C(=O)O)Cc1c[nH]c2c1cccc2,SEA,NAALAD2,,NALD2_HUMAN,,N-acetylated-alpha-linked acidic dipeptidase 2,NALD2_HUMAN,,1.686e-22,0.33,50
Abrine,Abrus precatorius,160511.0,CN[C@H](C(=O)O)Cc1c[nH]c2c1cccc2,SEA,MMP7,,MMP7_HUMAN,,Matrilysin,MMP7_HUMAN,,2.664e-22,0.52,51
Abrine,Abrus precatorius,160511.0,CN[C@H](C(=O)O)Cc1c[nH]c2c1cccc2,SEA,JUN,,JUN_HUMAN,,Transcription factor AP-1,JUN_HUMAN,,8.909e-21,0.33,52
Abrine,Abrus precatorius,160511.0,CN[C@H](C(=O)O)Cc1c[nH]c2c1cccc2,SEA,PRKAB2,,AAKB2_HUMAN,,5'-AMP-activated protein kinase subunit beta-2,AAKB2_HUMAN,,1.617e-20,0.33,53
Abrine,Abrus precatorius,160511.0,CN[C@H](C(=O)O)Cc1c[nH]c2c1cccc2,SEA,CAPN1,,CAN1_HUMAN,,Calpain-1 catalytic subunit,CAN1_HUMAN,,2.898e-20,0.51,54
Abrine,Abrus precatorius,160511.0,CN[C@H](C(=O)O)Cc1c[nH]c2c1cccc2,SEA,PIN1,,PIN1_HUMAN,,Peptidyl-prolyl cis-trans isomerase NIMA-interacting 1,PIN1_HUMAN,,4.52e-20,0.34,55
Abrine,Abrus precatorius,160511.0,CN[C@H](C(=O)O)Cc1c[nH]c2c1cccc2,SEA,CTSL,,CATL1_HUMAN,,Cathepsin L1,CATL1_HUMAN,,3.491e-19,0.52,56
Abrine,Abrus precatorius,160511.0,CN[C@H](C(=O)O)Cc1c[nH]c2c1cccc2,SEA,HDAC1,,HDAC1_HUMAN,,Histone deacetylase 1,HDAC1_HUMAN,,4.599e-19,0.42,57
Abrine,Abrus precatorius,160511.0,CN[C@H](C(=O)O)Cc1c[nH]c2c1cccc2,SEA,SLC7A5,,LAT1_HUMAN,,Large neutral amino acids transporter small subunit 1,LAT1_HUMAN,,5.19e-19,0.30,58
Abrine,Abrus precatorius,160511.0,CN[C@H](C(=O)O)Cc1c[nH]c2c1cccc2,SEA,GNPAT,,GNPAT_HUMAN,,Dihydroxyacetone phosphate acyltransferase,GNPAT_HUMAN,,1.753e-18,0.29,59
Abrine,Abrus precatorius,160511.0,CN[C@H](C(=O)O)Cc1c[nH]c2c1cccc2,SEA,NTSR1,,NTR1_HUMAN,,Neurotensin receptor type 1,NTR1_HUMAN,,4.687e-18,0.37,60
Abrine,Abrus precatorius,160511.0,CN[C@H](C(=O)O)Cc1c[nH]c2c1cccc2,SEA,SLC2A4,,GLUT4_HUMAN,,"Solute carrier family 2, facilitated glucose transporter member 4",GLUT4_HUMAN,,4.879e-18,0.29,61
Abrine,Abrus precatorius,160511.0,CN[C@H](C(=O)O)Cc1c[nH]c2c1cccc2,SEA,EDNRB,,EDNRB_HUMAN,,Endothelin receptor type B,EDNRB_HUMAN,,1.123e-17,0.52,62
Abrine,Abrus precatorius,160511.0,CN[C@H](C(=O)O)Cc1c[nH]c2c1cccc2,SEA,PSMB8,,PSB8_HUMAN,,Proteasome subunit beta type-8,PSB8_HUMAN,,1.594e-17,0.39,63
Abrine,Abrus precatorius,160511.0,CN[C@H](C(=O)O)Cc1c[nH]c2c1cccc2,SEA,C3AR1,,C3AR_HUMAN,,C3a anaphylatoxin chemotactic receptor,C3AR_HUMAN,,3.017e-17,0.45,64
Abrine,Abrus precatorius,160511.0,CN[C@H](C(=O)O)Cc1c[nH]c2c1cccc2,SEA,AHR,,AHR_HUMAN,,Aryl hydrocarbon receptor,AHR_HUMAN,,1.11e-16,0.41,65
Abrine,Abrus precatorius,160511.0,CN[C@H](C(=O)O)Cc1c[nH]c2c1cccc2,SEA,GABRB1,,GBRB1_HUMAN,,Gamma-aminobutyric acid receptor subunit beta-1,GBRB1_HUMAN,,1.11e-16,0.34,66
Abrine,Abrus precatorius,160511.0,CN[C@H](C(=O)O)Cc1c[nH]c2c1cccc2,SEA,GPR84,,GPR84_HUMAN,,G-protein coupled receptor 84,GPR84_HUMAN,,1.11e-16,0.51,67
Abrine,Abrus precatorius,160511.0,CN[C@H](C(=O)O)Cc1c[nH]c2c1cccc2,SEA,IDE,,IDE_HUMAN,,Insulin-degrading enzyme,IDE_HUMAN,,1.11e-16,0.36,68
Abrine,Abrus precatorius,160511.0,CN[C@H](C(=O)O)Cc1c[nH]c2c1cccc2,SEA,GABRB2,,GBRB2_HUMAN,,Gamma-aminobutyric acid receptor subunit beta-2,GBRB2_HUMAN,,2.22e-16,0.37,69
Abrine,Abrus precatorius,160511.0,CN[C@H](C(=O)O)Cc1c[nH]c2c1cccc2,SEA,CTSB,,CATB_HUMAN,,Cathepsin B,CATB_HUMAN,,4.441e-16,0.45,70
Abrine,Abrus precatorius,160511.0,CN[C@H](C(=O)O)Cc1c[nH]c2c1cccc2,SEA,BCHE,,CHLE_HUMAN,,Cholinesterase,CHLE_HUMAN,,4.441e-16,0.50,71
Abrine,Abrus precatorius,160511.0,CN[C@H](C(=O)O)Cc1c[nH]c2c1cccc2,SEA,RAD51,,RAD51_HUMAN,,DNA repair protein RAD51 homolog 1,RAD51_HUMAN,,5.551e-16,0.52,72
Abrine,Abrus precatorius,160511.0,CN[C@H](C(=O)O)Cc1c[nH]c2c1cccc2,SEA,MPO,,PERM_HUMAN,,Myeloperoxidase,PERM_HUMAN,,9.992e-16,0.43,73
Abrine,Abrus precatorius,160511.0,CN[C@H](C(=O)O)Cc1c[nH]c2c1cccc2,SEA,HDAC11,,HDA11_HUMAN,,Histone deacetylase 11,HDA11_HUMAN,,1.332e-15,0.40,74
Abrine,Abrus precatorius,160511.0,CN[C@H](C(=O)O)Cc1c[nH]c2c1cccc2,SEA,OPRM1,,OPRM_HUMAN,,Mu-type opioid receptor,OPRM_HUMAN,,1.554e-15,0.55,75
Abrine,Abrus precatorius,160511.0,CN[C@H](C(=O)O)Cc1c[nH]c2c1cccc2,SEA,SLC15A1,,S15A1_HUMAN,,Solute carrier family 15 member 1,S15A1_HUMAN,,1.665e-15,0.29,76
Abrine,Abrus precatorius,160511.0,CN[C@H](C(=O)O)Cc1c[nH]c2c1cccc2,SEA,MMP3,,MMP3_HUMAN,,Stromelysin-1,MMP3_HUMAN,,1.887e-15,0.66,77
Abrine,Abrus precatorius,160511.0,CN[C@H](C(=O)O)Cc1c[nH]c2c1cccc2,SEA,HGFAC,,HGFA_HUMAN,,Hepatocyte growth factor activator,HGFA_HUMAN,,2.109e-15,0.37,78
Abrine,Abrus precatorius,160511.0,CN[C@H](C(=O)O)Cc1c[nH]c2c1cccc2,SEA,NCOR1,,NCOR1_HUMAN,,Nuclear receptor corepressor 1,NCOR1_HUMAN,,4.774e-15,0.31,79
Abrine,Abrus precatorius,160511.0,CN[C@H](C(=O)O)Cc1c[nH]c2c1cccc2,SEA,CDC25B,,MPIP2_HUMAN,,M-phase inducer phosphatase 2,MPIP2_HUMAN,,7.55e-15,0.33,80
Abrine,Abrus precatorius,160511.0,CN[C@H](C(=O)O)Cc1c[nH]c2c1cccc2,SEA,CTBP2,,CTBP2_HUMAN,,C-terminal-binding protein 2,CTBP2_HUMAN,,7.883e-15,0.32,81
Abrine,Abrus precatorius,160511.0,CN[C@H](C(=O)O)Cc1c[nH]c2c1cccc2,SEA,AKT3,,AKT3_HUMAN,,RAC-gamma serine/threonine-protein kinase,AKT3_HUMAN,,1.277e-14,0.38,82
Abrine,Abrus precatorius,160511.0,CN[C@H](C(=O)O)Cc1c[nH]c2c1cccc2,SEA,ACHE,,ACES_HUMAN,,Acetylcholinesterase,ACES_HUMAN,,1.507e-13,0.50,83
Abrine,Abrus precatorius,160511.0,CN[C@H](C(=O)O)Cc1c[nH]c2c1cccc2,SEA,NR3C1,,GCR_HUMAN,,Glucocorticoid receptor,GCR_HUMAN,,9.914e-13,0.54,84
Abrine,Abrus precatorius,160511.0,CN[C@H](C(=O)O)Cc1c[nH]c2c1cccc2,SEA,MMP26,,MMP26_HUMAN,,Matrix metalloproteinase-26,MMP26_HUMAN,,1.038e-12,0.52,85
Abrine,Abrus precatorius,160511.0,CN[C@H](C(=O)O)Cc1c[nH]c2c1cccc2,SEA,HDAC8,,HDAC8_HUMAN,,Histone deacetylase 8,HDAC8_HUMAN,,1.238e-12,0.42,86
Abrine,Abrus precatorius,160511.0,CN[C@H](C(=O)O)Cc1c[nH]c2c1cccc2,SEA,MTNR1A,,MTR1A_HUMAN,,Melatonin receptor type 1A,MTR1A_HUMAN,,1.872e-12,0.45,87
Abrine,Abrus precatorius,160511.0,CN[C@H](C(=O)O)Cc1c[nH]c2c1cccc2,SEA,CAPN2,,CAN2_HUMAN,,Calpain-2 catalytic subunit,CAN2_HUMAN,,2.047e-12,0.38,88
Abrine,Abrus precatorius,160511.0,CN[C@H](C(=O)O)Cc1c[nH]c2c1cccc2,SEA,OPRD1,,OPRD_HUMAN,,Delta-type opioid receptor,OPRD_HUMAN,,2.264e-12,0.55,89
Abrine,Abrus precatorius,160511.0,CN[C@H](C(=O)O)Cc1c[nH]c2c1cccc2,SEA,PPIB,,PPIB_HUMAN,,Peptidyl-prolyl cis-trans isomerase B,PPIB_HUMAN,,2.492e-12,0.33,90
Abrine,Abrus precatorius,160511.0,CN[C@H](C(=O)O)Cc1c[nH]c2c1cccc2,SEA,CASP10,,CASPA_HUMAN,,Caspase-10,CASPA_HUMAN,,3.001e-12,0.36,91
Abrine,Abrus precatorius,160511.0,CN[C@H](C(=O)O)Cc1c[nH]c2c1cccc2,SEA,MMP25,,MMP25_HUMAN,,Matrix metalloproteinase-25,MMP25_HUMAN,,3.376e-12,0.39,92
Abrine,Abrus precatorius,160511.0,CN[C@H](C(=O)O)Cc1c[nH]c2c1cccc2,SEA,EPHA7,,EPHA7_HUMAN,,Ephrin type-A receptor 7,EPHA7_HUMAN,,5.913e-12,0.41,93
Abrine,Abrus precatorius,160511.0,CN[C@H](C(=O)O)Cc1c[nH]c2c1cccc2,SEA,EPHA5,,EPHA5_HUMAN,,Ephrin type-A receptor 5,EPHA5_HUMAN,,1.073e-11,0.41,94
Abrine,Abrus precatorius,160511.0,CN[C@H](C(=O)O)Cc1c[nH]c2c1cccc2,SEA,HPN,,HEPS_HUMAN,,Serine protease hepsin,HEPS_HUMAN,,1.146e-11,0.37,95
Abrine,Abrus precatorius,160511.0,CN[C@H](C(=O)O)Cc1c[nH]c2c1cccc2,SEA,EPHA8,,EPHA8_HUMAN,,Ephrin type-A receptor 8,EPHA8_HUMAN,,3.212e-11,0.41,96
Abrine,Abrus precatorius,160511.0,CN[C@H](C(=O)O)Cc1c[nH]c2c1cccc2,SEA,EPHB3,,EPHB3_HUMAN,,Ephrin type-B receptor 3,EPHB3_HUMAN,,3.212e-11,0.41,97
Abrine,Abrus precatorius,160511.0,CN[C@H](C(=O)O)Cc1c[nH]c2c1cccc2,SEA,NR3C2,,MCR_HUMAN,,Mineralocorticoid receptor,MCR_HUMAN,,3.314e-11,0.48,98
Abrine,Abrus precatorius,160511.0,CN[C@H](C(=O)O)Cc1c[nH]c2c1cccc2,SEA,NMUR1,,NMUR1_HUMAN,,Neuromedin-U receptor 1,NMUR1_HUMAN,,4.993e-11,0.32,99
Abrine,Abrus precatorius,160511.0,CN[C@H](C(=O)O)Cc1c[nH]c2c1cccc2,SEA,HTR1E,,5HT1E_HUMAN,,5-hydroxytryptamine receptor 1E,5HT1E_HUMAN,,5.097e-11,0.54,100
Abrine,Abrus precatorius,160511.0,CN[C@H](C(=O)O)Cc1c[nH]c2c1cccc2,SEA,DRD4,,DRD4_HUMAN,,D(4) dopamine receptor,DRD4_HUMAN,,5.603e-11,0.38,101
Abrine,Abrus precatorius,160511.0,CN[C@H](C(=O)O)Cc1c[nH]c2c1cccc2,SEA,EPHA4,,EPHA4_HUMAN,,Ephrin type-A receptor 4,EPHA4_HUMAN,,8.61e-11,0.41,102
Abrine,Abrus precatorius,160511.0,CN[C@H](C(=O)O)Cc1c[nH]c2c1cccc2,SEA,HDAC6,,HDAC6_HUMAN,,Histone deacetylase 6,HDAC6_HUMAN,,1.387e-10,0.42,103
Abrine,Abrus precatorius,160511.0,CN[C@H](C(=O)O)Cc1c[nH]c2c1cccc2,SEA,ADCY5,,ADCY5_HUMAN,,Adenylate cyclase type 5,ADCY5_HUMAN,,1.794e-10,0.46,104
Abrine,Abrus precatorius,160511.0,CN[C@H](C(=O)O)Cc1c[nH]c2c1cccc2,SEA,MMP17,,MMP17_HUMAN,,Matrix metalloproteinase-17,MMP17_HUMAN,,2.147e-10,0.52,105
Abrine,Abrus precatorius,160511.0,CN[C@H](C(=O)O)Cc1c[nH]c2c1cccc2,SEA,EPHA1,,EPHA1_HUMAN,,Ephrin type-A receptor 1,EPHA1_HUMAN,,3.186e-10,0.41,106
Abrine,Abrus precatorius,160511.0,CN[C@H](C(=O)O)Cc1c[nH]c2c1cccc2,SEA,EPHB1,,EPHB1_HUMAN,,Ephrin type-B receptor 1,EPHB1_HUMAN,,3.186e-10,0.41,107
Abrine,Abrus precatorius,160511.0,CN[C@H](C(=O)O)Cc1c[nH]c2c1cccc2,SEA,HDAC10,,HDA10_HUMAN,,Polyamine deacetylase HDAC10,HDA10_HUMAN,,3.253e-10,0.40,108
Abrine,Abrus precatorius,160511.0,CN[C@H](C(=O)O)Cc1c[nH]c2c1cccc2,SEA,MMP15,,MMP15_HUMAN,,Matrix metalloproteinase-15,MMP15_HUMAN,,4.698e-10,0.52,109
Abrine,Abrus precatorius,160511.0,CN[C@H](C(=O)O)Cc1c[nH]c2c1cccc2,SEA,EPHA6,,EPHA6_HUMAN,,Ephrin type-A receptor 6,EPHA6_HUMAN,,4.74e-10,0.41,110
Abrine,Abrus precatorius,160511.0,CN[C@H](C(=O)O)Cc1c[nH]c2c1cccc2,SEA,P4HB,,PDIA1_HUMAN,,Protein disulfide-isomerase,PDIA1_HUMAN,,5.039e-10,0.53,111
Abrine,Abrus precatorius,160511.0,CN[C@H](C(=O)O)Cc1c[nH]c2c1cccc2,SEA,PTPN1,,PTN1_HUMAN,,Tyrosine-protein phosphatase non-receptor type 1,PTN1_HUMAN,,5.795e-10,0.39,112
Abrine,Abrus precatorius,160511.0,CN[C@H](C(=O)O)Cc1c[nH]c2c1cccc2,SEA,EPHB2,,EPHB2_HUMAN,,Ephrin type-B receptor 2,EPHB2_HUMAN,,6.932e-10,0.41,113
Abrine,Abrus precatorius,160511.0,CN[C@H](C(=O)O)Cc1c[nH]c2c1cccc2,SEA,GABRA1,,GBRA1_HUMAN,,Gamma-aminobutyric acid receptor subunit alpha-1,GBRA1_HUMAN,,8.58e-10,0.37,114
Abrine,Abrus precatorius,160511.0,CN[C@H](C(=O)O)Cc1c[nH]c2c1cccc2,SEA,PPARG,,PPARG_HUMAN,,Peroxisome proliferator-activated receptor gamma,PPARG_HUMAN,,9.523e-10,0.60,115
Abrine,Abrus precatorius,160511.0,CN[C@H](C(=O)O)Cc1c[nH]c2c1cccc2,SEA,TMPRSS6,,TMPS6_HUMAN,,Transmembrane protease serine 6,TMPS6_HUMAN,,1.156e-09,0.36,116
Abrine,Abrus precatorius,160511.0,CN[C@H](C(=O)O)Cc1c[nH]c2c1cccc2,SEA,MDM4,,MDM4_HUMAN,,Protein Mdm4,MDM4_HUMAN,,1.328e-09,0.32,117
Abrine,Abrus precatorius,160511.0,CN[C@H](C(=O)O)Cc1c[nH]c2c1cccc2,SEA,HTR2C,,5HT2C_HUMAN,,5-hydroxytryptamine receptor 2C,5HT2C_HUMAN,,2.485e-09,0.54,118
Abrine,Abrus precatorius,160511.0,CN[C@H](C(=O)O)Cc1c[nH]c2c1cccc2,SEA,CAMK2D,,KCC2D_HUMAN,,Calcium/calmodulin-dependent protein kinase type II subunit delta,KCC2D_HUMAN,,3.125e-09,0.32,119
Abrine,Abrus precatorius,160511.0,CN[C@H](C(=O)O)Cc1c[nH]c2c1cccc2,SEA,PLA2G2F,,PA2GF_HUMAN,,Group IIF secretory phospholipase A2,PA2GF_HUMAN,,3.598e-09,0.29,120
Abrine,Abrus precatorius,160511.0,CN[C@H](C(=O)O)Cc1c[nH]c2c1cccc2,SEA,EPHB6,,EPHB6_HUMAN,,Ephrin type-B receptor 6,EPHB6_HUMAN,,3.72e-09,0.41,121
Abrine,Abrus precatorius,160511.0,CN[C@H](C(=O)O)Cc1c[nH]c2c1cccc2,SEA,PAM,,AMD_HUMAN,,Peptidyl-glycine alpha-amidating monooxygenase,AMD_HUMAN,,4.316e-09,0.28,122
Abrine,Abrus precatorius,160511.0,CN[C@H](C(=O)O)Cc1c[nH]c2c1cccc2,SEA,PRKCG,,KPCG_HUMAN,,Protein kinase C gamma type,KPCG_HUMAN,,5.104e-09,0.34,123
Abrine,Abrus precatorius,160511.0,CN[C@H](C(=O)O)Cc1c[nH]c2c1cccc2,SEA,FPR2,,FPR2_HUMAN,,N-formyl peptide receptor 2,FPR2_HUMAN,,5.449e-09,0.42,124
Abrine,Abrus precatorius,160511.0,CN[C@H](C(=O)O)Cc1c[nH]c2c1cccc2,SEA,MTNR1B,,MTR1B_HUMAN,,Melatonin receptor type 1B,MTR1B_HUMAN,,5.508e-09,0.35,125
Abrine,Abrus precatorius,160511.0,CN[C@H](C(=O)O)Cc1c[nH]c2c1cccc2,SEA,HTR1B,,5HT1B_HUMAN,,5-hydroxytryptamine receptor 1B,5HT1B_HUMAN,,5.884e-09,0.54,126
Abrine,Abrus precatorius,160511.0,CN[C@H](C(=O)O)Cc1c[nH]c2c1cccc2,SEA,HTR1A,,5HT1A_HUMAN,,5-hydroxytryptamine receptor 1A,5HT1A_HUMAN,,8.035e-09,0.54,127
Abrine,Abrus precatorius,160511.0,CN[C@H](C(=O)O)Cc1c[nH]c2c1cccc2,SEA,MAPK9,,MK09_HUMAN,,Mitogen-activated protein kinase 9,MK09_HUMAN,,8.817e-09,0.34,128
Abrine,Abrus precatorius,160511.0,CN[C@H](C(=O)O)Cc1c[nH]c2c1cccc2,SEA,REN,,RENI_HUMAN,,Renin,RENI_HUMAN,,1.101e-08,0.39,129
Abrine,Abrus precatorius,160511.0,CN[C@H](C(=O)O)Cc1c[nH]c2c1cccc2,SEA,DRD3,,DRD3_HUMAN,,D(3) dopamine receptor,DRD3_HUMAN,,1.293e-08,0.38,130
Abrine,Abrus precatorius,160511.0,CN[C@H](C(=O)O)Cc1c[nH]c2c1cccc2,SEA,ADAMTS4,,ATS4_HUMAN,,A disintegrin and metalloproteinase with thrombospondin motifs 4,ATS4_HUMAN,,1.429e-08,0.52,131
Abrine,Abrus precatorius,160511.0,CN[C@H](C(=O)O)Cc1c[nH]c2c1cccc2,SEA,ADAM17,,ADA17_HUMAN,,Disintegrin and metalloproteinase domain-containing protein 17,ADA17_HUMAN,,1.517e-08,0.55,132
Abrine,Abrus precatorius,160511.0,CN[C@H](C(=O)O)Cc1c[nH]c2c1cccc2,SEA,HTR1D,,5HT1D_HUMAN,,5-hydroxytryptamine receptor 1D,5HT1D_HUMAN,,1.529e-08,0.54,133
Abrine,Abrus precatorius,160511.0,CN[C@H](C(=O)O)Cc1c[nH]c2c1cccc2,SEA,LARS1,,SYLC_HUMAN,,"Leucine--tRNA ligase, cytoplasmic",SYLC_HUMAN,,1.566e-08,0.28,134
Abrine,Abrus precatorius,160511.0,CN[C@H](C(=O)O)Cc1c[nH]c2c1cccc2,SEA,LTA4H,,LKHA4_HUMAN,,Leukotriene A-4 hydrolase,LKHA4_HUMAN,,1.574e-08,0.57,135
Abrine,Abrus precatorius,160511.0,CN[C@H](C(=O)O)Cc1c[nH]c2c1cccc2,SEA,HDAC9,,HDAC9_HUMAN,,Histone deacetylase 9,HDAC9_HUMAN,,2.426e-08,0.40,136
Abrine,Abrus precatorius,160511.0,CN[C@H](C(=O)O)Cc1c[nH]c2c1cccc2,SEA,HLA-A,,HLAA_HUMAN,,"HLA class I histocompatibility antigen, A alpha chain",HLAA_HUMAN,,2.64e-08,0.39,137
Abrine,Abrus precatorius,160511.0,CN[C@H](C(=O)O)Cc1c[nH]c2c1cccc2,SEA,GABRA6,,GBRA6_HUMAN,,Gamma-aminobutyric acid receptor subunit alpha-6,GBRA6_HUMAN,,2.784e-08,0.29,138
Abrine,Abrus precatorius,160511.0,CN[C@H](C(=O)O)Cc1c[nH]c2c1cccc2,SEA,PSMB9,,PSB9_HUMAN,,Proteasome subunit beta type-9,PSB9_HUMAN,,2.787e-08,0.39,139
Abrine,Abrus precatorius,160511.0,CN[C@H](C(=O)O)Cc1c[nH]c2c1cccc2,SEA,EPHA3,,EPHA3_HUMAN,,Ephrin type-A receptor 3,EPHA3_HUMAN,,3.078e-08,0.41,140
Abrine,Abrus precatorius,160511.0,CN[C@H](C(=O)O)Cc1c[nH]c2c1cccc2,SEA,LAP3,,AMPL_HUMAN,,Cytosol aminopeptidase,AMPL_HUMAN,,3.175e-08,0.32,141
Abrine,Abrus precatorius,160511.0,CN[C@H](C(=O)O)Cc1c[nH]c2c1cccc2,SEA,FOLH1,,FOLH1_HUMAN,,Glutamate carboxypeptidase 2,FOLH1_HUMAN,,3.258e-08,0.33,142
Abrine,Abrus precatorius,160511.0,CN[C@H](C(=O)O)Cc1c[nH]c2c1cccc2,SEA,IMPDH1,,IMDH1_HUMAN,,Inosine-5'-monophosphate dehydrogenase 1,IMDH1_HUMAN,,3.286e-08,0.41,143
Abrine,Abrus precatorius,160511.0,CN[C@H](C(=O)O)Cc1c[nH]c2c1cccc2,SEA,BMP1,,BMP1_HUMAN,,Bone morphogenetic protein 1,BMP1_HUMAN,,3.797e-08,0.49,144
Abrine,Abrus precatorius,160511.0,CN[C@H](C(=O)O)Cc1c[nH]c2c1cccc2,SEA,HTR2B,,5HT2B_HUMAN,,5-hydroxytryptamine receptor 2B,5HT2B_HUMAN,,3.924e-08,0.54,145
Abrine,Abrus precatorius,160511.0,CN[C@H](C(=O)O)Cc1c[nH]c2c1cccc2,SEA,SLC18A2,,VMAT2_HUMAN,,Synaptic vesicular amine transporter,VMAT2_HUMAN,,4.067e-08,0.30,146
Abrine,Abrus precatorius,160511.0,CN[C@H](C(=O)O)Cc1c[nH]c2c1cccc2,SEA,HDAC5,,HDAC5_HUMAN,,Histone deacetylase 5,HDAC5_HUMAN,,4.075e-08,0.40,147
Abrine,Abrus precatorius,160511.0,CN[C@H](C(=O)O)Cc1c[nH]c2c1cccc2,SEA,NPEPPS,,PSA_HUMAN,,Puromycin-sensitive aminopeptidase,PSA_HUMAN,,4.403e-08,0.33,148
Abrine,Abrus precatorius,160511.0,CN[C@H](C(=O)O)Cc1c[nH]c2c1cccc2,SEA,CBX7,,CBX7_HUMAN,,Chromobox protein homolog 7,CBX7_HUMAN,,4.914e-08,0.39,149
Abrine,Abrus precatorius,160511.0,CN[C@H](C(=O)O)Cc1c[nH]c2c1cccc2,SEA,HDAC7,,HDAC7_HUMAN,,Histone deacetylase 7,HDAC7_HUMAN,,4.966e-08,0.40,150
Abrine,Abrus precatorius,160511.0,CN[C@H](C(=O)O)Cc1c[nH]c2c1cccc2,SEA,PTPN2,,PTN2_HUMAN,,Tyrosine-protein phosphatase non-receptor type 2,PTN2_HUMAN,,5.175e-08,0.39,151
Abrine,Abrus precatorius,160511.0,CN[C@H](C(=O)O)Cc1c[nH]c2c1cccc2,SEA,GABRG2,,GBRG2_HUMAN,,Gamma-aminobutyric acid receptor subunit gamma-2,GBRG2_HUMAN,,6.738e-08,0.37,152
Abrine,Abrus precatorius,160511.0,CN[C@H](C(=O)O)Cc1c[nH]c2c1cccc2,SEA,PRKD2,,KPCD2_HUMAN,,Serine/threonine-protein kinase D2,KPCD2_HUMAN,,6.748e-08,0.38,153
Abrine,Abrus precatorius,160511.0,CN[C@H](C(=O)O)Cc1c[nH]c2c1cccc2,SEA,KCNA5,,KCNA5_HUMAN,,Potassium voltage-gated channel subfamily A member 5,KCNA5_HUMAN,,6.946e-08,0.55,154
Abrine,Abrus precatorius,160511.0,CN[C@H](C(=O)O)Cc1c[nH]c2c1cccc2,SEA,HTR2A,,5HT2A_HUMAN,,5-hydroxytryptamine receptor 2A,5HT2A_HUMAN,,7.883e-08,0.54,155
Abrine,Abrus precatorius,160511.0,CN[C@H](C(=O)O)Cc1c[nH]c2c1cccc2,SEA,DRD2,,DRD2_HUMAN,,D(2) dopamine receptor,DRD2_HUMAN,,9.744e-08,0.38,156
Abrine,Abrus precatorius,160511.0,CN[C@H](C(=O)O)Cc1c[nH]c2c1cccc2,SEA,ST14,,ST14_HUMAN,,Suppressor of tumorigenicity 14 protein,ST14_HUMAN,,1.123e-07,0.37,157
Abrine,Abrus precatorius,160511.0,CN[C@H](C(=O)O)Cc1c[nH]c2c1cccc2,SEA,GSK3A,,GSK3A_HUMAN,,Glycogen synthase kinase-3 alpha,GSK3A_HUMAN,,2.028e-07,0.38,158
Abrine,Abrus precatorius,160511.0,CN[C@H](C(=O)O)Cc1c[nH]c2c1cccc2,SEA,MAPK8,,MK08_HUMAN,,Mitogen-activated protein kinase 8,MK08_HUMAN,,2.298e-07,0.41,159
Abrine,Abrus precatorius,160511.0,CN[C@H](C(=O)O)Cc1c[nH]c2c1cccc2,SEA,PSMB5,,PSB5_HUMAN,,Proteasome subunit beta type-5,PSB5_HUMAN,,2.607e-07,0.34,160
Abrine,Abrus precatorius,160511.0,CN[C@H](C(=O)O)Cc1c[nH]c2c1cccc2,SEA,CASP5,,CASP5_HUMAN,,Caspase-5,CASP5_HUMAN,,3.078e-07,0.36,161
Abrine,Abrus precatorius,160511.0,CN[C@H](C(=O)O)Cc1c[nH]c2c1cccc2,SEA,HTR4,,5HT4R_HUMAN,,5-hydroxytryptamine receptor 4,5HT4R_HUMAN,,3.145e-07,0.34,162
Abrine,Abrus precatorius,160511.0,CN[C@H](C(=O)O)Cc1c[nH]c2c1cccc2,SEA,ADRB3,,ADRB3_HUMAN,,Beta-3 adrenergic receptor,ADRB3_HUMAN,,3.417e-07,0.42,163
Abrine,Abrus precatorius,160511.0,CN[C@H](C(=O)O)Cc1c[nH]c2c1cccc2,SEA,ANPEP,,AMPN_HUMAN,,Aminopeptidase N,AMPN_HUMAN,,4.751e-07,0.33,164
Abrine,Abrus precatorius,160511.0,CN[C@H](C(=O)O)Cc1c[nH]c2c1cccc2,SEA,TAOK3,,TAOK3_HUMAN,,Serine/threonine-protein kinase TAO3,TAOK3_HUMAN,,5.127e-07,0.38,165
Abrine,Abrus precatorius,160511.0,CN[C@H](C(=O)O)Cc1c[nH]c2c1cccc2,SEA,AKT2,,AKT2_HUMAN,,RAC-beta serine/threonine-protein kinase,AKT2_HUMAN,,5.616e-07,0.34,166
Abrine,Abrus precatorius,160511.0,CN[C@H](C(=O)O)Cc1c[nH]c2c1cccc2,SEA,CDC42BPA,,MRCKA_HUMAN,,Serine/threonine-protein kinase MRCK alpha,MRCKA_HUMAN,,6.736e-07,0.34,167
Abrine,Abrus precatorius,160511.0,CN[C@H](C(=O)O)Cc1c[nH]c2c1cccc2,SEA,SGK2,,SGK2_HUMAN,,Serine/threonine-protein kinase Sgk2,SGK2_HUMAN,,6.736e-07,0.34,168
Abrine,Abrus precatorius,160511.0,CN[C@H](C(=O)O)Cc1c[nH]c2c1cccc2,SEA,DYRK3,,DYRK3_HUMAN,,Dual specificity tyrosine-phosphorylation-regulated kinase 3,DYRK3_HUMAN,,6.843e-07,0.38,169
Abrine,Abrus precatorius,160511.0,CN[C@H](C(=O)O)Cc1c[nH]c2c1cccc2,SEA,PRKG2,,KGP2_HUMAN,,cGMP-dependent protein kinase 2,KGP2_HUMAN,,1.004e-06,0.32,170
Abrine,Abrus precatorius,160511.0,CN[C@H](C(=O)O)Cc1c[nH]c2c1cccc2,SEA,CAPNS1,,CPNS1_HUMAN,,Calpain small subunit 1,CPNS1_HUMAN,,1.005e-06,0.31,171
Abrine,Abrus precatorius,160511.0,CN[C@H](C(=O)O)Cc1c[nH]c2c1cccc2,SEA,PPARA,,PPARA_HUMAN,,Peroxisome proliferator-activated receptor alpha,PPARA_HUMAN,,1.699e-06,0.33,172
Abrine,Abrus precatorius,160511.0,CN[C@H](C(=O)O)Cc1c[nH]c2c1cccc2,SEA,ADAM9,,ADAM9_HUMAN,,Disintegrin and metalloproteinase domain-containing protein 9,ADAM9_HUMAN,,1.733e-06,0.52,173
Abrine,Abrus precatorius,160511.0,CN[C@H](C(=O)O)Cc1c[nH]c2c1cccc2,SEA,GSK3B,,GSK3B_HUMAN,,Glycogen synthase kinase-3 beta,GSK3B_HUMAN,,2.155e-06,0.38,174
Abrine,Abrus precatorius,160511.0,CN[C@H](C(=O)O)Cc1c[nH]c2c1cccc2,SEA,CASP4,,CASP4_HUMAN,,Caspase-4,CASP4_HUMAN,,2.697e-06,0.36,175
Abrine,Abrus precatorius,160511.0,CN[C@H](C(=O)O)Cc1c[nH]c2c1cccc2,SEA,IMPDH2,,IMDH2_HUMAN,,Inosine-5'-monophosphate dehydrogenase 2,IMDH2_HUMAN,,3.008e-06,0.41,176
Abrine,Abrus precatorius,160511.0,CN[C@H](C(=O)O)Cc1c[nH]c2c1cccc2,SEA,CAMKK2,,KKCC2_HUMAN,,Calcium/calmodulin-dependent protein kinase kinase 2,KKCC2_HUMAN,,4.172e-06,0.31,177
Abrine,Abrus precatorius,160511.0,CN[C@H](C(=O)O)Cc1c[nH]c2c1cccc2,SEA,STK3,,STK3_HUMAN,,Serine/threonine-protein kinase 3,STK3_HUMAN,,4.201e-06,0.38,178
Abrine,Abrus precatorius,160511.0,CN[C@H](C(=O)O)Cc1c[nH]c2c1cccc2,SEA,PRKAA1,,AAPK1_HUMAN,,5'-AMP-activated protein kinase catalytic subunit alpha-1,AAPK1_HUMAN,,4.929e-06,0.33,179
Abrine,Abrus precatorius,160511.0,CN[C@H](C(=O)O)Cc1c[nH]c2c1cccc2,SEA,RPS6KA3,,KS6A3_HUMAN,,Ribosomal protein S6 kinase alpha-3,KS6A3_HUMAN,,8.727e-06,0.38,180
Abrine,Abrus precatorius,160511.0,CN[C@H](C(=O)O)Cc1c[nH]c2c1cccc2,SEA,CBX4,,CBX4_HUMAN,,E3 SUMO-protein ligase CBX4,CBX4_HUMAN,,8.752e-06,0.34,181
Abrine,Abrus precatorius,160511.0,CN[C@H](C(=O)O)Cc1c[nH]c2c1cccc2,SEA,PRKX,,PRKX_HUMAN,,cAMP-dependent protein kinase catalytic subunit PRKX,PRKX_HUMAN,,9.561e-06,0.34,182
Abrine,Abrus precatorius,160511.0,CN[C@H](C(=O)O)Cc1c[nH]c2c1cccc2,SEA,CASP9,,CASP9_HUMAN,,Caspase-9,CASP9_HUMAN,,9.572e-06,0.36,183
Abrine,Abrus precatorius,160511.0,CN[C@H](C(=O)O)Cc1c[nH]c2c1cccc2,SwissTargetPrediction,"Indoleamine 2,3-dioxygenase",IDO1,P14902,CHEMBL4685,Enzyme,P14902,0.155759218072,,,1
Abrine,Abrus precatorius,160511.0,CN[C@H](C(=O)O)Cc1c[nH]c2c1cccc2,SwissTargetPrediction,Serotonin 2b (5-HT2b) receptor,HTR2B,P41595,CHEMBL1833,Family A G protein-coupled receptor,P41595,0.0864426933852,,,2
Abrine,Abrus precatorius,160511.0,CN[C@H](C(=O)O)Cc1c[nH]c2c1cccc2,SwissTargetPrediction,Serotonin 1a (5-HT1a) receptor,HTR1A,P08908,CHEMBL214,Family A G protein-coupled receptor,P08908,0.0864426933852,,,3
Abrine,Abrus precatorius,160511.0,CN[C@H](C(=O)O)Cc1c[nH]c2c1cccc2,SwissTargetPrediction,Serotonin 2a (5-HT2a) receptor,HTR2A,P28223,CHEMBL224,Family A G protein-coupled receptor,P28223,0.0864426933852,,,4
Abrine,Abrus precatorius,160511.0,CN[C@H](C(=O)O)Cc1c[nH]c2c1cccc2,SwissTargetPrediction,Serotonin 2c (5-HT2c) receptor,HTR2C,P28335,CHEMBL225,Family A G protein-coupled receptor,P28335,0.0864426933852,,,5
Abrine,Abrus precatorius,160511.0,CN[C@H](C(=O)O)Cc1c[nH]c2c1cccc2,SwissTargetPrediction,Serotonin 7 (5-HT7) receptor,HTR7,P34969,CHEMBL3155,Family A G protein-coupled receptor,P34969,0.0864426933852,,,6
Abrine,Abrus precatorius,160511.0,CN[C@H](C(=O)O)Cc1c[nH]c2c1cccc2,SwissTargetPrediction,Neurokinin 1 receptor,TACR1,P25103,CHEMBL249,Family A G protein-coupled receptor,P25103,0.0690974435253,,,7
Abrine,Abrus precatorius,160511.0,CN[C@H](C(=O)O)Cc1c[nH]c2c1cccc2,SwissTargetPrediction,Angiotensin-converting enzyme,ACE,P12821,CHEMBL1808,Protease,P12821,0.0604245879294,,,8
Abrine,Abrus precatorius,160511.0,CN[C@H](C(=O)O)Cc1c[nH]c2c1cccc2,SwissTargetPrediction,Cathepsin L,CTSL,P07711,CHEMBL3837,Protease,P07711,0.0604245879294,,,9
Abrine,Abrus precatorius,160511.0,CN[C@H](C(=O)O)Cc1c[nH]c2c1cccc2,SwissTargetPrediction,Ephrin type-A receptor 2,EPHA2,P29317,CHEMBL2068,Kinase,P29317,0.0604245879294,,,10
Abrine,Abrus precatorius,160511.0,CN[C@H](C(=O)O)Cc1c[nH]c2c1cccc2,SwissTargetPrediction,Ephrin type-B receptor 2,EPHB2,P29323,CHEMBL3290,Kinase,P29323,0.0604245879294,,,11
Abrine,Abrus precatorius,160511.0,CN[C@H](C(=O)O)Cc1c[nH]c2c1cccc2,SwissTargetPrediction,Ephrin type-A receptor 5,EPHA5,P54756,CHEMBL3987,Kinase,P54756,0.0604245879294,,,12
Abrine,Abrus precatorius,160511.0,CN[C@H](C(=O)O)Cc1c[nH]c2c1cccc2,SwissTargetPrediction,Ephrin type-A receptor 4,EPHA4,P54764,CHEMBL3988,Kinase,P54764,0.0604245879294,,,13
Abrine,Abrus precatorius,160511.0,CN[C@H](C(=O)O)Cc1c[nH]c2c1cccc2,SwissTargetPrediction,Ephrin type-A receptor 8,EPHA8,P29322,CHEMBL4134,Kinase,P29322,0.0604245879294,,,14
Abrine,Abrus precatorius,160511.0,CN[C@H](C(=O)O)Cc1c[nH]c2c1cccc2,SwissTargetPrediction,Ephrin type-A receptor 6,EPHA6,Q9UF33,CHEMBL4526,Kinase,Q9UF33,0.0604245879294,,,15
Abruquinone A,Abrus precatorius,172847.0,COC1=C(OC)C(=O)C(C2COc3cc(OC)c(OC)cc3C2)=CC1=O,PPB3,Arachidonate 5-lipoxygenase,,,,DNN(ECFP4+MHFP6),Homo sapiens,0.15,,,1
Abruquinone A,Abrus precatorius,172847.0,COC1=C(OC)C(=O)C(C2COc3cc(OC)c(OC)cc3C2)=CC1=O,PPB3,LNCaP,,,,DNN(ECFP4+MHFP6),Homo sapiens,0.09,,,2
Abruquinone A,Abrus precatorius,172847.0,COC1=C(OC)C(=O)C(C2COc3cc(OC)c(OC)cc3C2)=CC1=O,PPB3,Solute carrier organic anion transporter family member 1B1,,,,DNN(ECFP4+MHFP6),Homo sapiens,0.09,,,3
Abruquinone A,Abrus precatorius,172847.0,COC1=C(OC)C(=O)C(C2COc3cc(OC)c(OC)cc3C2)=CC1=O,PPB3,Solute carrier organic anion transporter family member 1B3,,,,DNN(ECFP4+MHFP6),Homo sapiens,0.08,,,4
Abruquinone A,Abrus precatorius,172847.0,COC1=C(OC)C(=O)C(C2COc3cc(OC)c(OC)cc3C2)=CC1=O,PPB3,Prostaglandin E synthase,,,,DNN(ECFP4+MHFP6),Homo sapiens,0.07,,,5
Abruquinone A,Abrus precatorius,172847.0,COC1=C(OC)C(=O)C(C2COc3cc(OC)c(OC)cc3C2)=CC1=O,PPB3,SH-SY5Y,,,,DNN(ECFP4+MHFP6),Homo sapiens,0.05,,,6
Abruquinone A,Abrus precatorius,172847.0,COC1=C(OC)C(=O)C(C2COc3cc(OC)c(OC)cc3C2)=CC1=O,PPB3,Arachidonate 12-lipoxygenase,,,,DNN(ECFP4+MHFP6),Homo sapiens,0.05,,,7
Abruquinone A,Abrus precatorius,172847.0,COC1=C(OC)C(=O)C(C2COc3cc(OC)c(OC)cc3C2)=CC1=O,PPB3,Cytochrome P450 3A4,,,,DNN(ECFP4+MHFP6),Homo sapiens,0.04,,,8
Abruquinone A,Abrus precatorius,172847.0,COC1=C(OC)C(=O)C(C2COc3cc(OC)c(OC)cc3C2)=CC1=O,PPB3,DLD-1,,,,DNN(ECFP4+MHFP6),Homo sapiens,0.01,,,9
Abruquinone A,Abrus precatorius,172847.0,COC1=C(OC)C(=O)C(C2COc3cc(OC)c(OC)cc3C2)=CC1=O,PPB3,MCF7,,,,DNN(ECFP4+MHFP6),Homo sapiens,0.01,,,10
Abruquinone A,Abrus precatorius,172847.0,COC1=C(OC)C(=O)C(C2COc3cc(OC)c(OC)cc3C2)=CC1=O,PPB3,MIA PaCa-2,,,,DNN(ECFP4+MHFP6),Homo sapiens,0.01,,,11
Abruquinone A,Abrus precatorius,172847.0,COC1=C(OC)C(=O)C(C2COc3cc(OC)c(OC)cc3C2)=CC1=O,PPB3,Arachidonate 15-lipoxygenase,,,,DNN(ECFP4),Homo sapiens,0.08,,,12
Abruquinone A,Abrus precatorius,172847.0,COC1=C(OC)C(=O)C(C2COc3cc(OC)c(OC)cc3C2)=CC1=O,PPB3,Glyceraldehyde-3-phosphate dehydrogenase liver,,,,DNN(ECFP4),Homo sapiens,0.04,,,13
Abruquinone A,Abrus precatorius,172847.0,COC1=C(OC)C(=O)C(C2COc3cc(OC)c(OC)cc3C2)=CC1=O,PPB3,CEM-SS,,,,DNN(ECFP4),Homo sapiens,0.01,,,14
Abruquinone A,Abrus precatorius,172847.0,COC1=C(OC)C(=O)C(C2COc3cc(OC)c(OC)cc3C2)=CC1=O,PPB3,Arachidonate 12-lipoxygenase,,,,DNN(ECFP4),Homo sapiens,0.01,,,15
Abruquinone A,Abrus precatorius,172847.0,COC1=C(OC)C(=O)C(C2COc3cc(OC)c(OC)cc3C2)=CC1=O,PPB3,Estrogen receptor beta,,,,DNN(ECFP4),Homo sapiens,0.0,,,16
Abruquinone A,Abrus precatorius,172847.0,COC1=C(OC)C(=O)C(C2COc3cc(OC)c(OC)cc3C2)=CC1=O,PPB3,Quinone reductase 1,,,,DNN(ECFP4),Homo sapiens,0.0,,,17
Abruquinone A,Abrus precatorius,172847.0,COC1=C(OC)C(=O)C(C2COc3cc(OC)c(OC)cc3C2)=CC1=O,PPB3,Histone deacetylase 1,,,,DNN(ECFP4),Homo sapiens,0.0,,,18
Abruquinone A,Abrus precatorius,172847.0,COC1=C(OC)C(=O)C(C2COc3cc(OC)c(OC)cc3C2)=CC1=O,PPB3,HL-60,,,,DNN(RDKit),Homo sapiens,0.07,,,19
Abruquinone A,Abrus precatorius,172847.0,COC1=C(OC)C(=O)C(C2COc3cc(OC)c(OC)cc3C2)=CC1=O,PPB3,HepG2,,,,DNN(RDKit),Homo sapiens,0.05,,,20
Abruquinone A,Abrus precatorius,172847.0,COC1=C(OC)C(=O)C(C2COc3cc(OC)c(OC)cc3C2)=CC1=O,PPB3,A549,,,,DNN(RDKit),Homo sapiens,0.02,,,21
Abruquinone A,Abrus precatorius,172847.0,COC1=C(OC)C(=O)C(C2COc3cc(OC)c(OC)cc3C2)=CC1=O,PPB3,Acetylcholinesterase,,,,DNN(RDKit),Homo sapiens,0.02,,,22
Abruquinone A,Abrus precatorius,172847.0,COC1=C(OC)C(=O)C(C2COc3cc(OC)c(OC)cc3C2)=CC1=O,PPB3,MCF7,,,,DNN(RDKit),Homo sapiens,0.01,,,23
Abruquinone A,Abrus precatorius,172847.0,COC1=C(OC)C(=O)C(C2COc3cc(OC)c(OC)cc3C2)=CC1=O,PPB3,Estrogen receptor alpha,,,,DNN(RDKit),Homo sapiens,0.01,,,24
Abruquinone A,Abrus precatorius,172847.0,COC1=C(OC)C(=O)C(C2COc3cc(OC)c(OC)cc3C2)=CC1=O,PPB3,NB-4,,,,DNN(RDKit),Homo sapiens,0.01,,,25
Abruquinone A,Abrus precatorius,172847.0,COC1=C(OC)C(=O)C(C2COc3cc(OC)c(OC)cc3C2)=CC1=O,PPB3,HUVEC,,,,DNN(RDKit),Homo sapiens,0.01,,,26
Abruquinone A,Abrus precatorius,172847.0,COC1=C(OC)C(=O)C(C2COc3cc(OC)c(OC)cc3C2)=CC1=O,PPB3,Raji,,,,DNN(RDKit),Homo sapiens,0.01,,,27
Abruquinone A,Abrus precatorius,172847.0,COC1=C(OC)C(=O)C(C2COc3cc(OC)c(OC)cc3C2)=CC1=O,PPB3,HCT-116,,,,DNN(RDKit),Homo sapiens,0.01,,,28
Abruquinone A,Abrus precatorius,172847.0,COC1=C(OC)C(=O)C(C2COc3cc(OC)c(OC)cc3C2)=CC1=O,PPB3,Arachidonate 5-lipoxygenase,,,,DNN(RDKit),Homo sapiens,0.01,,,29
Abruquinone A,Abrus precatorius,172847.0,COC1=C(OC)C(=O)C(C2COc3cc(OC)c(OC)cc3C2)=CC1=O,PPB3,A549,,,,DNN(Layered),Homo sapiens,0.08,,,30
Abruquinone A,Abrus precatorius,172847.0,COC1=C(OC)C(=O)C(C2COc3cc(OC)c(OC)cc3C2)=CC1=O,PPB3,K562,,,,DNN(Layered),Homo sapiens,0.04,,,31
Abruquinone A,Abrus precatorius,172847.0,COC1=C(OC)C(=O)C(C2COc3cc(OC)c(OC)cc3C2)=CC1=O,PPB3,HCT-116,,,,DNN(Layered),Homo sapiens,0.04,,,32
Abruquinone A,Abrus precatorius,172847.0,COC1=C(OC)C(=O)C(C2COc3cc(OC)c(OC)cc3C2)=CC1=O,PPB3,HeLa,,,,DNN(Layered),Homo sapiens,0.03,,,33
Abruquinone A,Abrus precatorius,172847.0,COC1=C(OC)C(=O)C(C2COc3cc(OC)c(OC)cc3C2)=CC1=O,PPB3,PC-3,,,,DNN(Layered),Homo sapiens,0.03,,,34
Abruquinone A,Abrus precatorius,172847.0,COC1=C(OC)C(=O)C(C2COc3cc(OC)c(OC)cc3C2)=CC1=O,PPB3,KB,,,,DNN(Layered),Homo sapiens,0.03,,,35
Abruquinone A,Abrus precatorius,172847.0,COC1=C(OC)C(=O)C(C2COc3cc(OC)c(OC)cc3C2)=CC1=O,PPB3,MCF7,,,,DNN(Layered),Homo sapiens,0.03,,,36
Abruquinone A,Abrus precatorius,172847.0,COC1=C(OC)C(=O)C(C2COc3cc(OC)c(OC)cc3C2)=CC1=O,PPB3,NCI-H460,,,,DNN(Layered),Homo sapiens,0.03,,,37
Abruquinone A,Abrus precatorius,172847.0,COC1=C(OC)C(=O)C(C2COc3cc(OC)c(OC)cc3C2)=CC1=O,PPB3,P-glycoprotein 1,,,,DNN(Layered),Homo sapiens,0.02,,,38
Abruquinone A,Abrus precatorius,172847.0,COC1=C(OC)C(=O)C(C2COc3cc(OC)c(OC)cc3C2)=CC1=O,PPB3,MDA-MB-231,,,,DNN(Layered),Homo sapiens,0.02,,,39
Abruquinone A,Abrus precatorius,172847.0,COC1=C(OC)C(=O)C(C2COc3cc(OC)c(OC)cc3C2)=CC1=O,PPB3,HepG2,,,,DNN(Layered),Homo sapiens,0.02,,,40
Abruquinone A,Abrus precatorius,172847.0,COC1=C(OC)C(=O)C(C2COc3cc(OC)c(OC)cc3C2)=CC1=O,PPB3,HaCaT,,,,DNN(Layered),Homo sapiens,0.02,,,41
Abruquinone A,Abrus precatorius,172847.0,COC1=C(OC)C(=O)C(C2COc3cc(OC)c(OC)cc3C2)=CC1=O,PPB3,HL-60,,,,DNN(Layered),Homo sapiens,0.02,,,42
Abruquinone A,Abrus precatorius,172847.0,COC1=C(OC)C(=O)C(C2COc3cc(OC)c(OC)cc3C2)=CC1=O,PPB3,Cannabinoid CB2 receptor,,,,DNN(MHFP6),Homo sapiens,0.35,,,43
Abruquinone A,Abrus precatorius,172847.0,COC1=C(OC)C(=O)C(C2COc3cc(OC)c(OC)cc3C2)=CC1=O,PPB3,Arachidonate 5-lipoxygenase,,,,DNN(MHFP6),Homo sapiens,0.06,,,44
Abruquinone A,Abrus precatorius,172847.0,COC1=C(OC)C(=O)C(C2COc3cc(OC)c(OC)cc3C2)=CC1=O,PPB3,HeLa,,,,DNN(MHFP6),Homo sapiens,0.03,,,45
Abruquinone A,Abrus precatorius,172847.0,COC1=C(OC)C(=O)C(C2COc3cc(OC)c(OC)cc3C2)=CC1=O,PPB3,Butyrylcholinesterase,,,,DNN(MHFP6),Homo sapiens,0.01,,,46
Abruquinone A,Abrus precatorius,172847.0,COC1=C(OC)C(=O)C(C2COc3cc(OC)c(OC)cc3C2)=CC1=O,PPB3,MCF7,,,,DNN(MHFP6),Homo sapiens,0.01,,,47
Abruquinone A,Abrus precatorius,172847.0,COC1=C(OC)C(=O)C(C2COc3cc(OC)c(OC)cc3C2)=CC1=O,PPB3,A549,,,,DNN(MHFP6),Homo sapiens,0.01,,,48
Abruquinone A,Abrus precatorius,172847.0,COC1=C(OC)C(=O)C(C2COc3cc(OC)c(OC)cc3C2)=CC1=O,PPB3,HepG2,,,,DNN(MHFP6),Homo sapiens,0.01,,,49
Abruquinone A,Abrus precatorius,172847.0,COC1=C(OC)C(=O)C(C2COc3cc(OC)c(OC)cc3C2)=CC1=O,PPB3,N9,,,,DNN(MHFP6),Homo sapiens,0.01,,,50
Abruquinone A,Abrus precatorius,172847.0,COC1=C(OC)C(=O)C(C2COc3cc(OC)c(OC)cc3C2)=CC1=O,PPB3,KB,,,,DNN(MHFP6),Homo sapiens,0.0,,,51
Abruquinone A,Abrus precatorius,172847.0,COC1=C(OC)C(=O)C(C2COc3cc(OC)c(OC)cc3C2)=CC1=O,PPB3,MDA-MB-231,,,,DNN(MHFP6),Homo sapiens,0.0,,,52
Abruquinone A,Abrus precatorius,172847.0,COC1=C(OC)C(=O)C(C2COc3cc(OC)c(OC)cc3C2)=CC1=O,PPB3,K562,,,,DNN(MHFP6),Homo sapiens,0.0,,,53
Abruquinone A,Abrus precatorius,172847.0,COC1=C(OC)C(=O)C(C2COc3cc(OC)c(OC)cc3C2)=CC1=O,PPB3,U-251,,,,DNN(MHFP6),Homo sapiens,0.0,,,54
Abruquinone A,Abrus precatorius,172847.0,COC1=C(OC)C(=O)C(C2COc3cc(OC)c(OC)cc3C2)=CC1=O,PPB3,SH-SY5Y,,,,DNN(MHFP6),Homo sapiens,0.0,,,55
Abruquinone A,Abrus precatorius,172847.0,COC1=C(OC)C(=O)C(C2COc3cc(OC)c(OC)cc3C2)=CC1=O,PPB3,HaCaT,,,,DNN(MHFP6),Homo sapiens,0.0,,,56
Abruquinone A,Abrus precatorius,172847.0,COC1=C(OC)C(=O)C(C2COc3cc(OC)c(OC)cc3C2)=CC1=O,PPB3,T47D,,,,DNN(MHFP6),Homo sapiens,0.0,,,57
Abruquinone A,Abrus precatorius,172847.0,COC1=C(OC)C(=O)C(C2COc3cc(OC)c(OC)cc3C2)=CC1=O,PPB3,Epoxide hydratase,,,,DNN(MHFP6),Homo sapiens,0.0,,,58
Abruquinone A,Abrus precatorius,172847.0,COC1=C(OC)C(=O)C(C2COc3cc(OC)c(OC)cc3C2)=CC1=O,PPB3,HT-29,,,,DNN(ECFP6),Homo sapiens,0.02,,,59
Abruquinone A,Abrus precatorius,172847.0,COC1=C(OC)C(=O)C(C2COc3cc(OC)c(OC)cc3C2)=CC1=O,PPB3,MCF7,,,,DNN(ECFP6),Homo sapiens,0.02,,,60
Abruquinone A,Abrus precatorius,172847.0,COC1=C(OC)C(=O)C(C2COc3cc(OC)c(OC)cc3C2)=CC1=O,PPB3,HeLa,,,,DNN(ECFP6),Homo sapiens,0.02,,,61
Abruquinone A,Abrus precatorius,172847.0,COC1=C(OC)C(=O)C(C2COc3cc(OC)c(OC)cc3C2)=CC1=O,PPB3,Cytochrome P450 19A1,,,,DNN(ECFP6),Homo sapiens,0.01,,,62
Abruquinone A,Abrus precatorius,172847.0,COC1=C(OC)C(=O)C(C2COc3cc(OC)c(OC)cc3C2)=CC1=O,PPB3,ATP-dependent DNA helicase Q1,,,,DNN(ECFP6),Homo sapiens,0.01,,,63
Abruquinone A,Abrus precatorius,172847.0,COC1=C(OC)C(=O)C(C2COc3cc(OC)c(OC)cc3C2)=CC1=O,PPB3,SW480,,,,DNN(ECFP6),Homo sapiens,0.0,,,64
Abruquinone A,Abrus precatorius,172847.0,COC1=C(OC)C(=O)C(C2COc3cc(OC)c(OC)cc3C2)=CC1=O,PPB3,15-hydroxyprostaglandin dehydrogenase [NAD+],,,,DNN(ECFP6),Homo sapiens,0.0,,,65
Abruquinone A,Abrus precatorius,172847.0,COC1=C(OC)C(=O)C(C2COc3cc(OC)c(OC)cc3C2)=CC1=O,PPB3,A549,,,,DNN(ECFP6),Homo sapiens,0.0,,,66
Abruquinone A,Abrus precatorius,172847.0,COC1=C(OC)C(=O)C(C2COc3cc(OC)c(OC)cc3C2)=CC1=O,PPB3,Ectonucleotide pyrophosphatase/phosphodiesterase family member 1,,,,DNN(ECFP6),Homo sapiens,0.0,,,67
Abruquinone A,Abrus precatorius,172847.0,COC1=C(OC)C(=O)C(C2COc3cc(OC)c(OC)cc3C2)=CC1=O,PPB3,Panel NCI-60 (60 carcinoma cell lines),,,,DNN(ECFP6),Homo sapiens,0.0,,,68
Abruquinone A,Abrus precatorius,172847.0,COC1=C(OC)C(=O)C(C2COc3cc(OC)c(OC)cc3C2)=CC1=O,PPB3,Tyrosyl-DNA phosphodiesterase 1,,,,DNN(ECFP6),Homo sapiens,0.0,,,69
Abruquinone A,Abrus precatorius,172847.0,COC1=C(OC)C(=O)C(C2COc3cc(OC)c(OC)cc3C2)=CC1=O,PPB3,Microtubule-associated protein tau,,,,DNN(ECFP6),Homo sapiens,0.0,,,70
Abruquinone A,Abrus precatorius,172847.0,COC1=C(OC)C(=O)C(C2COc3cc(OC)c(OC)cc3C2)=CC1=O,PPB3,Epidermal growth factor receptor erbB1,,,,DNN(ECFP6),Homo sapiens,0.0,,,71
Abruquinone A,Abrus precatorius,172847.0,COC1=C(OC)C(=O)C(C2COc3cc(OC)c(OC)cc3C2)=CC1=O,PPB3,Jurkat,,,,DNN(ECFP6),Homo sapiens,0.0,,,72
Abruquinone A,Abrus precatorius,172847.0,COC1=C(OC)C(=O)C(C2COc3cc(OC)c(OC)cc3C2)=CC1=O,PPB3,Solute carrier organic anion transporter family member 1B1,,,,DNN(AtomPair),Homo sapiens,0.14,,,73
Abruquinone A,Abrus precatorius,172847.0,COC1=C(OC)C(=O)C(C2COc3cc(OC)c(OC)cc3C2)=CC1=O,PPB3,Solute carrier organic anion transporter family member 1B3,,,,DNN(AtomPair),Homo sapiens,0.14,,,74
Abruquinone A,Abrus precatorius,172847.0,COC1=C(OC)C(=O)C(C2COc3cc(OC)c(OC)cc3C2)=CC1=O,PPB3,Cytochrome P450 1A2,,,,DNN(AtomPair),Homo sapiens,0.11,,,75
Abruquinone A,Abrus precatorius,172847.0,COC1=C(OC)C(=O)C(C2COc3cc(OC)c(OC)cc3C2)=CC1=O,PPB3,HL-60,,,,DNN(AtomPair),Homo sapiens,0.06,,,76
Abruquinone A,Abrus precatorius,172847.0,COC1=C(OC)C(=O)C(C2COc3cc(OC)c(OC)cc3C2)=CC1=O,PPB3,KB,,,,DNN(AtomPair),Homo sapiens,0.05,,,77
Abruquinone A,Abrus precatorius,172847.0,COC1=C(OC)C(=O)C(C2COc3cc(OC)c(OC)cc3C2)=CC1=O,PPB3,HT-29,,,,DNN(AtomPair),Homo sapiens,0.05,,,78
Abruquinone A,Abrus precatorius,172847.0,COC1=C(OC)C(=O)C(C2COc3cc(OC)c(OC)cc3C2)=CC1=O,PPB3,K562,,,,DNN(AtomPair),Homo sapiens,0.04,,,79
Abruquinone A,Abrus precatorius,172847.0,COC1=C(OC)C(=O)C(C2COc3cc(OC)c(OC)cc3C2)=CC1=O,PPB3,HepG2,,,,DNN(AtomPair),Homo sapiens,0.04,,,80
Abruquinone A,Abrus precatorius,172847.0,COC1=C(OC)C(=O)C(C2COc3cc(OC)c(OC)cc3C2)=CC1=O,PPB3,Cytochrome P450 19A1,,,,DNN(AtomPair),Homo sapiens,0.03,,,81
Abruquinone A,Abrus precatorius,172847.0,COC1=C(OC)C(=O)C(C2COc3cc(OC)c(OC)cc3C2)=CC1=O,PPB3,MDA-MB-231,,,,DNN(AtomPair),Homo sapiens,0.03,,,82
Abruquinone A,Abrus precatorius,172847.0,COC1=C(OC)C(=O)C(C2COc3cc(OC)c(OC)cc3C2)=CC1=O,PPB3,Cytochrome P450 1A1,,,,DNN(AtomPair),Homo sapiens,0.03,,,83
Abruquinone A,Abrus precatorius,172847.0,COC1=C(OC)C(=O)C(C2COc3cc(OC)c(OC)cc3C2)=CC1=O,PPB3,Survival motor neuron protein,,,,DNN(AtomPair),Homo sapiens,0.03,,,84
Abruquinone A,Abrus precatorius,172847.0,COC1=C(OC)C(=O)C(C2COc3cc(OC)c(OC)cc3C2)=CC1=O,PPB3,NCI-H460,,,,DNN(AtomPair),Homo sapiens,0.03,,,85
Abruquinone A,Abrus precatorius,172847.0,COC1=C(OC)C(=O)C(C2COc3cc(OC)c(OC)cc3C2)=CC1=O,PPB3,Cannabinoid CB2 receptor,,,,Consensus,Homo sapiens,0.35,,,86
Abruquinone A,Abrus precatorius,172847.0,COC1=C(OC)C(=O)C(C2COc3cc(OC)c(OC)cc3C2)=CC1=O,PPB3,Arachidonate 5-lipoxygenase,,,,Consensus,Homo sapiens,0.15,,,87
Abruquinone A,Abrus precatorius,172847.0,COC1=C(OC)C(=O)C(C2COc3cc(OC)c(OC)cc3C2)=CC1=O,PPB3,Solute carrier organic anion transporter family member 1B1,,,,Consensus,Homo sapiens,0.14,,,88
Abruquinone A,Abrus precatorius,172847.0,COC1=C(OC)C(=O)C(C2COc3cc(OC)c(OC)cc3C2)=CC1=O,PPB3,Solute carrier organic anion transporter family member 1B3,,,,Consensus,Homo sapiens,0.14,,,89
Abruquinone A,Abrus precatorius,172847.0,COC1=C(OC)C(=O)C(C2COc3cc(OC)c(OC)cc3C2)=CC1=O,PPB3,Cytochrome P450 1A2,,,,Consensus,Homo sapiens,0.11,,,90
Abruquinone A,Abrus precatorius,172847.0,COC1=C(OC)C(=O)C(C2COc3cc(OC)c(OC)cc3C2)=CC1=O,PPB3,LNCaP,,,,Consensus,Homo sapiens,0.09,,,91
Abruquinone A,Abrus precatorius,172847.0,COC1=C(OC)C(=O)C(C2COc3cc(OC)c(OC)cc3C2)=CC1=O,PPB3,A549,,,,Consensus,Homo sapiens,0.08,,,92
Abruquinone A,Abrus precatorius,172847.0,COC1=C(OC)C(=O)C(C2COc3cc(OC)c(OC)cc3C2)=CC1=O,PPB3,Arachidonate 15-lipoxygenase,,,,Consensus,Homo sapiens,0.08,,,93
Abruquinone A,Abrus precatorius,172847.0,COC1=C(OC)C(=O)C(C2COc3cc(OC)c(OC)cc3C2)=CC1=O,PPB3,HL-60,,,,Consensus,Homo sapiens,0.07,,,94
Abruquinone A,Abrus precatorius,172847.0,COC1=C(OC)C(=O)C(C2COc3cc(OC)c(OC)cc3C2)=CC1=O,PPB3,Prostaglandin E synthase,,,,Consensus,Homo sapiens,0.07,,,95
Abruquinone A,Abrus precatorius,172847.0,COC1=C(OC)C(=O)C(C2COc3cc(OC)c(OC)cc3C2)=CC1=O,SEA,ALOX15B,,LX15B_HUMAN,,Arachidonate 15-lipoxygenase B,LX15B_HUMAN,,2.428e-13,0.33,1
Abruquinone A,Abrus precatorius,172847.0,COC1=C(OC)C(=O)C(C2COc3cc(OC)c(OC)cc3C2)=CC1=O,SEA,MT-ND4,,NU4M_HUMAN,,NADH-ubiquinone oxidoreductase chain 4,NU4M_HUMAN,,6.538e-10,0.29,2
Abruquinone A,Abrus precatorius,172847.0,COC1=C(OC)C(=O)C(C2COc3cc(OC)c(OC)cc3C2)=CC1=O,SEA,ACHE,,ACES_HUMAN,,Acetylcholinesterase,ACES_HUMAN,,1.434e-08,0.36,3
Abruquinone A,Abrus precatorius,172847.0,COC1=C(OC)C(=O)C(C2COc3cc(OC)c(OC)cc3C2)=CC1=O,SEA,ODC1,,DCOR_HUMAN,,Ornithine decarboxylase,DCOR_HUMAN,,2.827e-08,0.31,4
Abruquinone A,Abrus precatorius,172847.0,COC1=C(OC)C(=O)C(C2COc3cc(OC)c(OC)cc3C2)=CC1=O,SEA,ADRA2C,,ADA2C_HUMAN,,Alpha-2C adrenergic receptor,ADA2C_HUMAN,,2.565e-06,0.31,5
Abruquinone A,Abrus precatorius,172847.0,COC1=C(OC)C(=O)C(C2COc3cc(OC)c(OC)cc3C2)=CC1=O,SwissTargetPrediction,Platelet-derived growth factor receptor beta,PDGFRB,P09619,CHEMBL1913,Kinase,P09619,0.109339753231,,,1
Abruquinone A,Abrus precatorius,172847.0,COC1=C(OC)C(=O)C(C2COc3cc(OC)c(OC)cc3C2)=CC1=O,SwissTargetPrediction,Leucine-rich repeat serine/threonine-protein kinase 2,LRRK2,Q5S007,CHEMBL1075104,Kinase,Q5S007,0.109339753231,,,2
Abruquinone A,Abrus precatorius,172847.0,COC1=C(OC)C(=O)C(C2COc3cc(OC)c(OC)cc3C2)=CC1=O,SwissTargetPrediction,Bromodomain-containing protein 4,BRD4,O60885,CHEMBL1163125,Reader,O60885,0.109339753231,,,3
Abruquinone A,Abrus precatorius,172847.0,COC1=C(OC)C(=O)C(C2COc3cc(OC)c(OC)cc3C2)=CC1=O,SwissTargetPrediction,Intercellular adhesion molecule-1,ICAM1,P05362,CHEMBL3070,Adhesion,P05362,0.109339753231,,,4
Abruquinone A,Abrus precatorius,172847.0,COC1=C(OC)C(=O)C(C2COc3cc(OC)c(OC)cc3C2)=CC1=O,SwissTargetPrediction,Bromodomain-containing protein 9,BRD9,Q9H8M2,CHEMBL3108640,Reader,Q9H8M2,0.109339753231,,,5
Abruquinone A,Abrus precatorius,172847.0,COC1=C(OC)C(=O)C(C2COc3cc(OC)c(OC)cc3C2)=CC1=O,SwissTargetPrediction,Vascular cell adhesion protein 1,VCAM1,P19320,CHEMBL3735,Adhesion,P19320,0.109339753231,,,6
Abruquinone A,Abrus precatorius,172847.0,COC1=C(OC)C(=O)C(C2COc3cc(OC)c(OC)cc3C2)=CC1=O,SwissTargetPrediction,Selectin E,SELE,P16581,CHEMBL3890,Adhesion,P16581,0.109339753231,,,7
Abruquinone A,Abrus precatorius,172847.0,COC1=C(OC)C(=O)C(C2COc3cc(OC)c(OC)cc3C2)=CC1=O,SwissTargetPrediction,Carbonic anhydrase II,CA2,P00918,CHEMBL205,Lyase,P00918,0.109339753231,,,8
Abruquinone A,Abrus precatorius,172847.0,COC1=C(OC)C(=O)C(C2COc3cc(OC)c(OC)cc3C2)=CC1=O,SwissTargetPrediction,Carbonic anhydrase VII,CA7,P43166,CHEMBL2326,Lyase,P43166,0.109339753231,,,9
Abruquinone A,Abrus precatorius,172847.0,COC1=C(OC)C(=O)C(C2COc3cc(OC)c(OC)cc3C2)=CC1=O,SwissTargetPrediction,Tyrosine-protein kinase SYK,SYK,P43405,CHEMBL2599,Kinase,P43405,0.109339753231,,,10
Abruquinone A,Abrus precatorius,172847.0,COC1=C(OC)C(=O)C(C2COc3cc(OC)c(OC)cc3C2)=CC1=O,SwissTargetPrediction,Carbonic anhydrase VI,CA6,P23280,CHEMBL3025,Lyase,P23280,0.109339753231,,,11
Abruquinone A,Abrus precatorius,172847.0,COC1=C(OC)C(=O)C(C2COc3cc(OC)c(OC)cc3C2)=CC1=O,SwissTargetPrediction,Carbonic anhydrase XII,CA12,O43570,CHEMBL3242,Lyase,O43570,0.109339753231,,,12
Abruquinone A,Abrus precatorius,172847.0,COC1=C(OC)C(=O)C(C2COc3cc(OC)c(OC)cc3C2)=CC1=O,SwissTargetPrediction,Glycogen synthase kinase-3 beta,GSK3B,P49841,CHEMBL262,Kinase,P49841,0.109339753231,,,13
Abruquinone A,Abrus precatorius,172847.0,COC1=C(OC)C(=O)C(C2COc3cc(OC)c(OC)cc3C2)=CC1=O,SwissTargetPrediction,Cyclin-dependent kinase 2,CDK2,P24941,CHEMBL301,Kinase,P24941,0.109339753231,,,14
Abruquinone A,Abrus precatorius,172847.0,COC1=C(OC)C(=O)C(C2COc3cc(OC)c(OC)cc3C2)=CC1=O,SwissTargetPrediction,Cyclin-dependent kinase 4,CDK4,P11802,CHEMBL331,Kinase,P11802,0.109339753231,,,15
Abruquinone B,Abrus precatorius,3009614.0,COC1=C(OC)C(=O)C(C2COc3c(cc(OC)c(OC)c3OC)C2)=CC1=O,PPB3,HeLa,,,,DNN(ECFP4+MHFP6),Homo sapiens,0.04,,,1
Abruquinone B,Abrus precatorius,3009614.0,COC1=C(OC)C(=O)C(C2COc3c(cc(OC)c(OC)c3OC)C2)=CC1=O,PPB3,KB,,,,DNN(ECFP4+MHFP6),Homo sapiens,0.02,,,2
Abruquinone B,Abrus precatorius,3009614.0,COC1=C(OC)C(=O)C(C2COc3c(cc(OC)c(OC)c3OC)C2)=CC1=O,PPB3,HepG2,,,,DNN(ECFP4+MHFP6),Homo sapiens,0.02,,,3
Abruquinone B,Abrus precatorius,3009614.0,COC1=C(OC)C(=O)C(C2COc3c(cc(OC)c(OC)c3OC)C2)=CC1=O,PPB3,Butyrylcholinesterase,,,,DNN(ECFP4+MHFP6),Homo sapiens,0.0,,,4
Abruquinone B,Abrus precatorius,3009614.0,COC1=C(OC)C(=O)C(C2COc3c(cc(OC)c(OC)c3OC)C2)=CC1=O,PPB3,NFF,,,,DNN(ECFP4+MHFP6),Homo sapiens,0.0,,,5
Abruquinone B,Abrus precatorius,3009614.0,COC1=C(OC)C(=O)C(C2COc3c(cc(OC)c(OC)c3OC)C2)=CC1=O,PPB3,MDA-MB-435,,,,DNN(ECFP4+MHFP6),Homo sapiens,0.0,,,6
Abruquinone B,Abrus precatorius,3009614.0,COC1=C(OC)C(=O)C(C2COc3c(cc(OC)c(OC)c3OC)C2)=CC1=O,PPB3,NCI-H1975,,,,DNN(ECFP4+MHFP6),Homo sapiens,0.0,,,7
Abruquinone B,Abrus precatorius,3009614.0,COC1=C(OC)C(=O)C(C2COc3c(cc(OC)c(OC)c3OC)C2)=CC1=O,PPB3,MCF7,,,,DNN(ECFP4+MHFP6),Homo sapiens,0.0,,,8
Abruquinone B,Abrus precatorius,3009614.0,COC1=C(OC)C(=O)C(C2COc3c(cc(OC)c(OC)c3OC)C2)=CC1=O,PPB3,Microtubule-associated protein tau,,,,DNN(ECFP4+MHFP6),Homo sapiens,0.0,,,9
Abruquinone B,Abrus precatorius,3009614.0,COC1=C(OC)C(=O)C(C2COc3c(cc(OC)c(OC)c3OC)C2)=CC1=O,PPB3,Serotonin 1a (5-HT1a) receptor,,,,DNN(ECFP4+MHFP6),Homo sapiens,0.0,,,10
Abruquinone B,Abrus precatorius,3009614.0,COC1=C(OC)C(=O)C(C2COc3c(cc(OC)c(OC)c3OC)C2)=CC1=O,PPB3,Acetylcholinesterase,,,,DNN(ECFP4),Homo sapiens,0.01,,,11
Abruquinone B,Abrus precatorius,3009614.0,COC1=C(OC)C(=O)C(C2COc3c(cc(OC)c(OC)c3OC)C2)=CC1=O,PPB3,MDA-MB-231,,,,DNN(ECFP4),Homo sapiens,0.01,,,12
Abruquinone B,Abrus precatorius,3009614.0,COC1=C(OC)C(=O)C(C2COc3c(cc(OC)c(OC)c3OC)C2)=CC1=O,PPB3,MCF7,,,,DNN(ECFP4),Homo sapiens,0.01,,,13
Abruquinone B,Abrus precatorius,3009614.0,COC1=C(OC)C(=O)C(C2COc3c(cc(OC)c(OC)c3OC)C2)=CC1=O,PPB3,Panel NCI-60 (60 carcinoma cell lines),,,,DNN(ECFP4),Homo sapiens,0.01,,,14
Abruquinone B,Abrus precatorius,3009614.0,COC1=C(OC)C(=O)C(C2COc3c(cc(OC)c(OC)c3OC)C2)=CC1=O,PPB3,PC-3,,,,DNN(ECFP4),Homo sapiens,0.01,,,15
Abruquinone B,Abrus precatorius,3009614.0,COC1=C(OC)C(=O)C(C2COc3c(cc(OC)c(OC)c3OC)C2)=CC1=O,PPB3,KB,,,,DNN(ECFP4),Homo sapiens,0.01,,,16
Abruquinone B,Abrus precatorius,3009614.0,COC1=C(OC)C(=O)C(C2COc3c(cc(OC)c(OC)c3OC)C2)=CC1=O,PPB3,K562,,,,DNN(ECFP4),Homo sapiens,0.01,,,17
Abruquinone B,Abrus precatorius,3009614.0,COC1=C(OC)C(=O)C(C2COc3c(cc(OC)c(OC)c3OC)C2)=CC1=O,PPB3,HeLa,,,,DNN(ECFP4),Homo sapiens,0.01,,,18
Abruquinone B,Abrus precatorius,3009614.0,COC1=C(OC)C(=O)C(C2COc3c(cc(OC)c(OC)c3OC)C2)=CC1=O,PPB3,HCT-116,,,,DNN(ECFP4),Homo sapiens,0.01,,,19
Abruquinone B,Abrus precatorius,3009614.0,COC1=C(OC)C(=O)C(C2COc3c(cc(OC)c(OC)c3OC)C2)=CC1=O,PPB3,HL-60,,,,DNN(RDKit),Homo sapiens,0.06,,,20
Abruquinone B,Abrus precatorius,3009614.0,COC1=C(OC)C(=O)C(C2COc3c(cc(OC)c(OC)c3OC)C2)=CC1=O,PPB3,MCF7,,,,DNN(RDKit),Homo sapiens,0.03,,,21
Abruquinone B,Abrus precatorius,3009614.0,COC1=C(OC)C(=O)C(C2COc3c(cc(OC)c(OC)c3OC)C2)=CC1=O,PPB3,HepG2,,,,DNN(RDKit),Homo sapiens,0.03,,,22
Abruquinone B,Abrus precatorius,3009614.0,COC1=C(OC)C(=O)C(C2COc3c(cc(OC)c(OC)c3OC)C2)=CC1=O,PPB3,A549,,,,DNN(RDKit),Homo sapiens,0.02,,,23
Abruquinone B,Abrus precatorius,3009614.0,COC1=C(OC)C(=O)C(C2COc3c(cc(OC)c(OC)c3OC)C2)=CC1=O,PPB3,HUVEC,,,,DNN(RDKit),Homo sapiens,0.02,,,24
Abruquinone B,Abrus precatorius,3009614.0,COC1=C(OC)C(=O)C(C2COc3c(cc(OC)c(OC)c3OC)C2)=CC1=O,PPB3,HeLa,,,,DNN(RDKit),Homo sapiens,0.01,,,25
Abruquinone B,Abrus precatorius,3009614.0,COC1=C(OC)C(=O)C(C2COc3c(cc(OC)c(OC)c3OC)C2)=CC1=O,PPB3,MDA-MB-231,,,,DNN(RDKit),Homo sapiens,0.01,,,26
Abruquinone B,Abrus precatorius,3009614.0,COC1=C(OC)C(=O)C(C2COc3c(cc(OC)c(OC)c3OC)C2)=CC1=O,PPB3,PC-3,,,,DNN(RDKit),Homo sapiens,0.01,,,27
Abruquinone B,Abrus precatorius,3009614.0,COC1=C(OC)C(=O)C(C2COc3c(cc(OC)c(OC)c3OC)C2)=CC1=O,PPB3,Raji,,,,DNN(RDKit),Homo sapiens,0.01,,,28
Abruquinone B,Abrus precatorius,3009614.0,COC1=C(OC)C(=O)C(C2COc3c(cc(OC)c(OC)c3OC)C2)=CC1=O,PPB3,HCT-116,,,,DNN(RDKit),Homo sapiens,0.01,,,29
Abruquinone B,Abrus precatorius,3009614.0,COC1=C(OC)C(=O)C(C2COc3c(cc(OC)c(OC)c3OC)C2)=CC1=O,PPB3,A549,,,,DNN(Layered),Homo sapiens,0.2,,,30
Abruquinone B,Abrus precatorius,3009614.0,COC1=C(OC)C(=O)C(C2COc3c(cc(OC)c(OC)c3OC)C2)=CC1=O,PPB3,KB,,,,DNN(Layered),Homo sapiens,0.17,,,31
Abruquinone B,Abrus precatorius,3009614.0,COC1=C(OC)C(=O)C(C2COc3c(cc(OC)c(OC)c3OC)C2)=CC1=O,PPB3,MCF7,,,,DNN(Layered),Homo sapiens,0.13,,,32
Abruquinone B,Abrus precatorius,3009614.0,COC1=C(OC)C(=O)C(C2COc3c(cc(OC)c(OC)c3OC)C2)=CC1=O,PPB3,K562,,,,DNN(Layered),Homo sapiens,0.07,,,33
Abruquinone B,Abrus precatorius,3009614.0,COC1=C(OC)C(=O)C(C2COc3c(cc(OC)c(OC)c3OC)C2)=CC1=O,PPB3,PC-3,,,,DNN(Layered),Homo sapiens,0.07,,,34
Abruquinone B,Abrus precatorius,3009614.0,COC1=C(OC)C(=O)C(C2COc3c(cc(OC)c(OC)c3OC)C2)=CC1=O,PPB3,HL-60,,,,DNN(Layered),Homo sapiens,0.06,,,35
Abruquinone B,Abrus precatorius,3009614.0,COC1=C(OC)C(=O)C(C2COc3c(cc(OC)c(OC)c3OC)C2)=CC1=O,PPB3,MDA-MB-231,,,,DNN(Layered),Homo sapiens,0.06,,,36
Abruquinone B,Abrus precatorius,3009614.0,COC1=C(OC)C(=O)C(C2COc3c(cc(OC)c(OC)c3OC)C2)=CC1=O,PPB3,HepG2,,,,DNN(Layered),Homo sapiens,0.05,,,37
Abruquinone B,Abrus precatorius,3009614.0,COC1=C(OC)C(=O)C(C2COc3c(cc(OC)c(OC)c3OC)C2)=CC1=O,PPB3,HeLa,,,,DNN(Layered),Homo sapiens,0.05,,,38
Abruquinone B,Abrus precatorius,3009614.0,COC1=C(OC)C(=O)C(C2COc3c(cc(OC)c(OC)c3OC)C2)=CC1=O,PPB3,HCT-116,,,,DNN(Layered),Homo sapiens,0.04,,,39
Abruquinone B,Abrus precatorius,3009614.0,COC1=C(OC)C(=O)C(C2COc3c(cc(OC)c(OC)c3OC)C2)=CC1=O,PPB3,KB,,,,DNN(MHFP6),Homo sapiens,0.03,,,40
Abruquinone B,Abrus precatorius,3009614.0,COC1=C(OC)C(=O)C(C2COc3c(cc(OC)c(OC)c3OC)C2)=CC1=O,PPB3,Cannabinoid CB2 receptor,,,,DNN(MHFP6),Homo sapiens,0.03,,,41
Abruquinone B,Abrus precatorius,3009614.0,COC1=C(OC)C(=O)C(C2COc3c(cc(OC)c(OC)c3OC)C2)=CC1=O,PPB3,NCI-H187,,,,DNN(MHFP6),Homo sapiens,0.01,,,42
Abruquinone B,Abrus precatorius,3009614.0,COC1=C(OC)C(=O)C(C2COc3c(cc(OC)c(OC)c3OC)C2)=CC1=O,PPB3,U-251,,,,DNN(MHFP6),Homo sapiens,0.01,,,43
Abruquinone B,Abrus precatorius,3009614.0,COC1=C(OC)C(=O)C(C2COc3c(cc(OC)c(OC)c3OC)C2)=CC1=O,PPB3,Cathepsin L2,,,,DNN(MHFP6),Homo sapiens,0.01,,,44
Abruquinone B,Abrus precatorius,3009614.0,COC1=C(OC)C(=O)C(C2COc3c(cc(OC)c(OC)c3OC)C2)=CC1=O,PPB3,M14,,,,DNN(MHFP6),Homo sapiens,0.0,,,45
Abruquinone B,Abrus precatorius,3009614.0,COC1=C(OC)C(=O)C(C2COc3c(cc(OC)c(OC)c3OC)C2)=CC1=O,PPB3,Quinone reductase 2,,,,DNN(MHFP6),Homo sapiens,0.0,,,46
Abruquinone B,Abrus precatorius,3009614.0,COC1=C(OC)C(=O)C(C2COc3c(cc(OC)c(OC)c3OC)C2)=CC1=O,PPB3,MIA PaCa-2,,,,DNN(MHFP6),Homo sapiens,0.0,,,47
Abruquinone B,Abrus precatorius,3009614.0,COC1=C(OC)C(=O)C(C2COc3c(cc(OC)c(OC)c3OC)C2)=CC1=O,PPB3,MDA-MB-231,,,,DNN(MHFP6),Homo sapiens,0.0,,,48
Abruquinone B,Abrus precatorius,3009614.0,COC1=C(OC)C(=O)C(C2COc3c(cc(OC)c(OC)c3OC)C2)=CC1=O,PPB3,HT-29,,,,DNN(MHFP6),Homo sapiens,0.0,,,49
Abruquinone B,Abrus precatorius,3009614.0,COC1=C(OC)C(=O)C(C2COc3c(cc(OC)c(OC)c3OC)C2)=CC1=O,PPB3,HeLa,,,,DNN(MHFP6),Homo sapiens,0.0,,,50
Abruquinone B,Abrus precatorius,3009614.0,COC1=C(OC)C(=O)C(C2COc3c(cc(OC)c(OC)c3OC)C2)=CC1=O,PPB3,PBMC,,,,DNN(MHFP6),Homo sapiens,0.0,,,51
Abruquinone B,Abrus precatorius,3009614.0,COC1=C(OC)C(=O)C(C2COc3c(cc(OC)c(OC)c3OC)C2)=CC1=O,PPB3,HEK293,,,,DNN(MHFP6),Homo sapiens,0.0,,,52
Abruquinone B,Abrus precatorius,3009614.0,COC1=C(OC)C(=O)C(C2COc3c(cc(OC)c(OC)c3OC)C2)=CC1=O,PPB3,Arachidonate 5-lipoxygenase,,,,DNN(MHFP6),Homo sapiens,0.0,,,53
Abruquinone B,Abrus precatorius,3009614.0,COC1=C(OC)C(=O)C(C2COc3c(cc(OC)c(OC)c3OC)C2)=CC1=O,PPB3,MCF7,,,,DNN(MHFP6),Homo sapiens,0.0,,,54
Abruquinone B,Abrus precatorius,3009614.0,COC1=C(OC)C(=O)C(C2COc3c(cc(OC)c(OC)c3OC)C2)=CC1=O,PPB3,KB,,,,DNN(ECFP6),Homo sapiens,0.03,,,55
Abruquinone B,Abrus precatorius,3009614.0,COC1=C(OC)C(=O)C(C2COc3c(cc(OC)c(OC)c3OC)C2)=CC1=O,PPB3,A-431,,,,DNN(ECFP6),Homo sapiens,0.02,,,56
Abruquinone B,Abrus precatorius,3009614.0,COC1=C(OC)C(=O)C(C2COc3c(cc(OC)c(OC)c3OC)C2)=CC1=O,PPB3,HUVEC,,,,DNN(ECFP6),Homo sapiens,0.01,,,57
Abruquinone B,Abrus precatorius,3009614.0,COC1=C(OC)C(=O)C(C2COc3c(cc(OC)c(OC)c3OC)C2)=CC1=O,PPB3,Arachidonate 5-lipoxygenase,,,,DNN(ECFP6),Homo sapiens,0.0,,,58
Abruquinone B,Abrus precatorius,3009614.0,COC1=C(OC)C(=O)C(C2COc3c(cc(OC)c(OC)c3OC)C2)=CC1=O,PPB3,Prelamin-A/C,,,,DNN(ECFP6),Homo sapiens,0.0,,,59
Abruquinone B,Abrus precatorius,3009614.0,COC1=C(OC)C(=O)C(C2COc3c(cc(OC)c(OC)c3OC)C2)=CC1=O,PPB3,HeLa,,,,DNN(ECFP6),Homo sapiens,0.0,,,60
Abruquinone B,Abrus precatorius,3009614.0,COC1=C(OC)C(=O)C(C2COc3c(cc(OC)c(OC)c3OC)C2)=CC1=O,PPB3,Microtubule-associated protein tau,,,,DNN(ECFP6),Homo sapiens,0.0,,,61
Abruquinone B,Abrus precatorius,3009614.0,COC1=C(OC)C(=O)C(C2COc3c(cc(OC)c(OC)c3OC)C2)=CC1=O,PPB3,MCF7,,,,DNN(ECFP6),Homo sapiens,0.0,,,62
Abruquinone B,Abrus precatorius,3009614.0,COC1=C(OC)C(=O)C(C2COc3c(cc(OC)c(OC)c3OC)C2)=CC1=O,PPB3,A549,,,,DNN(ECFP6),Homo sapiens,0.0,,,63
Abruquinone B,Abrus precatorius,3009614.0,COC1=C(OC)C(=O)C(C2COc3c(cc(OC)c(OC)c3OC)C2)=CC1=O,PPB3,KB,,,,DNN(AtomPair),Homo sapiens,0.3,,,64
Abruquinone B,Abrus precatorius,3009614.0,COC1=C(OC)C(=O)C(C2COc3c(cc(OC)c(OC)c3OC)C2)=CC1=O,PPB3,HL-60,,,,DNN(AtomPair),Homo sapiens,0.14,,,65
Abruquinone B,Abrus precatorius,3009614.0,COC1=C(OC)C(=O)C(C2COc3c(cc(OC)c(OC)c3OC)C2)=CC1=O,PPB3,MDA-MB-231,,,,DNN(AtomPair),Homo sapiens,0.08,,,66
Abruquinone B,Abrus precatorius,3009614.0,COC1=C(OC)C(=O)C(C2COc3c(cc(OC)c(OC)c3OC)C2)=CC1=O,PPB3,A549,,,,DNN(AtomPair),Homo sapiens,0.06,,,67
Abruquinone B,Abrus precatorius,3009614.0,COC1=C(OC)C(=O)C(C2COc3c(cc(OC)c(OC)c3OC)C2)=CC1=O,PPB3,HT-29,,,,DNN(AtomPair),Homo sapiens,0.04,,,68
Abruquinone B,Abrus precatorius,3009614.0,COC1=C(OC)C(=O)C(C2COc3c(cc(OC)c(OC)c3OC)C2)=CC1=O,PPB3,SF-295,,,,DNN(AtomPair),Homo sapiens,0.04,,,69
Abruquinone B,Abrus precatorius,3009614.0,COC1=C(OC)C(=O)C(C2COc3c(cc(OC)c(OC)c3OC)C2)=CC1=O,PPB3,A498,,,,DNN(AtomPair),Homo sapiens,0.03,,,70
Abruquinone B,Abrus precatorius,3009614.0,COC1=C(OC)C(=O)C(C2COc3c(cc(OC)c(OC)c3OC)C2)=CC1=O,PPB3,K562,,,,DNN(AtomPair),Homo sapiens,0.03,,,71
Abruquinone B,Abrus precatorius,3009614.0,COC1=C(OC)C(=O)C(C2COc3c(cc(OC)c(OC)c3OC)C2)=CC1=O,PPB3,PBMC,,,,DNN(AtomPair),Homo sapiens,0.03,,,72
Abruquinone B,Abrus precatorius,3009614.0,COC1=C(OC)C(=O)C(C2COc3c(cc(OC)c(OC)c3OC)C2)=CC1=O,PPB3,Acetylcholinesterase,,,,DNN(AtomPair),Homo sapiens,0.03,,,73
Abruquinone B,Abrus precatorius,3009614.0,COC1=C(OC)C(=O)C(C2COc3c(cc(OC)c(OC)c3OC)C2)=CC1=O,PPB3,Solute carrier organic anion transporter family member 1B1,,,,DNN(AtomPair),Homo sapiens,0.03,,,74
Abruquinone B,Abrus precatorius,3009614.0,COC1=C(OC)C(=O)C(C2COc3c(cc(OC)c(OC)c3OC)C2)=CC1=O,PPB3,HepG2,,,,DNN(AtomPair),Homo sapiens,0.03,,,75
Abruquinone B,Abrus precatorius,3009614.0,COC1=C(OC)C(=O)C(C2COc3c(cc(OC)c(OC)c3OC)C2)=CC1=O,PPB3,HCT-116,,,,DNN(AtomPair),Homo sapiens,0.02,,,76
Abruquinone B,Abrus precatorius,3009614.0,COC1=C(OC)C(=O)C(C2COc3c(cc(OC)c(OC)c3OC)C2)=CC1=O,PPB3,Cytochrome P450 1A2,,,,DNN(AtomPair),Homo sapiens,0.02,,,77
Abruquinone B,Abrus precatorius,3009614.0,COC1=C(OC)C(=O)C(C2COc3c(cc(OC)c(OC)c3OC)C2)=CC1=O,PPB3,HeLa,,,,DNN(AtomPair),Homo sapiens,0.02,,,78
Abruquinone B,Abrus precatorius,3009614.0,COC1=C(OC)C(=O)C(C2COc3c(cc(OC)c(OC)c3OC)C2)=CC1=O,PPB3,KB,,,,Consensus,Homo sapiens,0.3,,,79
Abruquinone B,Abrus precatorius,3009614.0,COC1=C(OC)C(=O)C(C2COc3c(cc(OC)c(OC)c3OC)C2)=CC1=O,PPB3,A549,,,,Consensus,Homo sapiens,0.2,,,80
Abruquinone B,Abrus precatorius,3009614.0,COC1=C(OC)C(=O)C(C2COc3c(cc(OC)c(OC)c3OC)C2)=CC1=O,PPB3,HL-60,,,,Consensus,Homo sapiens,0.14,,,81
Abruquinone B,Abrus precatorius,3009614.0,COC1=C(OC)C(=O)C(C2COc3c(cc(OC)c(OC)c3OC)C2)=CC1=O,PPB3,MCF7,,,,Consensus,Homo sapiens,0.13,,,82
Abruquinone B,Abrus precatorius,3009614.0,COC1=C(OC)C(=O)C(C2COc3c(cc(OC)c(OC)c3OC)C2)=CC1=O,PPB3,MDA-MB-231,,,,Consensus,Homo sapiens,0.08,,,83
Abruquinone B,Abrus precatorius,3009614.0,COC1=C(OC)C(=O)C(C2COc3c(cc(OC)c(OC)c3OC)C2)=CC1=O,PPB3,K562,,,,Consensus,Homo sapiens,0.07,,,84
Abruquinone B,Abrus precatorius,3009614.0,COC1=C(OC)C(=O)C(C2COc3c(cc(OC)c(OC)c3OC)C2)=CC1=O,PPB3,PC-3,,,,Consensus,Homo sapiens,0.07,,,85
Abruquinone B,Abrus precatorius,3009614.0,COC1=C(OC)C(=O)C(C2COc3c(cc(OC)c(OC)c3OC)C2)=CC1=O,PPB3,HepG2,,,,Consensus,Homo sapiens,0.05,,,86
Abruquinone B,Abrus precatorius,3009614.0,COC1=C(OC)C(=O)C(C2COc3c(cc(OC)c(OC)c3OC)C2)=CC1=O,PPB3,HeLa,,,,Consensus,Homo sapiens,0.05,,,87
Abruquinone B,Abrus precatorius,3009614.0,COC1=C(OC)C(=O)C(C2COc3c(cc(OC)c(OC)c3OC)C2)=CC1=O,PPB3,HT-29,,,,Consensus,Homo sapiens,0.04,,,88
Abruquinone B,Abrus precatorius,3009614.0,COC1=C(OC)C(=O)C(C2COc3c(cc(OC)c(OC)c3OC)C2)=CC1=O,SEA,TUBB,,TBB5_HUMAN,,Tubulin beta chain,TBB5_HUMAN,,5.889e-23,0.28,1
Abruquinone B,Abrus precatorius,3009614.0,COC1=C(OC)C(=O)C(C2COc3c(cc(OC)c(OC)c3OC)C2)=CC1=O,SEA,ODC1,,DCOR_HUMAN,,Ornithine decarboxylase,DCOR_HUMAN,,1.613e-08,0.32,2
Abruquinone B,Abrus precatorius,3009614.0,COC1=C(OC)C(=O)C(C2COc3c(cc(OC)c(OC)c3OC)C2)=CC1=O,SEA,SLC22A3,,S22A3_HUMAN,,Solute carrier family 22 member 3,S22A3_HUMAN,,3.409e-06,0.28,3
Abruquinone B,Abrus precatorius,3009614.0,COC1=C(OC)C(=O)C(C2COc3c(cc(OC)c(OC)c3OC)C2)=CC1=O,SwissTargetPrediction,Matrix metalloproteinase 2,MMP2,P08253,CHEMBL333,Protease,P08253,0.11573667475,,,1
Abruquinone B,Abrus precatorius,3009614.0,COC1=C(OC)C(=O)C(C2COc3c(cc(OC)c(OC)c3OC)C2)=CC1=O,SwissTargetPrediction,Leucine-rich repeat serine/threonine-protein kinase 2,LRRK2,Q5S007,CHEMBL1075104,Kinase,Q5S007,0.11573667475,,,2
Abruquinone B,Abrus precatorius,3009614.0,COC1=C(OC)C(=O)C(C2COc3c(cc(OC)c(OC)c3OC)C2)=CC1=O,SwissTargetPrediction,Serine/threonine-protein kinase Chk1,CHEK1,O14757,CHEMBL4630,Kinase,O14757,0.11573667475,,,3
Abruquinone B,Abrus precatorius,3009614.0,COC1=C(OC)C(=O)C(C2COc3c(cc(OC)c(OC)c3OC)C2)=CC1=O,SwissTargetPrediction,Tyrosine-protein kinase SYK,SYK,P43405,CHEMBL2599,Kinase,P43405,0.11573667475,,,4
Abruquinone B,Abrus precatorius,3009614.0,COC1=C(OC)C(=O)C(C2COc3c(cc(OC)c(OC)c3OC)C2)=CC1=O,SwissTargetPrediction,Epidermal growth factor receptor erbB1,EGFR,P00533,CHEMBL203,Kinase,P00533,0.11573667475,,,5
Abruquinone B,Abrus precatorius,3009614.0,COC1=C(OC)C(=O)C(C2COc3c(cc(OC)c(OC)c3OC)C2)=CC1=O,SwissTargetPrediction,Bromodomain-containing protein 4,BRD4,O60885,CHEMBL1163125,Reader,O60885,0.11573667475,,,6
Abruquinone B,Abrus precatorius,3009614.0,COC1=C(OC)C(=O)C(C2COc3c(cc(OC)c(OC)c3OC)C2)=CC1=O,SwissTargetPrediction,Bromodomain-containing protein 9,BRD9,Q9H8M2,CHEMBL3108640,Reader,Q9H8M2,0.11573667475,,,7
Abruquinone B,Abrus precatorius,3009614.0,COC1=C(OC)C(=O)C(C2COc3c(cc(OC)c(OC)c3OC)C2)=CC1=O,SwissTargetPrediction,Lysine-specific demethylase 5B,KDM5B,Q9UGL1,CHEMBL3774295,Eraser,Q9UGL1,0.11573667475,,,8
Abruquinone B,Abrus precatorius,3009614.0,COC1=C(OC)C(=O)C(C2COc3c(cc(OC)c(OC)c3OC)C2)=CC1=O,SwissTargetPrediction,Phosphodiesterase 5A,PDE5A,O76074,CHEMBL1827,Phosphodiesterase,O76074,0.11573667475,,,9
Abruquinone B,Abrus precatorius,3009614.0,COC1=C(OC)C(=O)C(C2COc3c(cc(OC)c(OC)c3OC)C2)=CC1=O,SwissTargetPrediction,Nerve growth factor receptor Trk-A,NTRK1,P04629,CHEMBL2815,Kinase,P04629,0.11573667475,,,10
Abruquinone B,Abrus precatorius,3009614.0,COC1=C(OC)C(=O)C(C2COc3c(cc(OC)c(OC)c3OC)C2)=CC1=O,SwissTargetPrediction,Intercellular adhesion molecule-1,ICAM1,P05362,CHEMBL3070,Adhesion,P05362,0.11573667475,,,11
Abruquinone B,Abrus precatorius,3009614.0,COC1=C(OC)C(=O)C(C2COc3c(cc(OC)c(OC)c3OC)C2)=CC1=O,SwissTargetPrediction,Selectin E,SELE,P16581,CHEMBL3890,Adhesion,P16581,0.11573667475,,,12
Abruquinone B,Abrus precatorius,3009614.0,COC1=C(OC)C(=O)C(C2COc3c(cc(OC)c(OC)c3OC)C2)=CC1=O,SwissTargetPrediction,Tyrosine-protein kinase JAK3,JAK3,P52333,CHEMBL2148,Kinase,P52333,0.11573667475,,,13
Abruquinone B,Abrus precatorius,3009614.0,COC1=C(OC)C(=O)C(C2COc3c(cc(OC)c(OC)c3OC)C2)=CC1=O,SwissTargetPrediction,Matrix metalloproteinase 13,MMP13,P45452,CHEMBL280,Protease,P45452,0.11573667475,,,14
Abruquinone B,Abrus precatorius,3009614.0,COC1=C(OC)C(=O)C(C2COc3c(cc(OC)c(OC)c3OC)C2)=CC1=O,SwissTargetPrediction,Orexin receptor 2,HCRTR2,O43614,CHEMBL4792,Family A G protein-coupled receptor,O43614,0.11573667475,,,15
Borneol acetate,Abies alba,93009.0,CC(=O)O[C@@H]1C[C@@H]2CC[C@@]1(C)C2(C)C,PPB3,HL-60,,,,DNN(ECFP4+MHFP6),Homo sapiens,0.12,,,1
Borneol acetate,Abies alba,93009.0,CC(=O)O[C@@H]1C[C@@H]2CC[C@@]1(C)C2(C)C,PPB3,Solute carrier organic anion transporter family member 1B1,,,,DNN(ECFP4+MHFP6),Homo sapiens,0.11,,,2
Borneol acetate,Abies alba,93009.0,CC(=O)O[C@@H]1C[C@@H]2CC[C@@]1(C)C2(C)C,PPB3,Solute carrier organic anion transporter family member 1B3,,,,DNN(ECFP4+MHFP6),Homo sapiens,0.08,,,3
Borneol acetate,Abies alba,93009.0,CC(=O)O[C@@H]1C[C@@H]2CC[C@@]1(C)C2(C)C,PPB3,Prelamin-A/C,,,,DNN(ECFP4+MHFP6),Homo sapiens,0.04,,,4
Borneol acetate,Abies alba,93009.0,CC(=O)O[C@@H]1C[C@@H]2CC[C@@]1(C)C2(C)C,PPB3,Aldehyde dehydrogenase 1A1,,,,DNN(ECFP4+MHFP6),Homo sapiens,0.01,,,5
Borneol acetate,Abies alba,93009.0,CC(=O)O[C@@H]1C[C@@H]2CC[C@@]1(C)C2(C)C,PPB3,DNA polymerase beta,,,,DNN(ECFP4+MHFP6),Homo sapiens,0.0,,,6
Borneol acetate,Abies alba,93009.0,CC(=O)O[C@@H]1C[C@@H]2CC[C@@]1(C)C2(C)C,PPB3,Microtubule-associated protein tau,,,,DNN(ECFP4+MHFP6),Homo sapiens,0.0,,,7
Borneol acetate,Abies alba,93009.0,CC(=O)O[C@@H]1C[C@@H]2CC[C@@]1(C)C2(C)C,PPB3,NAD-dependent protein deacetylase sirtuin-6,,,,DNN(ECFP4+MHFP6),Homo sapiens,0.0,,,8
Borneol acetate,Abies alba,93009.0,CC(=O)O[C@@H]1C[C@@H]2CC[C@@]1(C)C2(C)C,PPB3,Menin/Histone-lysine N-methyltransferase MLL,,,,DNN(ECFP4+MHFP6),Homo sapiens,0.0,,,9
Borneol acetate,Abies alba,93009.0,CC(=O)O[C@@H]1C[C@@H]2CC[C@@]1(C)C2(C)C,PPB3,Heat shock protein HSP 90-alpha,,,,DNN(ECFP4+MHFP6),Homo sapiens,0.0,,,10
Borneol acetate,Abies alba,93009.0,CC(=O)O[C@@H]1C[C@@H]2CC[C@@]1(C)C2(C)C,PPB3,SW872,,,,DNN(ECFP4+MHFP6),Homo sapiens,0.0,,,11
Borneol acetate,Abies alba,93009.0,CC(=O)O[C@@H]1C[C@@H]2CC[C@@]1(C)C2(C)C,PPB3,C8166,,,,DNN(ECFP4+MHFP6),Homo sapiens,0.0,,,12
Borneol acetate,Abies alba,93009.0,CC(=O)O[C@@H]1C[C@@H]2CC[C@@]1(C)C2(C)C,PPB3,A2780,,,,DNN(ECFP4),Homo sapiens,0.27,,,13
Borneol acetate,Abies alba,93009.0,CC(=O)O[C@@H]1C[C@@H]2CC[C@@]1(C)C2(C)C,PPB3,Prelamin-A/C,,,,DNN(ECFP4),Homo sapiens,0.19,,,14
Borneol acetate,Abies alba,93009.0,CC(=O)O[C@@H]1C[C@@H]2CC[C@@]1(C)C2(C)C,PPB3,Solute carrier organic anion transporter family member 1B3,,,,DNN(ECFP4),Homo sapiens,0.18,,,15
Borneol acetate,Abies alba,93009.0,CC(=O)O[C@@H]1C[C@@H]2CC[C@@]1(C)C2(C)C,PPB3,LoVo,,,,DNN(ECFP4),Homo sapiens,0.17,,,16
Borneol acetate,Abies alba,93009.0,CC(=O)O[C@@H]1C[C@@H]2CC[C@@]1(C)C2(C)C,PPB3,Cytochrome P450 2C19,,,,DNN(ECFP4),Homo sapiens,0.16,,,17
Borneol acetate,Abies alba,93009.0,CC(=O)O[C@@H]1C[C@@H]2CC[C@@]1(C)C2(C)C,PPB3,Solute carrier organic anion transporter family member 1B1,,,,DNN(ECFP4),Homo sapiens,0.16,,,18
Borneol acetate,Abies alba,93009.0,CC(=O)O[C@@H]1C[C@@H]2CC[C@@]1(C)C2(C)C,PPB3,MAP kinase ERK2,,,,DNN(ECFP4),Homo sapiens,0.16,,,19
Borneol acetate,Abies alba,93009.0,CC(=O)O[C@@H]1C[C@@H]2CC[C@@]1(C)C2(C)C,PPB3,5637,,,,DNN(ECFP4),Homo sapiens,0.13,,,20
Borneol acetate,Abies alba,93009.0,CC(=O)O[C@@H]1C[C@@H]2CC[C@@]1(C)C2(C)C,PPB3,KB,,,,DNN(ECFP4),Homo sapiens,0.11,,,21
Borneol acetate,Abies alba,93009.0,CC(=O)O[C@@H]1C[C@@H]2CC[C@@]1(C)C2(C)C,PPB3,NCI-H187,,,,DNN(ECFP4),Homo sapiens,0.11,,,22
Borneol acetate,Abies alba,93009.0,CC(=O)O[C@@H]1C[C@@H]2CC[C@@]1(C)C2(C)C,PPB3,Menin/Histone-lysine N-methyltransferase MLL,,,,DNN(ECFP4),Homo sapiens,0.11,,,23
Borneol acetate,Abies alba,93009.0,CC(=O)O[C@@H]1C[C@@H]2CC[C@@]1(C)C2(C)C,PPB3,Cytochrome P450 3A4,,,,DNN(ECFP4),Homo sapiens,0.11,,,24
Borneol acetate,Abies alba,93009.0,CC(=O)O[C@@H]1C[C@@H]2CC[C@@]1(C)C2(C)C,PPB3,Solute carrier organic anion transporter family member 1B3,,,,DNN(RDKit),Homo sapiens,0.09,,,25
Borneol acetate,Abies alba,93009.0,CC(=O)O[C@@H]1C[C@@H]2CC[C@@]1(C)C2(C)C,PPB3,Solute carrier organic anion transporter family member 1B1,,,,DNN(RDKit),Homo sapiens,0.09,,,26
Borneol acetate,Abies alba,93009.0,CC(=O)O[C@@H]1C[C@@H]2CC[C@@]1(C)C2(C)C,PPB3,Prelamin-A/C,,,,DNN(RDKit),Homo sapiens,0.07,,,27
Borneol acetate,Abies alba,93009.0,CC(=O)O[C@@H]1C[C@@H]2CC[C@@]1(C)C2(C)C,PPB3,Microtubule-associated protein tau,,,,DNN(RDKit),Homo sapiens,0.04,,,28
Borneol acetate,Abies alba,93009.0,CC(=O)O[C@@H]1C[C@@H]2CC[C@@]1(C)C2(C)C,PPB3,Bile acid transporter,,,,DNN(RDKit),Homo sapiens,0.04,,,29
Borneol acetate,Abies alba,93009.0,CC(=O)O[C@@H]1C[C@@H]2CC[C@@]1(C)C2(C)C,PPB3,H9,,,,DNN(RDKit),Homo sapiens,0.04,,,30
Borneol acetate,Abies alba,93009.0,CC(=O)O[C@@H]1C[C@@H]2CC[C@@]1(C)C2(C)C,PPB3,11-beta-hydroxysteroid dehydrogenase 2,,,,DNN(RDKit),Homo sapiens,0.04,,,31
Borneol acetate,Abies alba,93009.0,CC(=O)O[C@@H]1C[C@@H]2CC[C@@]1(C)C2(C)C,PPB3,Aldehyde dehydrogenase 1A1,,,,DNN(RDKit),Homo sapiens,0.04,,,32
Borneol acetate,Abies alba,93009.0,CC(=O)O[C@@H]1C[C@@H]2CC[C@@]1(C)C2(C)C,PPB3,G-protein coupled bile acid receptor 1,,,,DNN(RDKit),Homo sapiens,0.03,,,33
Borneol acetate,Abies alba,93009.0,CC(=O)O[C@@H]1C[C@@H]2CC[C@@]1(C)C2(C)C,PPB3,Survival motor neuron protein,,,,DNN(RDKit),Homo sapiens,0.03,,,34
Borneol acetate,Abies alba,93009.0,CC(=O)O[C@@H]1C[C@@H]2CC[C@@]1(C)C2(C)C,PPB3,HeLa,,,,DNN(RDKit),Homo sapiens,0.02,,,35
Borneol acetate,Abies alba,93009.0,CC(=O)O[C@@H]1C[C@@H]2CC[C@@]1(C)C2(C)C,PPB3,Solute carrier organic anion transporter family member 1B3,,,,DNN(Layered),Homo sapiens,0.15,,,36
Borneol acetate,Abies alba,93009.0,CC(=O)O[C@@H]1C[C@@H]2CC[C@@]1(C)C2(C)C,PPB3,Solute carrier organic anion transporter family member 1B1,,,,DNN(Layered),Homo sapiens,0.13,,,37
Borneol acetate,Abies alba,93009.0,CC(=O)O[C@@H]1C[C@@H]2CC[C@@]1(C)C2(C)C,PPB3,Ubiquitin carboxyl-terminal hydrolase 2,,,,DNN(Layered),Homo sapiens,0.1,,,38
Borneol acetate,Abies alba,93009.0,CC(=O)O[C@@H]1C[C@@H]2CC[C@@]1(C)C2(C)C,PPB3,Microtubule-associated protein tau,,,,DNN(Layered),Homo sapiens,0.07,,,39
Borneol acetate,Abies alba,93009.0,CC(=O)O[C@@H]1C[C@@H]2CC[C@@]1(C)C2(C)C,PPB3,Cytochrome P450 2C19,,,,DNN(Layered),Homo sapiens,0.07,,,40
Borneol acetate,Abies alba,93009.0,CC(=O)O[C@@H]1C[C@@H]2CC[C@@]1(C)C2(C)C,PPB3,Menin/Histone-lysine N-methyltransferase MLL,,,,DNN(Layered),Homo sapiens,0.06,,,41
Borneol acetate,Abies alba,93009.0,CC(=O)O[C@@H]1C[C@@H]2CC[C@@]1(C)C2(C)C,PPB3,Neuropeptide S receptor,,,,DNN(Layered),Homo sapiens,0.06,,,42
Borneol acetate,Abies alba,93009.0,CC(=O)O[C@@H]1C[C@@H]2CC[C@@]1(C)C2(C)C,PPB3,MAP kinase ERK2,,,,DNN(Layered),Homo sapiens,0.05,,,43
Borneol acetate,Abies alba,93009.0,CC(=O)O[C@@H]1C[C@@H]2CC[C@@]1(C)C2(C)C,PPB3,H9,,,,DNN(Layered),Homo sapiens,0.05,,,44
Borneol acetate,Abies alba,93009.0,CC(=O)O[C@@H]1C[C@@H]2CC[C@@]1(C)C2(C)C,PPB3,Thyroid stimulating hormone receptor,,,,DNN(Layered),Homo sapiens,0.05,,,45
Borneol acetate,Abies alba,93009.0,CC(=O)O[C@@H]1C[C@@H]2CC[C@@]1(C)C2(C)C,PPB3,Aldehyde dehydrogenase 1A1,,,,DNN(Layered),Homo sapiens,0.05,,,46
Borneol acetate,Abies alba,93009.0,CC(=O)O[C@@H]1C[C@@H]2CC[C@@]1(C)C2(C)C,PPB3,Prelamin-A/C,,,,DNN(Layered),Homo sapiens,0.05,,,47
Borneol acetate,Abies alba,93009.0,CC(=O)O[C@@H]1C[C@@H]2CC[C@@]1(C)C2(C)C,PPB3,Cytochrome P450 19A1,,,,DNN(MHFP6),Homo sapiens,0.08,,,48
Borneol acetate,Abies alba,93009.0,CC(=O)O[C@@H]1C[C@@H]2CC[C@@]1(C)C2(C)C,PPB3,Solute carrier organic anion transporter family member 1B3,,,,DNN(MHFP6),Homo sapiens,0.03,,,49
Borneol acetate,Abies alba,93009.0,CC(=O)O[C@@H]1C[C@@H]2CC[C@@]1(C)C2(C)C,PPB3,Tyrosyl-DNA phosphodiesterase 1,,,,DNN(MHFP6),Homo sapiens,0.02,,,50
Borneol acetate,Abies alba,93009.0,CC(=O)O[C@@H]1C[C@@H]2CC[C@@]1(C)C2(C)C,PPB3,Solute carrier organic anion transporter family member 1B1,,,,DNN(MHFP6),Homo sapiens,0.02,,,51
Borneol acetate,Abies alba,93009.0,CC(=O)O[C@@H]1C[C@@H]2CC[C@@]1(C)C2(C)C,PPB3,HUVEC,,,,DNN(MHFP6),Homo sapiens,0.02,,,52
Borneol acetate,Abies alba,93009.0,CC(=O)O[C@@H]1C[C@@H]2CC[C@@]1(C)C2(C)C,PPB3,Cannabinoid CB2 receptor,,,,DNN(MHFP6),Homo sapiens,0.02,,,53
Borneol acetate,Abies alba,93009.0,CC(=O)O[C@@H]1C[C@@H]2CC[C@@]1(C)C2(C)C,PPB3,Solute carrier organic anion transporter family member 1B3,,,,DNN(ECFP6),Homo sapiens,0.82,,,54
Borneol acetate,Abies alba,93009.0,CC(=O)O[C@@H]1C[C@@H]2CC[C@@]1(C)C2(C)C,PPB3,Solute carrier organic anion transporter family member 1B1,,,,DNN(ECFP6),Homo sapiens,0.77,,,55
Borneol acetate,Abies alba,93009.0,CC(=O)O[C@@H]1C[C@@H]2CC[C@@]1(C)C2(C)C,PPB3,Survival motor neuron protein,,,,DNN(ECFP6),Homo sapiens,0.06,,,56
Borneol acetate,Abies alba,93009.0,CC(=O)O[C@@H]1C[C@@H]2CC[C@@]1(C)C2(C)C,PPB3,Prelamin-A/C,,,,DNN(ECFP6),Homo sapiens,0.04,,,57
Borneol acetate,Abies alba,93009.0,CC(=O)O[C@@H]1C[C@@H]2CC[C@@]1(C)C2(C)C,PPB3,Menin/Histone-lysine N-methyltransferase MLL,,,,DNN(ECFP6),Homo sapiens,0.04,,,58
Borneol acetate,Abies alba,93009.0,CC(=O)O[C@@H]1C[C@@H]2CC[C@@]1(C)C2(C)C,PPB3,Huntingtin,,,,DNN(ECFP6),Homo sapiens,0.03,,,59
Borneol acetate,Abies alba,93009.0,CC(=O)O[C@@H]1C[C@@H]2CC[C@@]1(C)C2(C)C,PPB3,Thyroid hormone receptor beta-1,,,,DNN(ECFP6),Homo sapiens,0.03,,,60
Borneol acetate,Abies alba,93009.0,CC(=O)O[C@@H]1C[C@@H]2CC[C@@]1(C)C2(C)C,PPB3,Neuropeptide S receptor,,,,DNN(ECFP6),Homo sapiens,0.03,,,61
Borneol acetate,Abies alba,93009.0,CC(=O)O[C@@H]1C[C@@H]2CC[C@@]1(C)C2(C)C,PPB3,Microtubule-associated protein tau,,,,DNN(ECFP6),Homo sapiens,0.03,,,62
Borneol acetate,Abies alba,93009.0,CC(=O)O[C@@H]1C[C@@H]2CC[C@@]1(C)C2(C)C,PPB3,Bloom syndrome protein,,,,DNN(ECFP6),Homo sapiens,0.03,,,63
Borneol acetate,Abies alba,93009.0,CC(=O)O[C@@H]1C[C@@H]2CC[C@@]1(C)C2(C)C,PPB3,Nuclear factor NF-kappa-B p105 subunit,,,,DNN(ECFP6),Homo sapiens,0.02,,,64
Borneol acetate,Abies alba,93009.0,CC(=O)O[C@@H]1C[C@@H]2CC[C@@]1(C)C2(C)C,PPB3,Solute carrier organic anion transporter family member 1B1,,,,DNN(AtomPair),Homo sapiens,0.35,,,65
Borneol acetate,Abies alba,93009.0,CC(=O)O[C@@H]1C[C@@H]2CC[C@@]1(C)C2(C)C,PPB3,Solute carrier organic anion transporter family member 1B3,,,,DNN(AtomPair),Homo sapiens,0.31,,,66
Borneol acetate,Abies alba,93009.0,CC(=O)O[C@@H]1C[C@@H]2CC[C@@]1(C)C2(C)C,PPB3,Nuclear factor NF-kappa-B p105 subunit,,,,DNN(AtomPair),Homo sapiens,0.17,,,67
Borneol acetate,Abies alba,93009.0,CC(=O)O[C@@H]1C[C@@H]2CC[C@@]1(C)C2(C)C,PPB3,Thrombopoietin,,,,DNN(AtomPair),Homo sapiens,0.1,,,68
Borneol acetate,Abies alba,93009.0,CC(=O)O[C@@H]1C[C@@H]2CC[C@@]1(C)C2(C)C,PPB3,Carboxylesterase 2,,,,DNN(AtomPair),Homo sapiens,0.06,,,69
Borneol acetate,Abies alba,93009.0,CC(=O)O[C@@H]1C[C@@H]2CC[C@@]1(C)C2(C)C,PPB3,Prelamin-A/C,,,,DNN(AtomPair),Homo sapiens,0.05,,,70
Borneol acetate,Abies alba,93009.0,CC(=O)O[C@@H]1C[C@@H]2CC[C@@]1(C)C2(C)C,PPB3,Glycine receptor subunit alpha-1,,,,DNN(AtomPair),Homo sapiens,0.04,,,71
Borneol acetate,Abies alba,93009.0,CC(=O)O[C@@H]1C[C@@H]2CC[C@@]1(C)C2(C)C,PPB3,Serotonin 7 (5-HT7) receptor,,,,DNN(AtomPair),Homo sapiens,0.03,,,72
Borneol acetate,Abies alba,93009.0,CC(=O)O[C@@H]1C[C@@H]2CC[C@@]1(C)C2(C)C,PPB3,Aldehyde dehydrogenase 1A1,,,,DNN(AtomPair),Homo sapiens,0.03,,,73
Borneol acetate,Abies alba,93009.0,CC(=O)O[C@@H]1C[C@@H]2CC[C@@]1(C)C2(C)C,PPB3,Solute carrier organic anion transporter family member 1B3,,,,Consensus,Homo sapiens,0.82,,,74
Borneol acetate,Abies alba,93009.0,CC(=O)O[C@@H]1C[C@@H]2CC[C@@]1(C)C2(C)C,PPB3,Solute carrier organic anion transporter family member 1B1,,,,Consensus,Homo sapiens,0.77,,,75
Borneol acetate,Abies alba,93009.0,CC(=O)O[C@@H]1C[C@@H]2CC[C@@]1(C)C2(C)C,PPB3,A2780,,,,Consensus,Homo sapiens,0.27,,,76
Borneol acetate,Abies alba,93009.0,CC(=O)O[C@@H]1C[C@@H]2CC[C@@]1(C)C2(C)C,PPB3,Prelamin-A/C,,,,Consensus,Homo sapiens,0.19,,,77
Borneol acetate,Abies alba,93009.0,CC(=O)O[C@@H]1C[C@@H]2CC[C@@]1(C)C2(C)C,PPB3,LoVo,,,,Consensus,Homo sapiens,0.17,,,78
Borneol acetate,Abies alba,93009.0,CC(=O)O[C@@H]1C[C@@H]2CC[C@@]1(C)C2(C)C,PPB3,Nuclear factor NF-kappa-B p105 subunit,,,,Consensus,Homo sapiens,0.17,,,79
Borneol acetate,Abies alba,93009.0,CC(=O)O[C@@H]1C[C@@H]2CC[C@@]1(C)C2(C)C,PPB3,Cytochrome P450 2C19,,,,Consensus,Homo sapiens,0.16,,,80
Borneol acetate,Abies alba,93009.0,CC(=O)O[C@@H]1C[C@@H]2CC[C@@]1(C)C2(C)C,PPB3,MAP kinase ERK2,,,,Consensus,Homo sapiens,0.16,,,81
Borneol acetate,Abies alba,93009.0,CC(=O)O[C@@H]1C[C@@H]2CC[C@@]1(C)C2(C)C,SEA,TAS2R31,,T2R31_HUMAN,,Taste receptor type 2 member 31,T2R31_HUMAN,,4.441e-16,0.31,1
Borneol acetate,Abies alba,93009.0,CC(=O)O[C@@H]1C[C@@H]2CC[C@@]1(C)C2(C)C,SEA,TRPM2,,TRPM2_HUMAN,,Transient receptor potential cation channel subfamily M member 2,TRPM2_HUMAN,,4.251e-12,0.30,2
Borneol acetate,Abies alba,93009.0,CC(=O)O[C@@H]1C[C@@H]2CC[C@@]1(C)C2(C)C,SEA,CPB2,,CBPB2_HUMAN,,Carboxypeptidase B2,CBPB2_HUMAN,,6.959e-08,0.39,3
Borneol acetate,Abies alba,93009.0,CC(=O)O[C@@H]1C[C@@H]2CC[C@@]1(C)C2(C)C,SwissTargetPrediction,Acetylcholinesterase,ACHE,P22303,CHEMBL220,Hydrolase,P22303,0.113045471502,,,1
Borneol acetate,Abies alba,93009.0,CC(=O)O[C@@H]1C[C@@H]2CC[C@@]1(C)C2(C)C,SwissTargetPrediction,Vitamin D receptor,VDR,P11473,CHEMBL1977,Nuclear receptor,P11473,0.0926446451291,,,2
Borneol acetate,Abies alba,93009.0,CC(=O)O[C@@H]1C[C@@H]2CC[C@@]1(C)C2(C)C,SwissTargetPrediction,Protein-tyrosine phosphatase 1B,PTPN1,P18031,CHEMBL335,Phosphatase,P18031,0.0414702990123,,,3
Borneol acetate,Abies alba,93009.0,CC(=O)O[C@@H]1C[C@@H]2CC[C@@]1(C)C2(C)C,SwissTargetPrediction,HMG-CoA reductase,HMGCR,P04035,CHEMBL402,Oxidoreductase,P04035,0.0312265582077,,,4
Borneol acetate,Abies alba,93009.0,CC(=O)O[C@@H]1C[C@@H]2CC[C@@]1(C)C2(C)C,SwissTargetPrediction,Cytochrome P450 19A1,CYP19A1,P11511,CHEMBL1978,Cytochrome P450,P11511,0.0312265582077,,,5
Borneol acetate,Abies alba,93009.0,CC(=O)O[C@@H]1C[C@@H]2CC[C@@]1(C)C2(C)C,SwissTargetPrediction,UDP-glucuronosyltransferase 2B7,UGT2B7,P16662,CHEMBL4370,Enzyme,P16662,0.0312265582077,,,6
Borneol acetate,Abies alba,93009.0,CC(=O)O[C@@H]1C[C@@H]2CC[C@@]1(C)C2(C)C,SwissTargetPrediction,Dual specificity phosphatase Cdc25A,CDC25A,P30304,CHEMBL3775,Phosphatase,P30304,0.0312265582077,,,7
Borneol acetate,Abies alba,93009.0,CC(=O)O[C@@H]1C[C@@H]2CC[C@@]1(C)C2(C)C,SwissTargetPrediction,Thromboxane-A synthase,TBXAS1,P24557,CHEMBL1835,Cytochrome P450,P24557,0.0312265582077,,,8
Borneol acetate,Abies alba,93009.0,CC(=O)O[C@@H]1C[C@@H]2CC[C@@]1(C)C2(C)C,SwissTargetPrediction,DNA polymerase alpha subunit,POLA1,P09884,CHEMBL1828,Transferase,P09884,0.0312265582077,,,9
Borneol acetate,Abies alba,93009.0,CC(=O)O[C@@H]1C[C@@H]2CC[C@@]1(C)C2(C)C,SwissTargetPrediction,Cytochrome P450 11B2,CYP11B2,P19099,CHEMBL2722,Cytochrome P450,P19099,0.0312265582077,,,10
Borneol acetate,Abies alba,93009.0,CC(=O)O[C@@H]1C[C@@H]2CC[C@@]1(C)C2(C)C,SwissTargetPrediction,Polyadenylate-binding protein 1,PABPC1,P11940,CHEMBL1293286,Unclassified protein,P11940,0.0312265582077,,,11
Borneol acetate,Abies alba,93009.0,CC(=O)O[C@@H]1C[C@@H]2CC[C@@]1(C)C2(C)C,SwissTargetPrediction,Thymidylate synthase,TYMS,P04818,CHEMBL1952,Transferase,P04818,0.0312265582077,,,12
Borneol acetate,Abies alba,93009.0,CC(=O)O[C@@H]1C[C@@H]2CC[C@@]1(C)C2(C)C,SwissTargetPrediction,Beta-chymotrypsin,CTRB1,P17538,CHEMBL4796,Protease,P17538,0.0312265582077,,,13
Borneol acetate,Abies alba,93009.0,CC(=O)O[C@@H]1C[C@@H]2CC[C@@]1(C)C2(C)C,SwissTargetPrediction,Cytochrome P450 11B1,CYP11B1,P15538,CHEMBL1908,Cytochrome P450,P15538,0.0,,,14
Borneol acetate,Abies alba,93009.0,CC(=O)O[C@@H]1C[C@@H]2CC[C@@]1(C)C2(C)C,SwissTargetPrediction,"7,8-dihydro-8-oxoguanine triphosphatase",NUDT1,P36639,CHEMBL3708265,Enzyme,P36639,0.0,,,15
Bornyl acetate,Abies alba,93009.0,CC(=O)OC1CC2C(C1(C)CC2)(C)C,PPB3,HL-60,,,,DNN(ECFP4+MHFP6),Homo sapiens,0.12,,,1
Bornyl acetate,Abies alba,93009.0,CC(=O)OC1CC2C(C1(C)CC2)(C)C,PPB3,Solute carrier organic anion transporter family member 1B1,,,,DNN(ECFP4+MHFP6),Homo sapiens,0.11,,,2
Bornyl acetate,Abies alba,93009.0,CC(=O)OC1CC2C(C1(C)CC2)(C)C,PPB3,Solute carrier organic anion transporter family member 1B3,,,,DNN(ECFP4+MHFP6),Homo sapiens,0.08,,,3
Bornyl acetate,Abies alba,93009.0,CC(=O)OC1CC2C(C1(C)CC2)(C)C,PPB3,Prelamin-A/C,,,,DNN(ECFP4+MHFP6),Homo sapiens,0.04,,,4
Bornyl acetate,Abies alba,93009.0,CC(=O)OC1CC2C(C1(C)CC2)(C)C,PPB3,Aldehyde dehydrogenase 1A1,,,,DNN(ECFP4+MHFP6),Homo sapiens,0.01,,,5
Bornyl acetate,Abies alba,93009.0,CC(=O)OC1CC2C(C1(C)CC2)(C)C,PPB3,DNA polymerase beta,,,,DNN(ECFP4+MHFP6),Homo sapiens,0.0,,,6
Bornyl acetate,Abies alba,93009.0,CC(=O)OC1CC2C(C1(C)CC2)(C)C,PPB3,Microtubule-associated protein tau,,,,DNN(ECFP4+MHFP6),Homo sapiens,0.0,,,7
Bornyl acetate,Abies alba,93009.0,CC(=O)OC1CC2C(C1(C)CC2)(C)C,PPB3,NAD-dependent protein deacetylase sirtuin-6,,,,DNN(ECFP4+MHFP6),Homo sapiens,0.0,,,8
Bornyl acetate,Abies alba,93009.0,CC(=O)OC1CC2C(C1(C)CC2)(C)C,PPB3,Menin/Histone-lysine N-methyltransferase MLL,,,,DNN(ECFP4+MHFP6),Homo sapiens,0.0,,,9
Bornyl acetate,Abies alba,93009.0,CC(=O)OC1CC2C(C1(C)CC2)(C)C,PPB3,Heat shock protein HSP 90-alpha,,,,DNN(ECFP4+MHFP6),Homo sapiens,0.0,,,10
Bornyl acetate,Abies alba,93009.0,CC(=O)OC1CC2C(C1(C)CC2)(C)C,PPB3,SW872,,,,DNN(ECFP4+MHFP6),Homo sapiens,0.0,,,11
Bornyl acetate,Abies alba,93009.0,CC(=O)OC1CC2C(C1(C)CC2)(C)C,PPB3,C8166,,,,DNN(ECFP4+MHFP6),Homo sapiens,0.0,,,12
Bornyl acetate,Abies alba,93009.0,CC(=O)OC1CC2C(C1(C)CC2)(C)C,PPB3,A2780,,,,DNN(ECFP4),Homo sapiens,0.27,,,13
Bornyl acetate,Abies alba,93009.0,CC(=O)OC1CC2C(C1(C)CC2)(C)C,PPB3,Prelamin-A/C,,,,DNN(ECFP4),Homo sapiens,0.19,,,14
Bornyl acetate,Abies alba,93009.0,CC(=O)OC1CC2C(C1(C)CC2)(C)C,PPB3,Solute carrier organic anion transporter family member 1B3,,,,DNN(ECFP4),Homo sapiens,0.18,,,15
Bornyl acetate,Abies alba,93009.0,CC(=O)OC1CC2C(C1(C)CC2)(C)C,PPB3,LoVo,,,,DNN(ECFP4),Homo sapiens,0.17,,,16
Bornyl acetate,Abies alba,93009.0,CC(=O)OC1CC2C(C1(C)CC2)(C)C,PPB3,Cytochrome P450 2C19,,,,DNN(ECFP4),Homo sapiens,0.16,,,17
Bornyl acetate,Abies alba,93009.0,CC(=O)OC1CC2C(C1(C)CC2)(C)C,PPB3,Solute carrier organic anion transporter family member 1B1,,,,DNN(ECFP4),Homo sapiens,0.16,,,18
Bornyl acetate,Abies alba,93009.0,CC(=O)OC1CC2C(C1(C)CC2)(C)C,PPB3,MAP kinase ERK2,,,,DNN(ECFP4),Homo sapiens,0.16,,,19
Bornyl acetate,Abies alba,93009.0,CC(=O)OC1CC2C(C1(C)CC2)(C)C,PPB3,5637,,,,DNN(ECFP4),Homo sapiens,0.13,,,20
Bornyl acetate,Abies alba,93009.0,CC(=O)OC1CC2C(C1(C)CC2)(C)C,PPB3,KB,,,,DNN(ECFP4),Homo sapiens,0.11,,,21
Bornyl acetate,Abies alba,93009.0,CC(=O)OC1CC2C(C1(C)CC2)(C)C,PPB3,NCI-H187,,,,DNN(ECFP4),Homo sapiens,0.11,,,22
Bornyl acetate,Abies alba,93009.0,CC(=O)OC1CC2C(C1(C)CC2)(C)C,PPB3,Menin/Histone-lysine N-methyltransferase MLL,,,,DNN(ECFP4),Homo sapiens,0.11,,,23
Bornyl acetate,Abies alba,93009.0,CC(=O)OC1CC2C(C1(C)CC2)(C)C,PPB3,Cytochrome P450 3A4,,,,DNN(ECFP4),Homo sapiens,0.11,,,24
Bornyl acetate,Abies alba,93009.0,CC(=O)OC1CC2C(C1(C)CC2)(C)C,PPB3,Solute carrier organic anion transporter family member 1B3,,,,DNN(RDKit),Homo sapiens,0.09,,,25
Bornyl acetate,Abies alba,93009.0,CC(=O)OC1CC2C(C1(C)CC2)(C)C,PPB3,Solute carrier organic anion transporter family member 1B1,,,,DNN(RDKit),Homo sapiens,0.09,,,26
Bornyl acetate,Abies alba,93009.0,CC(=O)OC1CC2C(C1(C)CC2)(C)C,PPB3,Prelamin-A/C,,,,DNN(RDKit),Homo sapiens,0.07,,,27
Bornyl acetate,Abies alba,93009.0,CC(=O)OC1CC2C(C1(C)CC2)(C)C,PPB3,Microtubule-associated protein tau,,,,DNN(RDKit),Homo sapiens,0.04,,,28
Bornyl acetate,Abies alba,93009.0,CC(=O)OC1CC2C(C1(C)CC2)(C)C,PPB3,Bile acid transporter,,,,DNN(RDKit),Homo sapiens,0.04,,,29
Bornyl acetate,Abies alba,93009.0,CC(=O)OC1CC2C(C1(C)CC2)(C)C,PPB3,H9,,,,DNN(RDKit),Homo sapiens,0.04,,,30
Bornyl acetate,Abies alba,93009.0,CC(=O)OC1CC2C(C1(C)CC2)(C)C,PPB3,11-beta-hydroxysteroid dehydrogenase 2,,,,DNN(RDKit),Homo sapiens,0.04,,,31
Bornyl acetate,Abies alba,93009.0,CC(=O)OC1CC2C(C1(C)CC2)(C)C,PPB3,Aldehyde dehydrogenase 1A1,,,,DNN(RDKit),Homo sapiens,0.04,,,32
Bornyl acetate,Abies alba,93009.0,CC(=O)OC1CC2C(C1(C)CC2)(C)C,PPB3,G-protein coupled bile acid receptor 1,,,,DNN(RDKit),Homo sapiens,0.03,,,33
Bornyl acetate,Abies alba,93009.0,CC(=O)OC1CC2C(C1(C)CC2)(C)C,PPB3,Survival motor neuron protein,,,,DNN(RDKit),Homo sapiens,0.03,,,34
Bornyl acetate,Abies alba,93009.0,CC(=O)OC1CC2C(C1(C)CC2)(C)C,PPB3,HeLa,,,,DNN(RDKit),Homo sapiens,0.02,,,35
Bornyl acetate,Abies alba,93009.0,CC(=O)OC1CC2C(C1(C)CC2)(C)C,PPB3,Solute carrier organic anion transporter family member 1B3,,,,DNN(Layered),Homo sapiens,0.15,,,36
Bornyl acetate,Abies alba,93009.0,CC(=O)OC1CC2C(C1(C)CC2)(C)C,PPB3,Solute carrier organic anion transporter family member 1B1,,,,DNN(Layered),Homo sapiens,0.13,,,37
Bornyl acetate,Abies alba,93009.0,CC(=O)OC1CC2C(C1(C)CC2)(C)C,PPB3,Ubiquitin carboxyl-terminal hydrolase 2,,,,DNN(Layered),Homo sapiens,0.1,,,38
Bornyl acetate,Abies alba,93009.0,CC(=O)OC1CC2C(C1(C)CC2)(C)C,PPB3,Microtubule-associated protein tau,,,,DNN(Layered),Homo sapiens,0.07,,,39
Bornyl acetate,Abies alba,93009.0,CC(=O)OC1CC2C(C1(C)CC2)(C)C,PPB3,Cytochrome P450 2C19,,,,DNN(Layered),Homo sapiens,0.07,,,40
Bornyl acetate,Abies alba,93009.0,CC(=O)OC1CC2C(C1(C)CC2)(C)C,PPB3,Menin/Histone-lysine N-methyltransferase MLL,,,,DNN(Layered),Homo sapiens,0.06,,,41
Bornyl acetate,Abies alba,93009.0,CC(=O)OC1CC2C(C1(C)CC2)(C)C,PPB3,Neuropeptide S receptor,,,,DNN(Layered),Homo sapiens,0.06,,,42
Bornyl acetate,Abies alba,93009.0,CC(=O)OC1CC2C(C1(C)CC2)(C)C,PPB3,MAP kinase ERK2,,,,DNN(Layered),Homo sapiens,0.05,,,43
Bornyl acetate,Abies alba,93009.0,CC(=O)OC1CC2C(C1(C)CC2)(C)C,PPB3,H9,,,,DNN(Layered),Homo sapiens,0.05,,,44
Bornyl acetate,Abies alba,93009.0,CC(=O)OC1CC2C(C1(C)CC2)(C)C,PPB3,Thyroid stimulating hormone receptor,,,,DNN(Layered),Homo sapiens,0.05,,,45
Bornyl acetate,Abies alba,93009.0,CC(=O)OC1CC2C(C1(C)CC2)(C)C,PPB3,Aldehyde dehydrogenase 1A1,,,,DNN(Layered),Homo sapiens,0.05,,,46
Bornyl acetate,Abies alba,93009.0,CC(=O)OC1CC2C(C1(C)CC2)(C)C,PPB3,Prelamin-A/C,,,,DNN(Layered),Homo sapiens,0.05,,,47
Bornyl acetate,Abies alba,93009.0,CC(=O)OC1CC2C(C1(C)CC2)(C)C,PPB3,Cytochrome P450 19A1,,,,DNN(MHFP6),Homo sapiens,0.08,,,48
Bornyl acetate,Abies alba,93009.0,CC(=O)OC1CC2C(C1(C)CC2)(C)C,PPB3,Solute carrier organic anion transporter family member 1B3,,,,DNN(MHFP6),Homo sapiens,0.03,,,49
Bornyl acetate,Abies alba,93009.0,CC(=O)OC1CC2C(C1(C)CC2)(C)C,PPB3,Tyrosyl-DNA phosphodiesterase 1,,,,DNN(MHFP6),Homo sapiens,0.02,,,50
Bornyl acetate,Abies alba,93009.0,CC(=O)OC1CC2C(C1(C)CC2)(C)C,PPB3,Solute carrier organic anion transporter family member 1B1,,,,DNN(MHFP6),Homo sapiens,0.02,,,51
Bornyl acetate,Abies alba,93009.0,CC(=O)OC1CC2C(C1(C)CC2)(C)C,PPB3,HUVEC,,,,DNN(MHFP6),Homo sapiens,0.02,,,52
Bornyl acetate,Abies alba,93009.0,CC(=O)OC1CC2C(C1(C)CC2)(C)C,PPB3,Cannabinoid CB2 receptor,,,,DNN(MHFP6),Homo sapiens,0.02,,,53
Bornyl acetate,Abies alba,93009.0,CC(=O)OC1CC2C(C1(C)CC2)(C)C,PPB3,Solute carrier organic anion transporter family member 1B3,,,,DNN(ECFP6),Homo sapiens,0.82,,,54
Bornyl acetate,Abies alba,93009.0,CC(=O)OC1CC2C(C1(C)CC2)(C)C,PPB3,Solute carrier organic anion transporter family member 1B1,,,,DNN(ECFP6),Homo sapiens,0.77,,,55
Bornyl acetate,Abies alba,93009.0,CC(=O)OC1CC2C(C1(C)CC2)(C)C,PPB3,Survival motor neuron protein,,,,DNN(ECFP6),Homo sapiens,0.06,,,56
Bornyl acetate,Abies alba,93009.0,CC(=O)OC1CC2C(C1(C)CC2)(C)C,PPB3,Prelamin-A/C,,,,DNN(ECFP6),Homo sapiens,0.04,,,57
Bornyl acetate,Abies alba,93009.0,CC(=O)OC1CC2C(C1(C)CC2)(C)C,PPB3,Menin/Histone-lysine N-methyltransferase MLL,,,,DNN(ECFP6),Homo sapiens,0.04,,,58
Bornyl acetate,Abies alba,93009.0,CC(=O)OC1CC2C(C1(C)CC2)(C)C,PPB3,Huntingtin,,,,DNN(ECFP6),Homo sapiens,0.03,,,59
Bornyl acetate,Abies alba,93009.0,CC(=O)OC1CC2C(C1(C)CC2)(C)C,PPB3,Thyroid hormone receptor beta-1,,,,DNN(ECFP6),Homo sapiens,0.03,,,60
Bornyl acetate,Abies alba,93009.0,CC(=O)OC1CC2C(C1(C)CC2)(C)C,PPB3,Neuropeptide S receptor,,,,DNN(ECFP6),Homo sapiens,0.03,,,61
Bornyl acetate,Abies alba,93009.0,CC(=O)OC1CC2C(C1(C)CC2)(C)C,PPB3,Microtubule-associated protein tau,,,,DNN(ECFP6),Homo sapiens,0.03,,,62
Bornyl acetate,Abies alba,93009.0,CC(=O)OC1CC2C(C1(C)CC2)(C)C,PPB3,Bloom syndrome protein,,,,DNN(ECFP6),Homo sapiens,0.03,,,63
Bornyl acetate,Abies alba,93009.0,CC(=O)OC1CC2C(C1(C)CC2)(C)C,PPB3,Nuclear factor NF-kappa-B p105 subunit,,,,DNN(ECFP6),Homo sapiens,0.02,,,64
Bornyl acetate,Abies alba,93009.0,CC(=O)OC1CC2C(C1(C)CC2)(C)C,PPB3,Solute carrier organic anion transporter family member 1B1,,,,DNN(AtomPair),Homo sapiens,0.35,,,65
Bornyl acetate,Abies alba,93009.0,CC(=O)OC1CC2C(C1(C)CC2)(C)C,PPB3,Solute carrier organic anion transporter family member 1B3,,,,DNN(AtomPair),Homo sapiens,0.31,,,66
Bornyl acetate,Abies alba,93009.0,CC(=O)OC1CC2C(C1(C)CC2)(C)C,PPB3,Nuclear factor NF-kappa-B p105 subunit,,,,DNN(AtomPair),Homo sapiens,0.17,,,67
Bornyl acetate,Abies alba,93009.0,CC(=O)OC1CC2C(C1(C)CC2)(C)C,PPB3,Thrombopoietin,,,,DNN(AtomPair),Homo sapiens,0.1,,,68
Bornyl acetate,Abies alba,93009.0,CC(=O)OC1CC2C(C1(C)CC2)(C)C,PPB3,Carboxylesterase 2,,,,DNN(AtomPair),Homo sapiens,0.06,,,69
Bornyl acetate,Abies alba,93009.0,CC(=O)OC1CC2C(C1(C)CC2)(C)C,PPB3,Prelamin-A/C,,,,DNN(AtomPair),Homo sapiens,0.05,,,70
Bornyl acetate,Abies alba,93009.0,CC(=O)OC1CC2C(C1(C)CC2)(C)C,PPB3,Glycine receptor subunit alpha-1,,,,DNN(AtomPair),Homo sapiens,0.04,,,71
Bornyl acetate,Abies alba,93009.0,CC(=O)OC1CC2C(C1(C)CC2)(C)C,PPB3,Serotonin 7 (5-HT7) receptor,,,,DNN(AtomPair),Homo sapiens,0.03,,,72
Bornyl acetate,Abies alba,93009.0,CC(=O)OC1CC2C(C1(C)CC2)(C)C,PPB3,Aldehyde dehydrogenase 1A1,,,,DNN(AtomPair),Homo sapiens,0.03,,,73
Bornyl acetate,Abies alba,93009.0,CC(=O)OC1CC2C(C1(C)CC2)(C)C,PPB3,Solute carrier organic anion transporter family member 1B3,,,,Consensus,Homo sapiens,0.82,,,74
Bornyl acetate,Abies alba,93009.0,CC(=O)OC1CC2C(C1(C)CC2)(C)C,PPB3,Solute carrier organic anion transporter family member 1B1,,,,Consensus,Homo sapiens,0.77,,,75
Bornyl acetate,Abies alba,93009.0,CC(=O)OC1CC2C(C1(C)CC2)(C)C,PPB3,A2780,,,,Consensus,Homo sapiens,0.27,,,76
Bornyl acetate,Abies alba,93009.0,CC(=O)OC1CC2C(C1(C)CC2)(C)C,PPB3,Prelamin-A/C,,,,Consensus,Homo sapiens,0.19,,,77
Bornyl acetate,Abies alba,93009.0,CC(=O)OC1CC2C(C1(C)CC2)(C)C,PPB3,LoVo,,,,Consensus,Homo sapiens,0.17,,,78
Bornyl acetate,Abies alba,93009.0,CC(=O)OC1CC2C(C1(C)CC2)(C)C,PPB3,Nuclear factor NF-kappa-B p105 subunit,,,,Consensus,Homo sapiens,0.17,,,79
Bornyl acetate,Abies alba,93009.0,CC(=O)OC1CC2C(C1(C)CC2)(C)C,PPB3,Cytochrome P450 2C19,,,,Consensus,Homo sapiens,0.16,,,80
Bornyl acetate,Abies alba,93009.0,CC(=O)OC1CC2C(C1(C)CC2)(C)C,PPB3,MAP kinase ERK2,,,,Consensus,Homo sapiens,0.16,,,81
Bornyl acetate,Abies alba,93009.0,CC(=O)OC1CC2C(C1(C)CC2)(C)C,SEA,TAS2R31,,T2R31_HUMAN,,Taste receptor type 2 member 31,T2R31_HUMAN,,4.441e-16,0.31,1
Bornyl acetate,Abies alba,93009.0,CC(=O)OC1CC2C(C1(C)CC2)(C)C,SEA,TRPM2,,TRPM2_HUMAN,,Transient receptor potential cation channel subfamily M member 2,TRPM2_HUMAN,,4.251e-12,0.30,2
Bornyl acetate,Abies alba,93009.0,CC(=O)OC1CC2C(C1(C)CC2)(C)C,SEA,CPB2,,CBPB2_HUMAN,,Carboxypeptidase B2,CBPB2_HUMAN,,6.959e-08,0.39,3
Bornyl acetate,Abies alba,93009.0,CC(=O)OC1CC2C(C1(C)CC2)(C)C,SwissTargetPrediction,Acetylcholinesterase,ACHE,P22303,CHEMBL220,Hydrolase,P22303,0.123286593176,,,1
Bornyl acetate,Abies alba,93009.0,CC(=O)OC1CC2C(C1(C)CC2)(C)C,SwissTargetPrediction,Vitamin D receptor,VDR,P11473,CHEMBL1977,Nuclear receptor,P11473,0.0926446451291,,,2
Bornyl acetate,Abies alba,93009.0,CC(=O)OC1CC2C(C1(C)CC2)(C)C,SwissTargetPrediction,Dual specificity phosphatase Cdc25A,CDC25A,P30304,CHEMBL3775,Phosphatase,P30304,0.0517133123472,,,3
Bornyl acetate,Abies alba,93009.0,CC(=O)OC1CC2C(C1(C)CC2)(C)C,SwissTargetPrediction,Protein-tyrosine phosphatase 1B,PTPN1,P18031,CHEMBL335,Phosphatase,P18031,0.0414702990123,,,4
Bornyl acetate,Abies alba,93009.0,CC(=O)OC1CC2C(C1(C)CC2)(C)C,SwissTargetPrediction,HMG-CoA reductase,HMGCR,P04035,CHEMBL402,Oxidoreductase,P04035,0.0312265582077,,,5
Bornyl acetate,Abies alba,93009.0,CC(=O)OC1CC2C(C1(C)CC2)(C)C,SwissTargetPrediction,Cytochrome P450 19A1,CYP19A1,P11511,CHEMBL1978,Cytochrome P450,P11511,0.0312265582077,,,6
Bornyl acetate,Abies alba,93009.0,CC(=O)OC1CC2C(C1(C)CC2)(C)C,SwissTargetPrediction,UDP-glucuronosyltransferase 2B7,UGT2B7,P16662,CHEMBL4370,Enzyme,P16662,0.0312265582077,,,7
Bornyl acetate,Abies alba,93009.0,CC(=O)OC1CC2C(C1(C)CC2)(C)C,SwissTargetPrediction,Thromboxane-A synthase,TBXAS1,P24557,CHEMBL1835,Cytochrome P450,P24557,0.0312265582077,,,8
Bornyl acetate,Abies alba,93009.0,CC(=O)OC1CC2C(C1(C)CC2)(C)C,SwissTargetPrediction,Cytochrome P450 11B1,CYP11B1,P15538,CHEMBL1908,Cytochrome P450,P15538,0.0312265582077,,,9
Bornyl acetate,Abies alba,93009.0,CC(=O)OC1CC2C(C1(C)CC2)(C)C,SwissTargetPrediction,Cytochrome P450 11B2,CYP11B2,P19099,CHEMBL2722,Cytochrome P450,P19099,0.0312265582077,,,10
Bornyl acetate,Abies alba,93009.0,CC(=O)OC1CC2C(C1(C)CC2)(C)C,SwissTargetPrediction,DNA polymerase alpha subunit,POLA1,P09884,CHEMBL1828,Transferase,P09884,0.0312265582077,,,11
Bornyl acetate,Abies alba,93009.0,CC(=O)OC1CC2C(C1(C)CC2)(C)C,SwissTargetPrediction,11-beta-hydroxysteroid dehydrogenase 1,HSD11B1,P28845,CHEMBL4235,Enzyme,P28845,0.0312265582077,,,12
Bornyl acetate,Abies alba,93009.0,CC(=O)OC1CC2C(C1(C)CC2)(C)C,SwissTargetPrediction,Alpha-2a adrenergic receptor,ADRA2A,P08913,CHEMBL1867,Family A G protein-coupled receptor,P08913,0.0312265582077,,,13
Bornyl acetate,Abies alba,93009.0,CC(=O)OC1CC2C(C1(C)CC2)(C)C,SwissTargetPrediction,Adrenergic receptor alpha-2,ADRA2C,P18825,CHEMBL1916,Family A G protein-coupled receptor,P18825,0.0312265582077,,,14
Bornyl acetate,Abies alba,93009.0,CC(=O)OC1CC2C(C1(C)CC2)(C)C,SwissTargetPrediction,Alpha-2b adrenergic receptor,ADRA2B,P18089,CHEMBL1942,Family A G protein-coupled receptor,P18089,0.0312265582077,,,15
HYPAPHORINE,Abrus precatorius,442106.0,C[N+](C)(C)C(CC1=CNC2=CC=CC=C21)C(=O)[O-],PPB3,DNA polymerase beta,,,,DNN(ECFP4+MHFP6),Homo sapiens,0.23,,,1
HYPAPHORINE,Abrus precatorius,442106.0,C[N+](C)(C)C(CC1=CNC2=CC=CC=C21)C(=O)[O-],PPB3,Butyrylcholinesterase,,,,DNN(ECFP4+MHFP6),Homo sapiens,0.05,,,2
HYPAPHORINE,Abrus precatorius,442106.0,C[N+](C)(C)C(CC1=CNC2=CC=CC=C21)C(=O)[O-],PPB3,Menin/Histone-lysine N-methyltransferase MLL,,,,DNN(ECFP4+MHFP6),Homo sapiens,0.03,,,3
HYPAPHORINE,Abrus precatorius,442106.0,C[N+](C)(C)C(CC1=CNC2=CC=CC=C21)C(=O)[O-],PPB3,Microtubule-associated protein tau,,,,DNN(ECFP4+MHFP6),Homo sapiens,0.02,,,4
HYPAPHORINE,Abrus precatorius,442106.0,C[N+](C)(C)C(CC1=CNC2=CC=CC=C21)C(=O)[O-],PPB3,Serotonin 2a (5-HT2a) receptor,,,,DNN(ECFP4+MHFP6),Homo sapiens,0.02,,,5
HYPAPHORINE,Abrus precatorius,442106.0,C[N+](C)(C)C(CC1=CNC2=CC=CC=C21)C(=O)[O-],PPB3,Serotonin 1a (5-HT1a) receptor,,,,DNN(ECFP4+MHFP6),Homo sapiens,0.02,,,6
HYPAPHORINE,Abrus precatorius,442106.0,C[N+](C)(C)C(CC1=CNC2=CC=CC=C21)C(=O)[O-],PPB3,Thyroid hormone receptor beta-1,,,,DNN(ECFP4+MHFP6),Homo sapiens,0.01,,,7
HYPAPHORINE,Abrus precatorius,442106.0,C[N+](C)(C)C(CC1=CNC2=CC=CC=C21)C(=O)[O-],PPB3,Histone-lysine N-methyltransferase MLL,,,,DNN(ECFP4+MHFP6),Homo sapiens,0.01,,,8
HYPAPHORINE,Abrus precatorius,442106.0,C[N+](C)(C)C(CC1=CNC2=CC=CC=C21)C(=O)[O-],PPB3,Polyadenylate-binding protein 1,,,,DNN(ECFP4+MHFP6),Homo sapiens,0.01,,,9
HYPAPHORINE,Abrus precatorius,442106.0,C[N+](C)(C)C(CC1=CNC2=CC=CC=C21)C(=O)[O-],PPB3,Serine-protein kinase ATM,,,,DNN(ECFP4+MHFP6),Homo sapiens,0.01,,,10
HYPAPHORINE,Abrus precatorius,442106.0,C[N+](C)(C)C(CC1=CNC2=CC=CC=C21)C(=O)[O-],PPB3,Prelamin-A/C,,,,DNN(ECFP4+MHFP6),Homo sapiens,0.01,,,11
HYPAPHORINE,Abrus precatorius,442106.0,C[N+](C)(C)C(CC1=CNC2=CC=CC=C21)C(=O)[O-],PPB3,Lethal(3)malignant brain tumor-like protein 1,,,,DNN(ECFP4+MHFP6),Homo sapiens,0.01,,,12
HYPAPHORINE,Abrus precatorius,442106.0,C[N+](C)(C)C(CC1=CNC2=CC=CC=C21)C(=O)[O-],PPB3,ATP-dependent DNA helicase Q1,,,,DNN(ECFP4+MHFP6),Homo sapiens,0.01,,,13
HYPAPHORINE,Abrus precatorius,442106.0,C[N+](C)(C)C(CC1=CNC2=CC=CC=C21)C(=O)[O-],PPB3,Survival motor neuron protein,,,,DNN(ECFP4),Homo sapiens,0.06,,,14
HYPAPHORINE,Abrus precatorius,442106.0,C[N+](C)(C)C(CC1=CNC2=CC=CC=C21)C(=O)[O-],PPB3,Menin/Histone-lysine N-methyltransferase MLL,,,,DNN(ECFP4),Homo sapiens,0.06,,,15
HYPAPHORINE,Abrus precatorius,442106.0,C[N+](C)(C)C(CC1=CNC2=CC=CC=C21)C(=O)[O-],PPB3,Melatonin receptor 1A,,,,DNN(ECFP4),Homo sapiens,0.05,,,16
HYPAPHORINE,Abrus precatorius,442106.0,C[N+](C)(C)C(CC1=CNC2=CC=CC=C21)C(=O)[O-],PPB3,Ras-related protein Rab-9A,,,,DNN(ECFP4),Homo sapiens,0.05,,,17
HYPAPHORINE,Abrus precatorius,442106.0,C[N+](C)(C)C(CC1=CNC2=CC=CC=C21)C(=O)[O-],PPB3,Niemann-Pick C1 protein,,,,DNN(ECFP4),Homo sapiens,0.05,,,18
HYPAPHORINE,Abrus precatorius,442106.0,C[N+](C)(C)C(CC1=CNC2=CC=CC=C21)C(=O)[O-],PPB3,Microtubule-associated protein tau,,,,DNN(ECFP4),Homo sapiens,0.05,,,19
HYPAPHORINE,Abrus precatorius,442106.0,C[N+](C)(C)C(CC1=CNC2=CC=CC=C21)C(=O)[O-],PPB3,DNA polymerase beta,,,,DNN(ECFP4),Homo sapiens,0.05,,,20
HYPAPHORINE,Abrus precatorius,442106.0,C[N+](C)(C)C(CC1=CNC2=CC=CC=C21)C(=O)[O-],PPB3,Pyruvate kinase isozymes M1/M2,,,,DNN(ECFP4),Homo sapiens,0.04,,,21
HYPAPHORINE,Abrus precatorius,442106.0,C[N+](C)(C)C(CC1=CNC2=CC=CC=C21)C(=O)[O-],PPB3,Melatonin receptor 1B,,,,DNN(ECFP4),Homo sapiens,0.04,,,22
HYPAPHORINE,Abrus precatorius,442106.0,C[N+](C)(C)C(CC1=CNC2=CC=CC=C21)C(=O)[O-],PPB3,microRNA 21,,,,DNN(ECFP4),Homo sapiens,0.04,,,23
HYPAPHORINE,Abrus precatorius,442106.0,C[N+](C)(C)C(CC1=CNC2=CC=CC=C21)C(=O)[O-],PPB3,Prelamin-A/C,,,,DNN(ECFP4),Homo sapiens,0.04,,,24
HYPAPHORINE,Abrus precatorius,442106.0,C[N+](C)(C)C(CC1=CNC2=CC=CC=C21)C(=O)[O-],PPB3,Lysosomal alpha-glucosidase,,,,DNN(ECFP4),Homo sapiens,0.03,,,25
HYPAPHORINE,Abrus precatorius,442106.0,C[N+](C)(C)C(CC1=CNC2=CC=CC=C21)C(=O)[O-],PPB3,Cellular tumor antigen p53,,,,DNN(ECFP4),Homo sapiens,0.03,,,26
HYPAPHORINE,Abrus precatorius,442106.0,C[N+](C)(C)C(CC1=CNC2=CC=CC=C21)C(=O)[O-],PPB3,Endoplasmic reticulum-associated amyloid beta-peptide-binding protein,,,,DNN(ECFP4),Homo sapiens,0.03,,,27
HYPAPHORINE,Abrus precatorius,442106.0,C[N+](C)(C)C(CC1=CNC2=CC=CC=C21)C(=O)[O-],PPB3,Dopamine D2 receptor,,,,DNN(ECFP4),Homo sapiens,0.03,,,28
HYPAPHORINE,Abrus precatorius,442106.0,C[N+](C)(C)C(CC1=CNC2=CC=CC=C21)C(=O)[O-],PPB3,MAP kinase ERK2,,,,DNN(ECFP4),Homo sapiens,0.02,,,29
HYPAPHORINE,Abrus precatorius,442106.0,C[N+](C)(C)C(CC1=CNC2=CC=CC=C21)C(=O)[O-],PPB3,Acetylcholinesterase,,,,DNN(RDKit),Homo sapiens,0.25,,,30
HYPAPHORINE,Abrus precatorius,442106.0,C[N+](C)(C)C(CC1=CNC2=CC=CC=C21)C(=O)[O-],PPB3,SLC16A10 protein,,,,DNN(RDKit),Homo sapiens,0.17,,,31
HYPAPHORINE,Abrus precatorius,442106.0,C[N+](C)(C)C(CC1=CNC2=CC=CC=C21)C(=O)[O-],PPB3,Thyroid stimulating hormone receptor,,,,DNN(RDKit),Homo sapiens,0.11,,,32
HYPAPHORINE,Abrus precatorius,442106.0,C[N+](C)(C)C(CC1=CNC2=CC=CC=C21)C(=O)[O-],PPB3,Cytochrome P450 2A6,,,,DNN(RDKit),Homo sapiens,0.09,,,33
HYPAPHORINE,Abrus precatorius,442106.0,C[N+](C)(C)C(CC1=CNC2=CC=CC=C21)C(=O)[O-],PPB3,Cytochrome P450 2C19,,,,DNN(RDKit),Homo sapiens,0.08,,,34
HYPAPHORINE,Abrus precatorius,442106.0,C[N+](C)(C)C(CC1=CNC2=CC=CC=C21)C(=O)[O-],PPB3,Survival motor neuron protein,,,,DNN(RDKit),Homo sapiens,0.08,,,35
HYPAPHORINE,Abrus precatorius,442106.0,C[N+](C)(C)C(CC1=CNC2=CC=CC=C21)C(=O)[O-],PPB3,Butyrylcholinesterase,,,,DNN(RDKit),Homo sapiens,0.07,,,36
HYPAPHORINE,Abrus precatorius,442106.0,C[N+](C)(C)C(CC1=CNC2=CC=CC=C21)C(=O)[O-],PPB3,Prelamin-A/C,,,,DNN(RDKit),Homo sapiens,0.06,,,37
HYPAPHORINE,Abrus precatorius,442106.0,C[N+](C)(C)C(CC1=CNC2=CC=CC=C21)C(=O)[O-],PPB3,Cytochrome P450 1A2,,,,DNN(RDKit),Homo sapiens,0.05,,,38
HYPAPHORINE,Abrus precatorius,442106.0,C[N+](C)(C)C(CC1=CNC2=CC=CC=C21)C(=O)[O-],PPB3,Huntingtin,,,,DNN(RDKit),Homo sapiens,0.04,,,39
HYPAPHORINE,Abrus precatorius,442106.0,C[N+](C)(C)C(CC1=CNC2=CC=CC=C21)C(=O)[O-],PPB3,Carbonic anhydrase I,,,,DNN(RDKit),Homo sapiens,0.04,,,40
HYPAPHORINE,Abrus precatorius,442106.0,C[N+](C)(C)C(CC1=CNC2=CC=CC=C21)C(=O)[O-],PPB3,Carbonic anhydrase II,,,,DNN(RDKit),Homo sapiens,0.04,,,41
HYPAPHORINE,Abrus precatorius,442106.0,C[N+](C)(C)C(CC1=CNC2=CC=CC=C21)C(=O)[O-],PPB3,Cytochrome P450 2D6,,,,DNN(RDKit),Homo sapiens,0.04,,,42
HYPAPHORINE,Abrus precatorius,442106.0,C[N+](C)(C)C(CC1=CNC2=CC=CC=C21)C(=O)[O-],PPB3,Microtubule-associated protein tau,,,,DNN(RDKit),Homo sapiens,0.04,,,43
HYPAPHORINE,Abrus precatorius,442106.0,C[N+](C)(C)C(CC1=CNC2=CC=CC=C21)C(=O)[O-],PPB3,Aldehyde dehydrogenase 1A1,,,,DNN(RDKit),Homo sapiens,0.03,,,44
HYPAPHORINE,Abrus precatorius,442106.0,C[N+](C)(C)C(CC1=CNC2=CC=CC=C21)C(=O)[O-],PPB3,Menin/Histone-lysine N-methyltransferase MLL,,,,DNN(Layered),Homo sapiens,0.03,,,45
HYPAPHORINE,Abrus precatorius,442106.0,C[N+](C)(C)C(CC1=CNC2=CC=CC=C21)C(=O)[O-],PPB3,P-glycoprotein 1,,,,DNN(Layered),Homo sapiens,0.03,,,46
HYPAPHORINE,Abrus precatorius,442106.0,C[N+](C)(C)C(CC1=CNC2=CC=CC=C21)C(=O)[O-],PPB3,Microtubule-associated protein tau,,,,DNN(Layered),Homo sapiens,0.02,,,47
HYPAPHORINE,Abrus precatorius,442106.0,C[N+](C)(C)C(CC1=CNC2=CC=CC=C21)C(=O)[O-],PPB3,Aldehyde dehydrogenase 1A1,,,,DNN(Layered),Homo sapiens,0.02,,,48
HYPAPHORINE,Abrus precatorius,442106.0,C[N+](C)(C)C(CC1=CNC2=CC=CC=C21)C(=O)[O-],PPB3,Solute carrier organic anion transporter family member 1B1,,,,DNN(Layered),Homo sapiens,0.02,,,49
HYPAPHORINE,Abrus precatorius,442106.0,C[N+](C)(C)C(CC1=CNC2=CC=CC=C21)C(=O)[O-],PPB3,Prelamin-A/C,,,,DNN(Layered),Homo sapiens,0.02,,,50
HYPAPHORINE,Abrus precatorius,442106.0,C[N+](C)(C)C(CC1=CNC2=CC=CC=C21)C(=O)[O-],PPB3,Cytochrome P450 2D6,,,,DNN(Layered),Homo sapiens,0.02,,,51
HYPAPHORINE,Abrus precatorius,442106.0,C[N+](C)(C)C(CC1=CNC2=CC=CC=C21)C(=O)[O-],PPB3,Solute carrier organic anion transporter family member 1B3,,,,DNN(Layered),Homo sapiens,0.02,,,52
HYPAPHORINE,Abrus precatorius,442106.0,C[N+](C)(C)C(CC1=CNC2=CC=CC=C21)C(=O)[O-],PPB3,Neuropeptide S receptor,,,,DNN(Layered),Homo sapiens,0.02,,,53
HYPAPHORINE,Abrus precatorius,442106.0,C[N+](C)(C)C(CC1=CNC2=CC=CC=C21)C(=O)[O-],PPB3,Survival motor neuron protein,,,,DNN(Layered),Homo sapiens,0.02,,,54
HYPAPHORINE,Abrus precatorius,442106.0,C[N+](C)(C)C(CC1=CNC2=CC=CC=C21)C(=O)[O-],PPB3,Microtubule-associated protein tau,,,,DNN(MHFP6),Homo sapiens,0.12,,,55
HYPAPHORINE,Abrus precatorius,442106.0,C[N+](C)(C)C(CC1=CNC2=CC=CC=C21)C(=O)[O-],PPB3,Menin/Histone-lysine N-methyltransferase MLL,,,,DNN(MHFP6),Homo sapiens,0.09,,,56
HYPAPHORINE,Abrus precatorius,442106.0,C[N+](C)(C)C(CC1=CNC2=CC=CC=C21)C(=O)[O-],PPB3,Histone-lysine N-methyltransferase MLL,,,,DNN(MHFP6),Homo sapiens,0.08,,,57
HYPAPHORINE,Abrus precatorius,442106.0,C[N+](C)(C)C(CC1=CNC2=CC=CC=C21)C(=O)[O-],PPB3,DNA polymerase beta,,,,DNN(MHFP6),Homo sapiens,0.08,,,58
HYPAPHORINE,Abrus precatorius,442106.0,C[N+](C)(C)C(CC1=CNC2=CC=CC=C21)C(=O)[O-],PPB3,Prelamin-A/C,,,,DNN(MHFP6),Homo sapiens,0.05,,,59
HYPAPHORINE,Abrus precatorius,442106.0,C[N+](C)(C)C(CC1=CNC2=CC=CC=C21)C(=O)[O-],PPB3,microRNA 21,,,,DNN(MHFP6),Homo sapiens,0.04,,,60
HYPAPHORINE,Abrus precatorius,442106.0,C[N+](C)(C)C(CC1=CNC2=CC=CC=C21)C(=O)[O-],PPB3,Lethal(3)malignant brain tumor-like protein 1,,,,DNN(MHFP6),Homo sapiens,0.04,,,61
HYPAPHORINE,Abrus precatorius,442106.0,C[N+](C)(C)C(CC1=CNC2=CC=CC=C21)C(=O)[O-],PPB3,Lysosomal alpha-glucosidase,,,,DNN(MHFP6),Homo sapiens,0.04,,,62
HYPAPHORINE,Abrus precatorius,442106.0,C[N+](C)(C)C(CC1=CNC2=CC=CC=C21)C(=O)[O-],PPB3,Ras-related protein Rab-9A,,,,DNN(MHFP6),Homo sapiens,0.02,,,63
HYPAPHORINE,Abrus precatorius,442106.0,C[N+](C)(C)C(CC1=CNC2=CC=CC=C21)C(=O)[O-],PPB3,Thyroid hormone receptor beta-1,,,,DNN(MHFP6),Homo sapiens,0.02,,,64
HYPAPHORINE,Abrus precatorius,442106.0,C[N+](C)(C)C(CC1=CNC2=CC=CC=C21)C(=O)[O-],PPB3,FAD-linked sulfhydryl oxidase ALR,,,,DNN(MHFP6),Homo sapiens,0.02,,,65
HYPAPHORINE,Abrus precatorius,442106.0,C[N+](C)(C)C(CC1=CNC2=CC=CC=C21)C(=O)[O-],PPB3,Tyrosyl-DNA phosphodiesterase 1,,,,DNN(MHFP6),Homo sapiens,0.02,,,66
HYPAPHORINE,Abrus precatorius,442106.0,C[N+](C)(C)C(CC1=CNC2=CC=CC=C21)C(=O)[O-],PPB3,DNA dC->dU-editing enzyme APOBEC-3G,,,,DNN(ECFP6),Homo sapiens,0.2,,,67
HYPAPHORINE,Abrus precatorius,442106.0,C[N+](C)(C)C(CC1=CNC2=CC=CC=C21)C(=O)[O-],PPB3,DNA polymerase beta,,,,DNN(ECFP6),Homo sapiens,0.09,,,68
HYPAPHORINE,Abrus precatorius,442106.0,C[N+](C)(C)C(CC1=CNC2=CC=CC=C21)C(=O)[O-],PPB3,Prelamin-A/C,,,,DNN(ECFP6),Homo sapiens,0.05,,,69
HYPAPHORINE,Abrus precatorius,442106.0,C[N+](C)(C)C(CC1=CNC2=CC=CC=C21)C(=O)[O-],PPB3,Lysosomal alpha-glucosidase,,,,DNN(ECFP6),Homo sapiens,0.04,,,70
HYPAPHORINE,Abrus precatorius,442106.0,C[N+](C)(C)C(CC1=CNC2=CC=CC=C21)C(=O)[O-],PPB3,Carboxy-terminal domain RNA polymerase II polypeptide A small phosphatase 1,,,,DNN(ECFP6),Homo sapiens,0.04,,,71
HYPAPHORINE,Abrus precatorius,442106.0,C[N+](C)(C)C(CC1=CNC2=CC=CC=C21)C(=O)[O-],PPB3,Menin/Histone-lysine N-methyltransferase MLL,,,,DNN(ECFP6),Homo sapiens,0.04,,,72
HYPAPHORINE,Abrus precatorius,442106.0,C[N+](C)(C)C(CC1=CNC2=CC=CC=C21)C(=O)[O-],PPB3,Aldehyde dehydrogenase 1A1,,,,DNN(ECFP6),Homo sapiens,0.03,,,73
HYPAPHORINE,Abrus precatorius,442106.0,C[N+](C)(C)C(CC1=CNC2=CC=CC=C21)C(=O)[O-],PPB3,Histone-lysine N-methyltransferase MLL,,,,DNN(ECFP6),Homo sapiens,0.03,,,74
HYPAPHORINE,Abrus precatorius,442106.0,C[N+](C)(C)C(CC1=CNC2=CC=CC=C21)C(=O)[O-],PPB3,Lethal(3)malignant brain tumor-like protein 1,,,,DNN(ECFP6),Homo sapiens,0.02,,,75
HYPAPHORINE,Abrus precatorius,442106.0,C[N+](C)(C)C(CC1=CNC2=CC=CC=C21)C(=O)[O-],PPB3,Prelamin-A/C,,,,DNN(AtomPair),Homo sapiens,0.07,,,76
HYPAPHORINE,Abrus precatorius,442106.0,C[N+](C)(C)C(CC1=CNC2=CC=CC=C21)C(=O)[O-],PPB3,Cytochrome P450 2C19,,,,DNN(AtomPair),Homo sapiens,0.06,,,77
HYPAPHORINE,Abrus precatorius,442106.0,C[N+](C)(C)C(CC1=CNC2=CC=CC=C21)C(=O)[O-],PPB3,Muscarinic acetylcholine receptor M2,,,,DNN(AtomPair),Homo sapiens,0.06,,,78
HYPAPHORINE,Abrus precatorius,442106.0,C[N+](C)(C)C(CC1=CNC2=CC=CC=C21)C(=O)[O-],PPB3,Cytochrome P450 1A2,,,,DNN(AtomPair),Homo sapiens,0.05,,,79
HYPAPHORINE,Abrus precatorius,442106.0,C[N+](C)(C)C(CC1=CNC2=CC=CC=C21)C(=O)[O-],PPB3,Cytochrome P450 2C9,,,,DNN(AtomPair),Homo sapiens,0.05,,,80
HYPAPHORINE,Abrus precatorius,442106.0,C[N+](C)(C)C(CC1=CNC2=CC=CC=C21)C(=O)[O-],PPB3,Survival motor neuron protein,,,,DNN(AtomPair),Homo sapiens,0.05,,,81
HYPAPHORINE,Abrus precatorius,442106.0,C[N+](C)(C)C(CC1=CNC2=CC=CC=C21)C(=O)[O-],PPB3,Huntingtin,,,,DNN(AtomPair),Homo sapiens,0.03,,,82
HYPAPHORINE,Abrus precatorius,442106.0,C[N+](C)(C)C(CC1=CNC2=CC=CC=C21)C(=O)[O-],PPB3,Cytochrome P450 2D6,,,,DNN(AtomPair),Homo sapiens,0.03,,,83
HYPAPHORINE,Abrus precatorius,442106.0,C[N+](C)(C)C(CC1=CNC2=CC=CC=C21)C(=O)[O-],PPB3,Solute carrier organic anion transporter family member 1B3,,,,DNN(AtomPair),Homo sapiens,0.03,,,84
HYPAPHORINE,Abrus precatorius,442106.0,C[N+](C)(C)C(CC1=CNC2=CC=CC=C21)C(=O)[O-],PPB3,Solute carrier organic anion transporter family member 1B1,,,,DNN(AtomPair),Homo sapiens,0.03,,,85
HYPAPHORINE,Abrus precatorius,442106.0,C[N+](C)(C)C(CC1=CNC2=CC=CC=C21)C(=O)[O-],PPB3,Acetylcholinesterase,,,,Consensus,Homo sapiens,0.25,,,86
HYPAPHORINE,Abrus precatorius,442106.0,C[N+](C)(C)C(CC1=CNC2=CC=CC=C21)C(=O)[O-],PPB3,DNA polymerase beta,,,,Consensus,Homo sapiens,0.23,,,87
HYPAPHORINE,Abrus precatorius,442106.0,C[N+](C)(C)C(CC1=CNC2=CC=CC=C21)C(=O)[O-],PPB3,DNA dC->dU-editing enzyme APOBEC-3G,,,,Consensus,Homo sapiens,0.2,,,88
HYPAPHORINE,Abrus precatorius,442106.0,C[N+](C)(C)C(CC1=CNC2=CC=CC=C21)C(=O)[O-],PPB3,SLC16A10 protein,,,,Consensus,Homo sapiens,0.17,,,89
HYPAPHORINE,Abrus precatorius,442106.0,C[N+](C)(C)C(CC1=CNC2=CC=CC=C21)C(=O)[O-],PPB3,Microtubule-associated protein tau,,,,Consensus,Homo sapiens,0.12,,,90
HYPAPHORINE,Abrus precatorius,442106.0,C[N+](C)(C)C(CC1=CNC2=CC=CC=C21)C(=O)[O-],PPB3,Thyroid stimulating hormone receptor,,,,Consensus,Homo sapiens,0.11,,,91
HYPAPHORINE,Abrus precatorius,442106.0,C[N+](C)(C)C(CC1=CNC2=CC=CC=C21)C(=O)[O-],PPB3,Cytochrome P450 2A6,,,,Consensus,Homo sapiens,0.09,,,92
HYPAPHORINE,Abrus precatorius,442106.0,C[N+](C)(C)C(CC1=CNC2=CC=CC=C21)C(=O)[O-],PPB3,Menin/Histone-lysine N-methyltransferase MLL,,,,Consensus,Homo sapiens,0.09,,,93
HYPAPHORINE,Abrus precatorius,442106.0,C[N+](C)(C)C(CC1=CNC2=CC=CC=C21)C(=O)[O-],PPB3,Cytochrome P450 2C19,,,,Consensus,Homo sapiens,0.08,,,94
HYPAPHORINE,Abrus precatorius,442106.0,C[N+](C)(C)C(CC1=CNC2=CC=CC=C21)C(=O)[O-],PPB3,Histone-lysine N-methyltransferase MLL,,,,Consensus,Homo sapiens,0.08,,,95
HYPAPHORINE,Abrus precatorius,442106.0,C[N+](C)(C)C(CC1=CNC2=CC=CC=C21)C(=O)[O-],PPB3,Survival motor neuron protein,,,,Consensus,Homo sapiens,0.08,,,96
HYPAPHORINE,Abrus precatorius,442106.0,C[N+](C)(C)C(CC1=CNC2=CC=CC=C21)C(=O)[O-],PPB3,Prelamin-A/C,,,,Consensus,Homo sapiens,0.07,,,97
HYPAPHORINE,Abrus precatorius,442106.0,C[N+](C)(C)C(CC1=CNC2=CC=CC=C21)C(=O)[O-],PPB3,Butyrylcholinesterase,,,,Consensus,Homo sapiens,0.07,,,98
HYPAPHORINE,Abrus precatorius,442106.0,C[N+](C)(C)C(CC1=CNC2=CC=CC=C21)C(=O)[O-],SEA,NMBR,,NMBR_HUMAN,,Neuromedin-B receptor,NMBR_HUMAN,,5.796e-90,0.43,1
HYPAPHORINE,Abrus precatorius,442106.0,C[N+](C)(C)C(CC1=CNC2=CC=CC=C21)C(=O)[O-],SEA,GHSR,,GHSR_HUMAN,,Growth hormone secretagogue receptor type 1,GHSR_HUMAN,,5.896e-87,0.43,2
HYPAPHORINE,Abrus precatorius,442106.0,C[N+](C)(C)C(CC1=CNC2=CC=CC=C21)C(=O)[O-],SEA,ECE1,,ECE1_HUMAN,,Endothelin-converting enzyme 1,ECE1_HUMAN,,1.554e-76,0.47,3
HYPAPHORINE,Abrus precatorius,442106.0,C[N+](C)(C)C(CC1=CNC2=CC=CC=C21)C(=O)[O-],SEA,CCKBR,,GASR_HUMAN,,Gastrin/cholecystokinin type B receptor,GASR_HUMAN,,1.773e-73,0.39,4
HYPAPHORINE,Abrus precatorius,442106.0,C[N+](C)(C)C(CC1=CNC2=CC=CC=C21)C(=O)[O-],SEA,MC1R,,MSHR_HUMAN,,Melanocyte-stimulating hormone receptor,MSHR_HUMAN,,3.605e-68,0.44,5
HYPAPHORINE,Abrus precatorius,442106.0,C[N+](C)(C)C(CC1=CNC2=CC=CC=C21)C(=O)[O-],SEA,MAGI3,,MAGI3_HUMAN,,"Membrane-associated guanylate kinase, WW and PDZ domain-containing protein 3",MAGI3_HUMAN,,1.504e-66,0.32,6
HYPAPHORINE,Abrus precatorius,442106.0,C[N+](C)(C)C(CC1=CNC2=CC=CC=C21)C(=O)[O-],SEA,MMP11,,MMP11_HUMAN,,Stromelysin-3,MMP11_HUMAN,,1.032e-63,0.33,7
HYPAPHORINE,Abrus precatorius,442106.0,C[N+](C)(C)C(CC1=CNC2=CC=CC=C21)C(=O)[O-],SEA,MC3R,,MC3R_HUMAN,,Melanocortin receptor 3,MC3R_HUMAN,,2.482e-59,0.39,8
HYPAPHORINE,Abrus precatorius,442106.0,C[N+](C)(C)C(CC1=CNC2=CC=CC=C21)C(=O)[O-],SEA,SSTR2,,SSR2_HUMAN,,Somatostatin receptor type 2,SSR2_HUMAN,,1.648e-55,0.39,9
HYPAPHORINE,Abrus precatorius,442106.0,C[N+](C)(C)C(CC1=CNC2=CC=CC=C21)C(=O)[O-],SEA,KISS1R,,KISSR_HUMAN,,KiSS-1 receptor,KISSR_HUMAN,,4.918e-53,0.32,10
HYPAPHORINE,Abrus precatorius,442106.0,C[N+](C)(C)C(CC1=CNC2=CC=CC=C21)C(=O)[O-],SEA,TACR1,,NK1R_HUMAN,,Substance-P receptor,NK1R_HUMAN,,6.492e-49,0.61,11
HYPAPHORINE,Abrus precatorius,442106.0,C[N+](C)(C)C(CC1=CNC2=CC=CC=C21)C(=O)[O-],SEA,GRPR,,GRPR_HUMAN,,Gastrin-releasing peptide receptor,GRPR_HUMAN,,9.37e-48,0.37,12
HYPAPHORINE,Abrus precatorius,442106.0,C[N+](C)(C)C(CC1=CNC2=CC=CC=C21)C(=O)[O-],SEA,RUVBL1,,RUVB1_HUMAN,,RuvB-like 1,RUVB1_HUMAN,,1.274e-47,0.38,13
HYPAPHORINE,Abrus precatorius,442106.0,C[N+](C)(C)C(CC1=CNC2=CC=CC=C21)C(=O)[O-],SEA,SSTR1,,SSR1_HUMAN,,Somatostatin receptor type 1,SSR1_HUMAN,,1.661e-45,0.39,14
HYPAPHORINE,Abrus precatorius,442106.0,C[N+](C)(C)C(CC1=CNC2=CC=CC=C21)C(=O)[O-],SEA,SSTR3,,SSR3_HUMAN,,Somatostatin receptor type 3,SSR3_HUMAN,,5.527e-44,0.43,15
HYPAPHORINE,Abrus precatorius,442106.0,C[N+](C)(C)C(CC1=CNC2=CC=CC=C21)C(=O)[O-],SEA,MC4R,,MC4R_HUMAN,,Melanocortin receptor 4,MC4R_HUMAN,,6.445e-44,0.40,16
HYPAPHORINE,Abrus precatorius,442106.0,C[N+](C)(C)C(CC1=CNC2=CC=CC=C21)C(=O)[O-],SEA,SNCA,,SYUA_HUMAN,,Alpha-synuclein,SYUA_HUMAN,,2.226e-43,0.32,17
HYPAPHORINE,Abrus precatorius,442106.0,C[N+](C)(C)C(CC1=CNC2=CC=CC=C21)C(=O)[O-],SEA,SSTR4,,SSR4_HUMAN,,Somatostatin receptor type 4,SSR4_HUMAN,,3.181e-41,0.39,18
HYPAPHORINE,Abrus precatorius,442106.0,C[N+](C)(C)C(CC1=CNC2=CC=CC=C21)C(=O)[O-],SEA,NCOR2,,NCOR2_HUMAN,,Nuclear receptor corepressor 2,NCOR2_HUMAN,,3.811e-40,0.39,19
HYPAPHORINE,Abrus precatorius,442106.0,C[N+](C)(C)C(CC1=CNC2=CC=CC=C21)C(=O)[O-],SEA,BRS3,,BRS3_HUMAN,,Bombesin receptor subtype-3,BRS3_HUMAN,,1.686e-39,0.42,20
HYPAPHORINE,Abrus precatorius,442106.0,C[N+](C)(C)C(CC1=CNC2=CC=CC=C21)C(=O)[O-],SEA,MMP9,,MMP9_HUMAN,,Matrix metalloproteinase-9,MMP9_HUMAN,,1.422e-38,0.46,21
HYPAPHORINE,Abrus precatorius,442106.0,C[N+](C)(C)C(CC1=CNC2=CC=CC=C21)C(=O)[O-],SEA,EDNRA,,EDNRA_HUMAN,,Endothelin-1 receptor,EDNRA_HUMAN,,4.224e-38,0.38,22
HYPAPHORINE,Abrus precatorius,442106.0,C[N+](C)(C)C(CC1=CNC2=CC=CC=C21)C(=O)[O-],SEA,MMP8,,MMP8_HUMAN,,Neutrophil collagenase,MMP8_HUMAN,,1.614e-37,0.46,23
HYPAPHORINE,Abrus precatorius,442106.0,C[N+](C)(C)C(CC1=CNC2=CC=CC=C21)C(=O)[O-],SEA,MMP2,,MMP2_HUMAN,,72 kDa type IV collagenase,MMP2_HUMAN,,1.09e-35,0.46,24
HYPAPHORINE,Abrus precatorius,442106.0,C[N+](C)(C)C(CC1=CNC2=CC=CC=C21)C(=O)[O-],SEA,MMP14,,MMP14_HUMAN,,Matrix metalloproteinase-14,MMP14_HUMAN,,2.461e-35,0.41,25
HYPAPHORINE,Abrus precatorius,442106.0,C[N+](C)(C)C(CC1=CNC2=CC=CC=C21)C(=O)[O-],SEA,SPR,,SPRE_HUMAN,,Sepiapterin reductase,SPRE_HUMAN,,1.117e-29,0.33,26
HYPAPHORINE,Abrus precatorius,442106.0,C[N+](C)(C)C(CC1=CNC2=CC=CC=C21)C(=O)[O-],SEA,LNPEP,,LCAP_HUMAN,,Leucyl-cystinyl aminopeptidase,LCAP_HUMAN,,2.988e-27,0.39,27
HYPAPHORINE,Abrus precatorius,442106.0,C[N+](C)(C)C(CC1=CNC2=CC=CC=C21)C(=O)[O-],SEA,HDAC2,,HDAC2_HUMAN,,Histone deacetylase 2,HDAC2_HUMAN,,2.087e-26,0.40,28
HYPAPHORINE,Abrus precatorius,442106.0,C[N+](C)(C)C(CC1=CNC2=CC=CC=C21)C(=O)[O-],SEA,AKT1,,AKT1_HUMAN,,RAC-alpha serine/threonine-protein kinase,AKT1_HUMAN,,1.005e-25,0.38,29
HYPAPHORINE,Abrus precatorius,442106.0,C[N+](C)(C)C(CC1=CNC2=CC=CC=C21)C(=O)[O-],SEA,ERAP2,,ERAP2_HUMAN,,Endoplasmic reticulum aminopeptidase 2,ERAP2_HUMAN,,1.434e-25,0.45,30
HYPAPHORINE,Abrus precatorius,442106.0,C[N+](C)(C)C(CC1=CNC2=CC=CC=C21)C(=O)[O-],SEA,HDAC3,,HDAC3_HUMAN,,Histone deacetylase 3,HDAC3_HUMAN,,1.792e-25,0.40,31
HYPAPHORINE,Abrus precatorius,442106.0,C[N+](C)(C)C(CC1=CNC2=CC=CC=C21)C(=O)[O-],SEA,CFTR,,CFTR_HUMAN,,Cystic fibrosis transmembrane conductance regulator,CFTR_HUMAN,,1.08e-24,0.38,32
HYPAPHORINE,Abrus precatorius,442106.0,C[N+](C)(C)C(CC1=CNC2=CC=CC=C21)C(=O)[O-],SEA,SSTR5,,SSR5_HUMAN,,Somatostatin receptor type 5,SSR5_HUMAN,,3.593e-24,0.39,33
HYPAPHORINE,Abrus precatorius,442106.0,C[N+](C)(C)C(CC1=CNC2=CC=CC=C21)C(=O)[O-],SEA,MC5R,,MC5R_HUMAN,,Melanocortin receptor 5,MC5R_HUMAN,,6.54e-23,0.39,34
HYPAPHORINE,Abrus precatorius,442106.0,C[N+](C)(C)C(CC1=CNC2=CC=CC=C21)C(=O)[O-],SEA,TYR,,TYRO_HUMAN,,Tyrosinase,TYRO_HUMAN,,4.196e-22,0.33,35
HYPAPHORINE,Abrus precatorius,442106.0,C[N+](C)(C)C(CC1=CNC2=CC=CC=C21)C(=O)[O-],SEA,ERAP1,,ERAP1_HUMAN,,Endoplasmic reticulum aminopeptidase 1,ERAP1_HUMAN,,8.763e-22,0.39,36
HYPAPHORINE,Abrus precatorius,442106.0,C[N+](C)(C)C(CC1=CNC2=CC=CC=C21)C(=O)[O-],SEA,ACE,,ACE_HUMAN,,Angiotensin-converting enzyme,ACE_HUMAN,,2.344e-21,0.48,37
HYPAPHORINE,Abrus precatorius,442106.0,C[N+](C)(C)C(CC1=CNC2=CC=CC=C21)C(=O)[O-],SEA,MMP1,,MMP1_HUMAN,,Interstitial collagenase,MMP1_HUMAN,,4.393e-21,0.44,38
HYPAPHORINE,Abrus precatorius,442106.0,C[N+](C)(C)C(CC1=CNC2=CC=CC=C21)C(=O)[O-],SEA,ST3GAL1,,SIA4A_HUMAN,,"CMP-N-acetylneuraminate-beta-galactosamide-alpha-2,3-sialyltransferase 1",SIA4A_HUMAN,,1.896e-20,0.39,39
HYPAPHORINE,Abrus precatorius,442106.0,C[N+](C)(C)C(CC1=CNC2=CC=CC=C21)C(=O)[O-],SEA,PRKAB2,,AAKB2_HUMAN,,5'-AMP-activated protein kinase subunit beta-2,AAKB2_HUMAN,,1.126e-18,0.30,40
HYPAPHORINE,Abrus precatorius,442106.0,C[N+](C)(C)C(CC1=CNC2=CC=CC=C21)C(=O)[O-],SEA,ADAM12,,ADA12_HUMAN,,Disintegrin and metalloproteinase domain-containing protein 12,ADA12_HUMAN,,1.758e-18,0.41,41
HYPAPHORINE,Abrus precatorius,442106.0,C[N+](C)(C)C(CC1=CNC2=CC=CC=C21)C(=O)[O-],SEA,CCKAR,,CCKAR_HUMAN,,Cholecystokinin receptor type A,CCKAR_HUMAN,,6.18e-18,0.39,42
HYPAPHORINE,Abrus precatorius,442106.0,C[N+](C)(C)C(CC1=CNC2=CC=CC=C21)C(=O)[O-],SEA,HDAC1,,HDAC1_HUMAN,,Histone deacetylase 1,HDAC1_HUMAN,,2.73e-17,0.40,43
HYPAPHORINE,Abrus precatorius,442106.0,C[N+](C)(C)C(CC1=CNC2=CC=CC=C21)C(=O)[O-],SEA,CTSL,,CATL1_HUMAN,,Cathepsin L1,CATL1_HUMAN,,1.11e-16,0.45,44
HYPAPHORINE,Abrus precatorius,442106.0,C[N+](C)(C)C(CC1=CNC2=CC=CC=C21)C(=O)[O-],SEA,MMP7,,MMP7_HUMAN,,Matrilysin,MMP7_HUMAN,,6.661e-16,0.41,45
HYPAPHORINE,Abrus precatorius,442106.0,C[N+](C)(C)C(CC1=CNC2=CC=CC=C21)C(=O)[O-],SEA,NCOR1,,NCOR1_HUMAN,,Nuclear receptor corepressor 1,NCOR1_HUMAN,,1.11e-15,0.32,46
HYPAPHORINE,Abrus precatorius,442106.0,C[N+](C)(C)C(CC1=CNC2=CC=CC=C21)C(=O)[O-],SEA,BCHE,,CHLE_HUMAN,,Cholinesterase,CHLE_HUMAN,,5.218e-15,0.38,47
HYPAPHORINE,Abrus precatorius,442106.0,C[N+](C)(C)C(CC1=CNC2=CC=CC=C21)C(=O)[O-],SEA,MPO,,PERM_HUMAN,,Myeloperoxidase,PERM_HUMAN,,5.995e-15,0.45,48
HYPAPHORINE,Abrus precatorius,442106.0,C[N+](C)(C)C(CC1=CNC2=CC=CC=C21)C(=O)[O-],SEA,HDAC11,,HDA11_HUMAN,,Histone deacetylase 11,HDA11_HUMAN,,7.105e-15,0.37,49
HYPAPHORINE,Abrus precatorius,442106.0,C[N+](C)(C)C(CC1=CNC2=CC=CC=C21)C(=O)[O-],SEA,TACR2,,NK2R_HUMAN,,Substance-K receptor,NK2R_HUMAN,,9.659e-15,0.34,50
HYPAPHORINE,Abrus precatorius,442106.0,C[N+](C)(C)C(CC1=CNC2=CC=CC=C21)C(=O)[O-],SEA,PSMB8,,PSB8_HUMAN,,Proteasome subunit beta type-8,PSB8_HUMAN,,2.287e-14,0.32,51
HYPAPHORINE,Abrus precatorius,442106.0,C[N+](C)(C)C(CC1=CNC2=CC=CC=C21)C(=O)[O-],SEA,RAD51,,RAD51_HUMAN,,DNA repair protein RAD51 homolog 1,RAD51_HUMAN,,6.373e-14,0.43,52
HYPAPHORINE,Abrus precatorius,442106.0,C[N+](C)(C)C(CC1=CNC2=CC=CC=C21)C(=O)[O-],SEA,AHR,,AHR_HUMAN,,Aryl hydrocarbon receptor,AHR_HUMAN,,1.11e-13,0.37,53
HYPAPHORINE,Abrus precatorius,442106.0,C[N+](C)(C)C(CC1=CNC2=CC=CC=C21)C(=O)[O-],SEA,HGFAC,,HGFA_HUMAN,,Hepatocyte growth factor activator,HGFA_HUMAN,,2.413e-13,0.31,54
HYPAPHORINE,Abrus precatorius,442106.0,C[N+](C)(C)C(CC1=CNC2=CC=CC=C21)C(=O)[O-],SEA,EDNRB,,EDNRB_HUMAN,,Endothelin receptor type B,EDNRB_HUMAN,,1.754e-12,0.39,55
HYPAPHORINE,Abrus precatorius,442106.0,C[N+](C)(C)C(CC1=CNC2=CC=CC=C21)C(=O)[O-],SEA,GPR84,,GPR84_HUMAN,,G-protein coupled receptor 84,GPR84_HUMAN,,2.068e-12,0.46,56
HYPAPHORINE,Abrus precatorius,442106.0,C[N+](C)(C)C(CC1=CNC2=CC=CC=C21)C(=O)[O-],SEA,MME,,NEP_HUMAN,,Neprilysin,NEP_HUMAN,,2.721e-12,0.42,57
HYPAPHORINE,Abrus precatorius,442106.0,C[N+](C)(C)C(CC1=CNC2=CC=CC=C21)C(=O)[O-],SEA,PPIB,,PPIB_HUMAN,,Peptidyl-prolyl cis-trans isomerase B,PPIB_HUMAN,,3.533e-12,0.33,58
HYPAPHORINE,Abrus precatorius,442106.0,C[N+](C)(C)C(CC1=CNC2=CC=CC=C21)C(=O)[O-],SEA,ACHE,,ACES_HUMAN,,Acetylcholinesterase,ACES_HUMAN,,5.163e-12,0.39,59
HYPAPHORINE,Abrus precatorius,442106.0,C[N+](C)(C)C(CC1=CNC2=CC=CC=C21)C(=O)[O-],SEA,AKT3,,AKT3_HUMAN,,RAC-gamma serine/threonine-protein kinase,AKT3_HUMAN,,6.241e-12,0.36,60
HYPAPHORINE,Abrus precatorius,442106.0,C[N+](C)(C)C(CC1=CNC2=CC=CC=C21)C(=O)[O-],SEA,CTSB,,CATB_HUMAN,,Cathepsin B,CATB_HUMAN,,1.927e-11,0.45,61
HYPAPHORINE,Abrus precatorius,442106.0,C[N+](C)(C)C(CC1=CNC2=CC=CC=C21)C(=O)[O-],SEA,HDAC8,,HDAC8_HUMAN,,Histone deacetylase 8,HDAC8_HUMAN,,3.087e-11,0.37,62
HYPAPHORINE,Abrus precatorius,442106.0,C[N+](C)(C)C(CC1=CNC2=CC=CC=C21)C(=O)[O-],SEA,NR3C1,,GCR_HUMAN,,Glucocorticoid receptor,GCR_HUMAN,,4.268e-11,0.47,63
HYPAPHORINE,Abrus precatorius,442106.0,C[N+](C)(C)C(CC1=CNC2=CC=CC=C21)C(=O)[O-],SEA,DRD4,,DRD4_HUMAN,,D(4) dopamine receptor,DRD4_HUMAN,,4.938e-11,0.40,64
HYPAPHORINE,Abrus precatorius,442106.0,C[N+](C)(C)C(CC1=CNC2=CC=CC=C21)C(=O)[O-],SEA,MMP25,,MMP25_HUMAN,,Matrix metalloproteinase-25,MMP25_HUMAN,,5.853e-11,0.35,65
HYPAPHORINE,Abrus precatorius,442106.0,C[N+](C)(C)C(CC1=CNC2=CC=CC=C21)C(=O)[O-],SEA,MMP26,,MMP26_HUMAN,,Matrix metalloproteinase-26,MMP26_HUMAN,,3.229e-10,0.41,66
HYPAPHORINE,Abrus precatorius,442106.0,C[N+](C)(C)C(CC1=CNC2=CC=CC=C21)C(=O)[O-],SEA,KIF20A,,KI20A_HUMAN,,Kinesin-like protein KIF20A,KI20A_HUMAN,,7.541e-10,0.29,67
HYPAPHORINE,Abrus precatorius,442106.0,C[N+](C)(C)C(CC1=CNC2=CC=CC=C21)C(=O)[O-],SEA,CASP10,,CASPA_HUMAN,,Caspase-10,CASPA_HUMAN,,1.072e-09,0.28,68
HYPAPHORINE,Abrus precatorius,442106.0,C[N+](C)(C)C(CC1=CNC2=CC=CC=C21)C(=O)[O-],SEA,PRKCG,,KPCG_HUMAN,,Protein kinase C gamma type,KPCG_HUMAN,,1.119e-09,0.32,69
HYPAPHORINE,Abrus precatorius,442106.0,C[N+](C)(C)C(CC1=CNC2=CC=CC=C21)C(=O)[O-],SEA,HDAC10,,HDA10_HUMAN,,Polyamine deacetylase HDAC10,HDA10_HUMAN,,1.437e-09,0.37,70
HYPAPHORINE,Abrus precatorius,442106.0,C[N+](C)(C)C(CC1=CNC2=CC=CC=C21)C(=O)[O-],SEA,HTR1B,,5HT1B_HUMAN,,5-hydroxytryptamine receptor 1B,5HT1B_HUMAN,,2.006e-09,0.52,71
HYPAPHORINE,Abrus precatorius,442106.0,C[N+](C)(C)C(CC1=CNC2=CC=CC=C21)C(=O)[O-],SEA,HTR1D,,5HT1D_HUMAN,,5-hydroxytryptamine receptor 1D,5HT1D_HUMAN,,2.235e-09,0.52,72
HYPAPHORINE,Abrus precatorius,442106.0,C[N+](C)(C)C(CC1=CNC2=CC=CC=C21)C(=O)[O-],SEA,NR3C2,,MCR_HUMAN,,Mineralocorticoid receptor,MCR_HUMAN,,2.884e-09,0.44,73
HYPAPHORINE,Abrus precatorius,442106.0,C[N+](C)(C)C(CC1=CNC2=CC=CC=C21)C(=O)[O-],SEA,MMP3,,MMP3_HUMAN,,Stromelysin-1,MMP3_HUMAN,,4.41e-09,0.46,74
HYPAPHORINE,Abrus precatorius,442106.0,C[N+](C)(C)C(CC1=CNC2=CC=CC=C21)C(=O)[O-],SEA,EPHA7,,EPHA7_HUMAN,,Ephrin type-A receptor 7,EPHA7_HUMAN,,5.116e-09,0.30,75
HYPAPHORINE,Abrus precatorius,442106.0,C[N+](C)(C)C(CC1=CNC2=CC=CC=C21)C(=O)[O-],SEA,HDAC6,,HDAC6_HUMAN,,Histone deacetylase 6,HDAC6_HUMAN,,6.916e-09,0.39,76
HYPAPHORINE,Abrus precatorius,442106.0,C[N+](C)(C)C(CC1=CNC2=CC=CC=C21)C(=O)[O-],SEA,EPHA5,,EPHA5_HUMAN,,Ephrin type-A receptor 5,EPHA5_HUMAN,,7.964e-09,0.30,77
HYPAPHORINE,Abrus precatorius,442106.0,C[N+](C)(C)C(CC1=CNC2=CC=CC=C21)C(=O)[O-],SEA,C3AR1,,C3AR_HUMAN,,C3a anaphylatoxin chemotactic receptor,C3AR_HUMAN,,9.55e-09,0.33,78
HYPAPHORINE,Abrus precatorius,442106.0,C[N+](C)(C)C(CC1=CNC2=CC=CC=C21)C(=O)[O-],SEA,EPHA8,,EPHA8_HUMAN,,Ephrin type-A receptor 8,EPHA8_HUMAN,,1.798e-08,0.30,79
HYPAPHORINE,Abrus precatorius,442106.0,C[N+](C)(C)C(CC1=CNC2=CC=CC=C21)C(=O)[O-],SEA,EPHB3,,EPHB3_HUMAN,,Ephrin type-B receptor 3,EPHB3_HUMAN,,1.798e-08,0.30,80
HYPAPHORINE,Abrus precatorius,442106.0,C[N+](C)(C)C(CC1=CNC2=CC=CC=C21)C(=O)[O-],SEA,OPRM1,,OPRM_HUMAN,,Mu-type opioid receptor,OPRM_HUMAN,,1.831e-08,0.43,81
HYPAPHORINE,Abrus precatorius,442106.0,C[N+](C)(C)C(CC1=CNC2=CC=CC=C21)C(=O)[O-],SEA,P4HB,,PDIA1_HUMAN,,Protein disulfide-isomerase,PDIA1_HUMAN,,1.87e-08,0.38,82
HYPAPHORINE,Abrus precatorius,442106.0,C[N+](C)(C)C(CC1=CNC2=CC=CC=C21)C(=O)[O-],SEA,MMP17,,MMP17_HUMAN,,Matrix metalloproteinase-17,MMP17_HUMAN,,2.223e-08,0.41,83
HYPAPHORINE,Abrus precatorius,442106.0,C[N+](C)(C)C(CC1=CNC2=CC=CC=C21)C(=O)[O-],SEA,GABRB1,,GBRB1_HUMAN,,Gamma-aminobutyric acid receptor subunit beta-1,GBRB1_HUMAN,,2.287e-08,0.30,84
HYPAPHORINE,Abrus precatorius,442106.0,C[N+](C)(C)C(CC1=CNC2=CC=CC=C21)C(=O)[O-],SEA,HTR1E,,5HT1E_HUMAN,,5-hydroxytryptamine receptor 1E,5HT1E_HUMAN,,2.582e-08,0.52,85
HYPAPHORINE,Abrus precatorius,442106.0,C[N+](C)(C)C(CC1=CNC2=CC=CC=C21)C(=O)[O-],SEA,IDE,,IDE_HUMAN,,Insulin-degrading enzyme,IDE_HUMAN,,3.101e-08,0.30,86
HYPAPHORINE,Abrus precatorius,442106.0,C[N+](C)(C)C(CC1=CNC2=CC=CC=C21)C(=O)[O-],SEA,HPN,,HEPS_HUMAN,,Serine protease hepsin,HEPS_HUMAN,,3.188e-08,0.31,87
HYPAPHORINE,Abrus precatorius,442106.0,C[N+](C)(C)C(CC1=CNC2=CC=CC=C21)C(=O)[O-],SEA,DRD3,,DRD3_HUMAN,,D(3) dopamine receptor,DRD3_HUMAN,,3.536e-08,0.40,88
HYPAPHORINE,Abrus precatorius,442106.0,C[N+](C)(C)C(CC1=CNC2=CC=CC=C21)C(=O)[O-],SEA,EPHA4,,EPHA4_HUMAN,,Ephrin type-A receptor 4,EPHA4_HUMAN,,3.741e-08,0.30,89
HYPAPHORINE,Abrus precatorius,442106.0,C[N+](C)(C)C(CC1=CNC2=CC=CC=C21)C(=O)[O-],SEA,MMP15,,MMP15_HUMAN,,Matrix metalloproteinase-15,MMP15_HUMAN,,4.14e-08,0.41,90
HYPAPHORINE,Abrus precatorius,442106.0,C[N+](C)(C)C(CC1=CNC2=CC=CC=C21)C(=O)[O-],SEA,DRD2,,DRD2_HUMAN,,D(2) dopamine receptor,DRD2_HUMAN,,4.869e-08,0.40,91
HYPAPHORINE,Abrus precatorius,442106.0,C[N+](C)(C)C(CC1=CNC2=CC=CC=C21)C(=O)[O-],SEA,ADCY5,,ADCY5_HUMAN,,Adenylate cyclase type 5,ADCY5_HUMAN,,7.544e-08,0.34,92
HYPAPHORINE,Abrus precatorius,442106.0,C[N+](C)(C)C(CC1=CNC2=CC=CC=C21)C(=O)[O-],SEA,HDAC9,,HDAC9_HUMAN,,Histone deacetylase 9,HDAC9_HUMAN,,7.788e-08,0.37,93
HYPAPHORINE,Abrus precatorius,442106.0,C[N+](C)(C)C(CC1=CNC2=CC=CC=C21)C(=O)[O-],SEA,PRKD2,,KPCD2_HUMAN,,Serine/threonine-protein kinase D2,KPCD2_HUMAN,,9.65e-08,0.36,94
HYPAPHORINE,Abrus precatorius,442106.0,C[N+](C)(C)C(CC1=CNC2=CC=CC=C21)C(=O)[O-],SEA,EPHA1,,EPHA1_HUMAN,,Ephrin type-A receptor 1,EPHA1_HUMAN,,9.897e-08,0.30,95
HYPAPHORINE,Abrus precatorius,442106.0,C[N+](C)(C)C(CC1=CNC2=CC=CC=C21)C(=O)[O-],SEA,EPHB1,,EPHB1_HUMAN,,Ephrin type-B receptor 1,EPHB1_HUMAN,,9.897e-08,0.30,96
HYPAPHORINE,Abrus precatorius,442106.0,C[N+](C)(C)C(CC1=CNC2=CC=CC=C21)C(=O)[O-],SEA,FPR2,,FPR2_HUMAN,,N-formyl peptide receptor 2,FPR2_HUMAN,,1.021e-07,0.35,97
HYPAPHORINE,Abrus precatorius,442106.0,C[N+](C)(C)C(CC1=CNC2=CC=CC=C21)C(=O)[O-],SEA,HDAC5,,HDAC5_HUMAN,,Histone deacetylase 5,HDAC5_HUMAN,,1.266e-07,0.37,98
HYPAPHORINE,Abrus precatorius,442106.0,C[N+](C)(C)C(CC1=CNC2=CC=CC=C21)C(=O)[O-],SEA,EPHA6,,EPHA6_HUMAN,,Ephrin type-A receptor 6,EPHA6_HUMAN,,1.33e-07,0.30,99
HYPAPHORINE,Abrus precatorius,442106.0,C[N+](C)(C)C(CC1=CNC2=CC=CC=C21)C(=O)[O-],SEA,HDAC7,,HDAC7_HUMAN,,Histone deacetylase 7,HDAC7_HUMAN,,1.524e-07,0.37,100
HYPAPHORINE,Abrus precatorius,442106.0,C[N+](C)(C)C(CC1=CNC2=CC=CC=C21)C(=O)[O-],SEA,EPHB2,,EPHB2_HUMAN,,Ephrin type-B receptor 2,EPHB2_HUMAN,,1.764e-07,0.30,101
HYPAPHORINE,Abrus precatorius,442106.0,C[N+](C)(C)C(CC1=CNC2=CC=CC=C21)C(=O)[O-],SEA,FPR1,,FPR1_HUMAN,,fMet-Leu-Phe receptor,FPR1_HUMAN,,1.896e-07,0.38,102
HYPAPHORINE,Abrus precatorius,442106.0,C[N+](C)(C)C(CC1=CNC2=CC=CC=C21)C(=O)[O-],SEA,CBX7,,CBX7_HUMAN,,Chromobox protein homolog 7,CBX7_HUMAN,,2.899e-07,0.37,103
HYPAPHORINE,Abrus precatorius,442106.0,C[N+](C)(C)C(CC1=CNC2=CC=CC=C21)C(=O)[O-],SEA,IMPDH1,,IMDH1_HUMAN,,Inosine-5'-monophosphate dehydrogenase 1,IMDH1_HUMAN,,3.086e-07,0.34,104
HYPAPHORINE,Abrus precatorius,442106.0,C[N+](C)(C)C(CC1=CNC2=CC=CC=C21)C(=O)[O-],SEA,HTR2B,,5HT2B_HUMAN,,5-hydroxytryptamine receptor 2B,5HT2B_HUMAN,,5.172e-07,0.52,105
HYPAPHORINE,Abrus precatorius,442106.0,C[N+](C)(C)C(CC1=CNC2=CC=CC=C21)C(=O)[O-],SEA,PSMB9,,PSB9_HUMAN,,Proteasome subunit beta type-9,PSB9_HUMAN,,5.183e-07,0.31,106
HYPAPHORINE,Abrus precatorius,442106.0,C[N+](C)(C)C(CC1=CNC2=CC=CC=C21)C(=O)[O-],SEA,EPHB6,,EPHB6_HUMAN,,Ephrin type-B receptor 6,EPHB6_HUMAN,,6.158e-07,0.30,107
HYPAPHORINE,Abrus precatorius,442106.0,C[N+](C)(C)C(CC1=CNC2=CC=CC=C21)C(=O)[O-],SEA,OPRD1,,OPRD_HUMAN,,Delta-type opioid receptor,OPRD_HUMAN,,8.784e-07,0.43,108
HYPAPHORINE,Abrus precatorius,442106.0,C[N+](C)(C)C(CC1=CNC2=CC=CC=C21)C(=O)[O-],SEA,GABRB2,,GBRB2_HUMAN,,Gamma-aminobutyric acid receptor subunit beta-2,GBRB2_HUMAN,,9.069e-07,0.37,109
HYPAPHORINE,Abrus precatorius,442106.0,C[N+](C)(C)C(CC1=CNC2=CC=CC=C21)C(=O)[O-],SEA,CDC42BPA,,MRCKA_HUMAN,,Serine/threonine-protein kinase MRCK alpha,MRCKA_HUMAN,,9.497e-07,0.32,110
HYPAPHORINE,Abrus precatorius,442106.0,C[N+](C)(C)C(CC1=CNC2=CC=CC=C21)C(=O)[O-],SEA,SGK2,,SGK2_HUMAN,,Serine/threonine-protein kinase Sgk2,SGK2_HUMAN,,9.497e-07,0.32,111
HYPAPHORINE,Abrus precatorius,442106.0,C[N+](C)(C)C(CC1=CNC2=CC=CC=C21)C(=O)[O-],SEA,DYRK3,,DYRK3_HUMAN,,Dual specificity tyrosine-phosphorylation-regulated kinase 3,DYRK3_HUMAN,,1.111e-06,0.36,112
HYPAPHORINE,Abrus precatorius,442106.0,C[N+](C)(C)C(CC1=CNC2=CC=CC=C21)C(=O)[O-],SEA,KCNA5,,KCNA5_HUMAN,,Potassium voltage-gated channel subfamily A member 5,KCNA5_HUMAN,,1.133e-06,0.46,113
HYPAPHORINE,Abrus precatorius,442106.0,C[N+](C)(C)C(CC1=CNC2=CC=CC=C21)C(=O)[O-],SEA,PRKG2,,KGP2_HUMAN,,cGMP-dependent protein kinase 2,KGP2_HUMAN,,1.222e-06,0.31,114
HYPAPHORINE,Abrus precatorius,442106.0,C[N+](C)(C)C(CC1=CNC2=CC=CC=C21)C(=O)[O-],SEA,HTR1A,,5HT1A_HUMAN,,5-hydroxytryptamine receptor 1A,5HT1A_HUMAN,,1.382e-06,0.52,115
HYPAPHORINE,Abrus precatorius,442106.0,C[N+](C)(C)C(CC1=CNC2=CC=CC=C21)C(=O)[O-],SEA,HTR2A,,5HT2A_HUMAN,,5-hydroxytryptamine receptor 2A,5HT2A_HUMAN,,1.399e-06,0.52,116
HYPAPHORINE,Abrus precatorius,442106.0,C[N+](C)(C)C(CC1=CNC2=CC=CC=C21)C(=O)[O-],SEA,HTR2C,,5HT2C_HUMAN,,5-hydroxytryptamine receptor 2C,5HT2C_HUMAN,,1.471e-06,0.52,117
HYPAPHORINE,Abrus precatorius,442106.0,C[N+](C)(C)C(CC1=CNC2=CC=CC=C21)C(=O)[O-],SEA,BMP1,,BMP1_HUMAN,,Bone morphogenetic protein 1,BMP1_HUMAN,,1.504e-06,0.39,118
HYPAPHORINE,Abrus precatorius,442106.0,C[N+](C)(C)C(CC1=CNC2=CC=CC=C21)C(=O)[O-],SEA,TMPRSS6,,TMPS6_HUMAN,,Transmembrane protease serine 6,TMPS6_HUMAN,,1.817e-06,0.31,119
HYPAPHORINE,Abrus precatorius,442106.0,C[N+](C)(C)C(CC1=CNC2=CC=CC=C21)C(=O)[O-],SEA,EPHA3,,EPHA3_HUMAN,,Ephrin type-A receptor 3,EPHA3_HUMAN,,2.972e-06,0.30,120
HYPAPHORINE,Abrus precatorius,442106.0,C[N+](C)(C)C(CC1=CNC2=CC=CC=C21)C(=O)[O-],SEA,MTNR1A,,MTR1A_HUMAN,,Melatonin receptor type 1A,MTR1A_HUMAN,,3.058e-06,0.42,121
HYPAPHORINE,Abrus precatorius,442106.0,C[N+](C)(C)C(CC1=CNC2=CC=CC=C21)C(=O)[O-],SEA,TAOK3,,TAOK3_HUMAN,,Serine/threonine-protein kinase TAO3,TAOK3_HUMAN,,3.159e-06,0.34,122
HYPAPHORINE,Abrus precatorius,442106.0,C[N+](C)(C)C(CC1=CNC2=CC=CC=C21)C(=O)[O-],SEA,STK3,,STK3_HUMAN,,Serine/threonine-protein kinase 3,STK3_HUMAN,,5.106e-06,0.36,123
HYPAPHORINE,Abrus precatorius,442106.0,C[N+](C)(C)C(CC1=CNC2=CC=CC=C21)C(=O)[O-],SEA,IMPDH2,,IMDH2_HUMAN,,Inosine-5'-monophosphate dehydrogenase 2,IMDH2_HUMAN,,7.271e-06,0.34,124
HYPAPHORINE,Abrus precatorius,442106.0,C[N+](C)(C)C(CC1=CNC2=CC=CC=C21)C(=O)[O-],SEA,ST14,,ST14_HUMAN,,Suppressor of tumorigenicity 14 protein,ST14_HUMAN,,8.367e-06,0.31,125
HYPAPHORINE,Abrus precatorius,442106.0,C[N+](C)(C)C(CC1=CNC2=CC=CC=C21)C(=O)[O-],SEA,CASP5,,CASP5_HUMAN,,Caspase-5,CASP5_HUMAN,,8.684e-06,0.28,126
HYPAPHORINE,Abrus precatorius,442106.0,C[N+](C)(C)C(CC1=CNC2=CC=CC=C21)C(=O)[O-],SwissTargetPrediction,Angiotensin-converting enzyme,ACE,P12821,CHEMBL1808,Protease,P12821,0.0807923867549,,,1
HYPAPHORINE,Abrus precatorius,442106.0,C[N+](C)(C)C(CC1=CNC2=CC=CC=C21)C(=O)[O-],SwissTargetPrediction,Serotonin 2b (5-HT2b) receptor,HTR2B,P41595,CHEMBL1833,Family A G protein-coupled receptor,P41595,0.071715932485,,,2
HYPAPHORINE,Abrus precatorius,442106.0,C[N+](C)(C)C(CC1=CNC2=CC=CC=C21)C(=O)[O-],SwissTargetPrediction,Serotonin 1a (5-HT1a) receptor,HTR1A,P08908,CHEMBL214,Family A G protein-coupled receptor,P08908,0.071715932485,,,3
HYPAPHORINE,Abrus precatorius,442106.0,C[N+](C)(C)C(CC1=CNC2=CC=CC=C21)C(=O)[O-],SwissTargetPrediction,Serotonin 2a (5-HT2a) receptor,HTR2A,P28223,CHEMBL224,Family A G protein-coupled receptor,P28223,0.071715932485,,,4
HYPAPHORINE,Abrus precatorius,442106.0,C[N+](C)(C)C(CC1=CNC2=CC=CC=C21)C(=O)[O-],SwissTargetPrediction,Serotonin 2c (5-HT2c) receptor,HTR2C,P28335,CHEMBL225,Family A G protein-coupled receptor,P28335,0.071715932485,,,5
HYPAPHORINE,Abrus precatorius,442106.0,C[N+](C)(C)C(CC1=CNC2=CC=CC=C21)C(=O)[O-],SwissTargetPrediction,Serotonin 7 (5-HT7) receptor,HTR7,P34969,CHEMBL3155,Family A G protein-coupled receptor,P34969,0.071715932485,,,6
HYPAPHORINE,Abrus precatorius,442106.0,C[N+](C)(C)C(CC1=CNC2=CC=CC=C21)C(=O)[O-],SwissTargetPrediction,Matrix metalloproteinase 3,MMP3,P08254,CHEMBL283,Protease,P08254,0.0626219668353,,,7
HYPAPHORINE,Abrus precatorius,442106.0,C[N+](C)(C)C(CC1=CNC2=CC=CC=C21)C(=O)[O-],SwissTargetPrediction,Neprilysin,MME,P08473,CHEMBL1944,Protease,P08473,0.0626219668353,,,8
HYPAPHORINE,Abrus precatorius,442106.0,C[N+](C)(C)C(CC1=CNC2=CC=CC=C21)C(=O)[O-],SwissTargetPrediction,"Indoleamine 2,3-dioxygenase",IDO1,P14902,CHEMBL4685,Enzyme,P14902,0.0626219668353,,,9
HYPAPHORINE,Abrus precatorius,442106.0,C[N+](C)(C)C(CC1=CNC2=CC=CC=C21)C(=O)[O-],SwissTargetPrediction,"Intercellular adhesion molecule (ICAM-1), Integrin alpha-L/beta-2",ITGAL ICAM1 ITGB2,P20701 P05362 P05107,CHEMBL2096661,Membrane receptor,P20701 P05362 P05107,0.0626219668353,,,10
HYPAPHORINE,Abrus precatorius,442106.0,C[N+](C)(C)C(CC1=CNC2=CC=CC=C21)C(=O)[O-],SwissTargetPrediction,Endothelin-converting enzyme 1,ECE1,P42892,CHEMBL4791,Protease,P42892,0.0535560755162,,,11
HYPAPHORINE,Abrus precatorius,442106.0,C[N+](C)(C)C(CC1=CNC2=CC=CC=C21)C(=O)[O-],SwissTargetPrediction,Neurokinin 1 receptor,TACR1,P25103,CHEMBL249,Family A G protein-coupled receptor,P25103,0.0535560755162,,,12
HYPAPHORINE,Abrus precatorius,442106.0,C[N+](C)(C)C(CC1=CNC2=CC=CC=C21)C(=O)[O-],SwissTargetPrediction,Serotonin transporter,SLC6A4,P31645,CHEMBL228,Electrochemical transporter,P31645,0.0535560755162,,,13
HYPAPHORINE,Abrus precatorius,442106.0,C[N+](C)(C)C(CC1=CNC2=CC=CC=C21)C(=O)[O-],SwissTargetPrediction,Endoplasmic reticulum aminopeptidase 2,ERAP2,Q6P179,CHEMBL5043,Protease,Q6P179,0.0535560755162,,,14
HYPAPHORINE,Abrus precatorius,442106.0,C[N+](C)(C)C(CC1=CNC2=CC=CC=C21)C(=O)[O-],SwissTargetPrediction,Ephrin type-A receptor 2,EPHA2,P29317,CHEMBL2068,Kinase,P29317,0.0535560755162,,,15
Hypaphorine,Abrus precatorius,442106.0,[O-]C(=O)[C@@H]([N+](C)(C)C)Cc1c[nH]c2c1cccc2,PPB3,DNA polymerase beta,,,,DNN(ECFP4+MHFP6),Homo sapiens,0.23,,,1
Hypaphorine,Abrus precatorius,442106.0,[O-]C(=O)[C@@H]([N+](C)(C)C)Cc1c[nH]c2c1cccc2,PPB3,Butyrylcholinesterase,,,,DNN(ECFP4+MHFP6),Homo sapiens,0.05,,,2
Hypaphorine,Abrus precatorius,442106.0,[O-]C(=O)[C@@H]([N+](C)(C)C)Cc1c[nH]c2c1cccc2,PPB3,Menin/Histone-lysine N-methyltransferase MLL,,,,DNN(ECFP4+MHFP6),Homo sapiens,0.03,,,3
Hypaphorine,Abrus precatorius,442106.0,[O-]C(=O)[C@@H]([N+](C)(C)C)Cc1c[nH]c2c1cccc2,PPB3,Microtubule-associated protein tau,,,,DNN(ECFP4+MHFP6),Homo sapiens,0.02,,,4
Hypaphorine,Abrus precatorius,442106.0,[O-]C(=O)[C@@H]([N+](C)(C)C)Cc1c[nH]c2c1cccc2,PPB3,Serotonin 2a (5-HT2a) receptor,,,,DNN(ECFP4+MHFP6),Homo sapiens,0.02,,,5
Hypaphorine,Abrus precatorius,442106.0,[O-]C(=O)[C@@H]([N+](C)(C)C)Cc1c[nH]c2c1cccc2,PPB3,Serotonin 1a (5-HT1a) receptor,,,,DNN(ECFP4+MHFP6),Homo sapiens,0.02,,,6
Hypaphorine,Abrus precatorius,442106.0,[O-]C(=O)[C@@H]([N+](C)(C)C)Cc1c[nH]c2c1cccc2,PPB3,Thyroid hormone receptor beta-1,,,,DNN(ECFP4+MHFP6),Homo sapiens,0.01,,,7
Hypaphorine,Abrus precatorius,442106.0,[O-]C(=O)[C@@H]([N+](C)(C)C)Cc1c[nH]c2c1cccc2,PPB3,Histone-lysine N-methyltransferase MLL,,,,DNN(ECFP4+MHFP6),Homo sapiens,0.01,,,8
Hypaphorine,Abrus precatorius,442106.0,[O-]C(=O)[C@@H]([N+](C)(C)C)Cc1c[nH]c2c1cccc2,PPB3,Polyadenylate-binding protein 1,,,,DNN(ECFP4+MHFP6),Homo sapiens,0.01,,,9
Hypaphorine,Abrus precatorius,442106.0,[O-]C(=O)[C@@H]([N+](C)(C)C)Cc1c[nH]c2c1cccc2,PPB3,Serine-protein kinase ATM,,,,DNN(ECFP4+MHFP6),Homo sapiens,0.01,,,10
Hypaphorine,Abrus precatorius,442106.0,[O-]C(=O)[C@@H]([N+](C)(C)C)Cc1c[nH]c2c1cccc2,PPB3,Prelamin-A/C,,,,DNN(ECFP4+MHFP6),Homo sapiens,0.01,,,11
Hypaphorine,Abrus precatorius,442106.0,[O-]C(=O)[C@@H]([N+](C)(C)C)Cc1c[nH]c2c1cccc2,PPB3,Lethal(3)malignant brain tumor-like protein 1,,,,DNN(ECFP4+MHFP6),Homo sapiens,0.01,,,12
Hypaphorine,Abrus precatorius,442106.0,[O-]C(=O)[C@@H]([N+](C)(C)C)Cc1c[nH]c2c1cccc2,PPB3,ATP-dependent DNA helicase Q1,,,,DNN(ECFP4+MHFP6),Homo sapiens,0.01,,,13
Hypaphorine,Abrus precatorius,442106.0,[O-]C(=O)[C@@H]([N+](C)(C)C)Cc1c[nH]c2c1cccc2,PPB3,Survival motor neuron protein,,,,DNN(ECFP4),Homo sapiens,0.06,,,14
Hypaphorine,Abrus precatorius,442106.0,[O-]C(=O)[C@@H]([N+](C)(C)C)Cc1c[nH]c2c1cccc2,PPB3,Menin/Histone-lysine N-methyltransferase MLL,,,,DNN(ECFP4),Homo sapiens,0.06,,,15
Hypaphorine,Abrus precatorius,442106.0,[O-]C(=O)[C@@H]([N+](C)(C)C)Cc1c[nH]c2c1cccc2,PPB3,Melatonin receptor 1A,,,,DNN(ECFP4),Homo sapiens,0.05,,,16
Hypaphorine,Abrus precatorius,442106.0,[O-]C(=O)[C@@H]([N+](C)(C)C)Cc1c[nH]c2c1cccc2,PPB3,Ras-related protein Rab-9A,,,,DNN(ECFP4),Homo sapiens,0.05,,,17
Hypaphorine,Abrus precatorius,442106.0,[O-]C(=O)[C@@H]([N+](C)(C)C)Cc1c[nH]c2c1cccc2,PPB3,Niemann-Pick C1 protein,,,,DNN(ECFP4),Homo sapiens,0.05,,,18
Hypaphorine,Abrus precatorius,442106.0,[O-]C(=O)[C@@H]([N+](C)(C)C)Cc1c[nH]c2c1cccc2,PPB3,Microtubule-associated protein tau,,,,DNN(ECFP4),Homo sapiens,0.05,,,19
Hypaphorine,Abrus precatorius,442106.0,[O-]C(=O)[C@@H]([N+](C)(C)C)Cc1c[nH]c2c1cccc2,PPB3,DNA polymerase beta,,,,DNN(ECFP4),Homo sapiens,0.05,,,20
Hypaphorine,Abrus precatorius,442106.0,[O-]C(=O)[C@@H]([N+](C)(C)C)Cc1c[nH]c2c1cccc2,PPB3,Pyruvate kinase isozymes M1/M2,,,,DNN(ECFP4),Homo sapiens,0.04,,,21
Hypaphorine,Abrus precatorius,442106.0,[O-]C(=O)[C@@H]([N+](C)(C)C)Cc1c[nH]c2c1cccc2,PPB3,Melatonin receptor 1B,,,,DNN(ECFP4),Homo sapiens,0.04,,,22
Hypaphorine,Abrus precatorius,442106.0,[O-]C(=O)[C@@H]([N+](C)(C)C)Cc1c[nH]c2c1cccc2,PPB3,microRNA 21,,,,DNN(ECFP4),Homo sapiens,0.04,,,23
Hypaphorine,Abrus precatorius,442106.0,[O-]C(=O)[C@@H]([N+](C)(C)C)Cc1c[nH]c2c1cccc2,PPB3,Prelamin-A/C,,,,DNN(ECFP4),Homo sapiens,0.04,,,24
Hypaphorine,Abrus precatorius,442106.0,[O-]C(=O)[C@@H]([N+](C)(C)C)Cc1c[nH]c2c1cccc2,PPB3,Lysosomal alpha-glucosidase,,,,DNN(ECFP4),Homo sapiens,0.03,,,25
Hypaphorine,Abrus precatorius,442106.0,[O-]C(=O)[C@@H]([N+](C)(C)C)Cc1c[nH]c2c1cccc2,PPB3,Cellular tumor antigen p53,,,,DNN(ECFP4),Homo sapiens,0.03,,,26
Hypaphorine,Abrus precatorius,442106.0,[O-]C(=O)[C@@H]([N+](C)(C)C)Cc1c[nH]c2c1cccc2,PPB3,Endoplasmic reticulum-associated amyloid beta-peptide-binding protein,,,,DNN(ECFP4),Homo sapiens,0.03,,,27
Hypaphorine,Abrus precatorius,442106.0,[O-]C(=O)[C@@H]([N+](C)(C)C)Cc1c[nH]c2c1cccc2,PPB3,Dopamine D2 receptor,,,,DNN(ECFP4),Homo sapiens,0.03,,,28
Hypaphorine,Abrus precatorius,442106.0,[O-]C(=O)[C@@H]([N+](C)(C)C)Cc1c[nH]c2c1cccc2,PPB3,MAP kinase ERK2,,,,DNN(ECFP4),Homo sapiens,0.02,,,29
Hypaphorine,Abrus precatorius,442106.0,[O-]C(=O)[C@@H]([N+](C)(C)C)Cc1c[nH]c2c1cccc2,PPB3,Acetylcholinesterase,,,,DNN(RDKit),Homo sapiens,0.25,,,30
Hypaphorine,Abrus precatorius,442106.0,[O-]C(=O)[C@@H]([N+](C)(C)C)Cc1c[nH]c2c1cccc2,PPB3,SLC16A10 protein,,,,DNN(RDKit),Homo sapiens,0.17,,,31
Hypaphorine,Abrus precatorius,442106.0,[O-]C(=O)[C@@H]([N+](C)(C)C)Cc1c[nH]c2c1cccc2,PPB3,Thyroid stimulating hormone receptor,,,,DNN(RDKit),Homo sapiens,0.11,,,32
Hypaphorine,Abrus precatorius,442106.0,[O-]C(=O)[C@@H]([N+](C)(C)C)Cc1c[nH]c2c1cccc2,PPB3,Cytochrome P450 2A6,,,,DNN(RDKit),Homo sapiens,0.09,,,33
Hypaphorine,Abrus precatorius,442106.0,[O-]C(=O)[C@@H]([N+](C)(C)C)Cc1c[nH]c2c1cccc2,PPB3,Cytochrome P450 2C19,,,,DNN(RDKit),Homo sapiens,0.08,,,34
Hypaphorine,Abrus precatorius,442106.0,[O-]C(=O)[C@@H]([N+](C)(C)C)Cc1c[nH]c2c1cccc2,PPB3,Survival motor neuron protein,,,,DNN(RDKit),Homo sapiens,0.08,,,35
Hypaphorine,Abrus precatorius,442106.0,[O-]C(=O)[C@@H]([N+](C)(C)C)Cc1c[nH]c2c1cccc2,PPB3,Butyrylcholinesterase,,,,DNN(RDKit),Homo sapiens,0.07,,,36
Hypaphorine,Abrus precatorius,442106.0,[O-]C(=O)[C@@H]([N+](C)(C)C)Cc1c[nH]c2c1cccc2,PPB3,Prelamin-A/C,,,,DNN(RDKit),Homo sapiens,0.06,,,37
Hypaphorine,Abrus precatorius,442106.0,[O-]C(=O)[C@@H]([N+](C)(C)C)Cc1c[nH]c2c1cccc2,PPB3,Cytochrome P450 1A2,,,,DNN(RDKit),Homo sapiens,0.05,,,38
Hypaphorine,Abrus precatorius,442106.0,[O-]C(=O)[C@@H]([N+](C)(C)C)Cc1c[nH]c2c1cccc2,PPB3,Huntingtin,,,,DNN(RDKit),Homo sapiens,0.04,,,39
Hypaphorine,Abrus precatorius,442106.0,[O-]C(=O)[C@@H]([N+](C)(C)C)Cc1c[nH]c2c1cccc2,PPB3,Carbonic anhydrase I,,,,DNN(RDKit),Homo sapiens,0.04,,,40
Hypaphorine,Abrus precatorius,442106.0,[O-]C(=O)[C@@H]([N+](C)(C)C)Cc1c[nH]c2c1cccc2,PPB3,Carbonic anhydrase II,,,,DNN(RDKit),Homo sapiens,0.04,,,41
Hypaphorine,Abrus precatorius,442106.0,[O-]C(=O)[C@@H]([N+](C)(C)C)Cc1c[nH]c2c1cccc2,PPB3,Cytochrome P450 2D6,,,,DNN(RDKit),Homo sapiens,0.04,,,42
Hypaphorine,Abrus precatorius,442106.0,[O-]C(=O)[C@@H]([N+](C)(C)C)Cc1c[nH]c2c1cccc2,PPB3,Microtubule-associated protein tau,,,,DNN(RDKit),Homo sapiens,0.04,,,43
Hypaphorine,Abrus precatorius,442106.0,[O-]C(=O)[C@@H]([N+](C)(C)C)Cc1c[nH]c2c1cccc2,PPB3,Aldehyde dehydrogenase 1A1,,,,DNN(RDKit),Homo sapiens,0.03,,,44
Hypaphorine,Abrus precatorius,442106.0,[O-]C(=O)[C@@H]([N+](C)(C)C)Cc1c[nH]c2c1cccc2,PPB3,Menin/Histone-lysine N-methyltransferase MLL,,,,DNN(Layered),Homo sapiens,0.03,,,45
Hypaphorine,Abrus precatorius,442106.0,[O-]C(=O)[C@@H]([N+](C)(C)C)Cc1c[nH]c2c1cccc2,PPB3,P-glycoprotein 1,,,,DNN(Layered),Homo sapiens,0.03,,,46
Hypaphorine,Abrus precatorius,442106.0,[O-]C(=O)[C@@H]([N+](C)(C)C)Cc1c[nH]c2c1cccc2,PPB3,Microtubule-associated protein tau,,,,DNN(Layered),Homo sapiens,0.02,,,47
Hypaphorine,Abrus precatorius,442106.0,[O-]C(=O)[C@@H]([N+](C)(C)C)Cc1c[nH]c2c1cccc2,PPB3,Aldehyde dehydrogenase 1A1,,,,DNN(Layered),Homo sapiens,0.02,,,48
Hypaphorine,Abrus precatorius,442106.0,[O-]C(=O)[C@@H]([N+](C)(C)C)Cc1c[nH]c2c1cccc2,PPB3,Solute carrier organic anion transporter family member 1B1,,,,DNN(Layered),Homo sapiens,0.02,,,49
Hypaphorine,Abrus precatorius,442106.0,[O-]C(=O)[C@@H]([N+](C)(C)C)Cc1c[nH]c2c1cccc2,PPB3,Prelamin-A/C,,,,DNN(Layered),Homo sapiens,0.02,,,50
Hypaphorine,Abrus precatorius,442106.0,[O-]C(=O)[C@@H]([N+](C)(C)C)Cc1c[nH]c2c1cccc2,PPB3,Cytochrome P450 2D6,,,,DNN(Layered),Homo sapiens,0.02,,,51
Hypaphorine,Abrus precatorius,442106.0,[O-]C(=O)[C@@H]([N+](C)(C)C)Cc1c[nH]c2c1cccc2,PPB3,Solute carrier organic anion transporter family member 1B3,,,,DNN(Layered),Homo sapiens,0.02,,,52
Hypaphorine,Abrus precatorius,442106.0,[O-]C(=O)[C@@H]([N+](C)(C)C)Cc1c[nH]c2c1cccc2,PPB3,Neuropeptide S receptor,,,,DNN(Layered),Homo sapiens,0.02,,,53
Hypaphorine,Abrus precatorius,442106.0,[O-]C(=O)[C@@H]([N+](C)(C)C)Cc1c[nH]c2c1cccc2,PPB3,Survival motor neuron protein,,,,DNN(Layered),Homo sapiens,0.02,,,54
Hypaphorine,Abrus precatorius,442106.0,[O-]C(=O)[C@@H]([N+](C)(C)C)Cc1c[nH]c2c1cccc2,PPB3,Microtubule-associated protein tau,,,,DNN(MHFP6),Homo sapiens,0.12,,,55
Hypaphorine,Abrus precatorius,442106.0,[O-]C(=O)[C@@H]([N+](C)(C)C)Cc1c[nH]c2c1cccc2,PPB3,Menin/Histone-lysine N-methyltransferase MLL,,,,DNN(MHFP6),Homo sapiens,0.09,,,56
Hypaphorine,Abrus precatorius,442106.0,[O-]C(=O)[C@@H]([N+](C)(C)C)Cc1c[nH]c2c1cccc2,PPB3,Histone-lysine N-methyltransferase MLL,,,,DNN(MHFP6),Homo sapiens,0.08,,,57
Hypaphorine,Abrus precatorius,442106.0,[O-]C(=O)[C@@H]([N+](C)(C)C)Cc1c[nH]c2c1cccc2,PPB3,DNA polymerase beta,,,,DNN(MHFP6),Homo sapiens,0.08,,,58
Hypaphorine,Abrus precatorius,442106.0,[O-]C(=O)[C@@H]([N+](C)(C)C)Cc1c[nH]c2c1cccc2,PPB3,Prelamin-A/C,,,,DNN(MHFP6),Homo sapiens,0.05,,,59
Hypaphorine,Abrus precatorius,442106.0,[O-]C(=O)[C@@H]([N+](C)(C)C)Cc1c[nH]c2c1cccc2,PPB3,microRNA 21,,,,DNN(MHFP6),Homo sapiens,0.04,,,60
Hypaphorine,Abrus precatorius,442106.0,[O-]C(=O)[C@@H]([N+](C)(C)C)Cc1c[nH]c2c1cccc2,PPB3,Lethal(3)malignant brain tumor-like protein 1,,,,DNN(MHFP6),Homo sapiens,0.04,,,61
Hypaphorine,Abrus precatorius,442106.0,[O-]C(=O)[C@@H]([N+](C)(C)C)Cc1c[nH]c2c1cccc2,PPB3,Lysosomal alpha-glucosidase,,,,DNN(MHFP6),Homo sapiens,0.04,,,62
Hypaphorine,Abrus precatorius,442106.0,[O-]C(=O)[C@@H]([N+](C)(C)C)Cc1c[nH]c2c1cccc2,PPB3,Ras-related protein Rab-9A,,,,DNN(MHFP6),Homo sapiens,0.02,,,63
Hypaphorine,Abrus precatorius,442106.0,[O-]C(=O)[C@@H]([N+](C)(C)C)Cc1c[nH]c2c1cccc2,PPB3,Thyroid hormone receptor beta-1,,,,DNN(MHFP6),Homo sapiens,0.02,,,64
Hypaphorine,Abrus precatorius,442106.0,[O-]C(=O)[C@@H]([N+](C)(C)C)Cc1c[nH]c2c1cccc2,PPB3,FAD-linked sulfhydryl oxidase ALR,,,,DNN(MHFP6),Homo sapiens,0.02,,,65
Hypaphorine,Abrus precatorius,442106.0,[O-]C(=O)[C@@H]([N+](C)(C)C)Cc1c[nH]c2c1cccc2,PPB3,Tyrosyl-DNA phosphodiesterase 1,,,,DNN(MHFP6),Homo sapiens,0.02,,,66
Hypaphorine,Abrus precatorius,442106.0,[O-]C(=O)[C@@H]([N+](C)(C)C)Cc1c[nH]c2c1cccc2,PPB3,DNA dC->dU-editing enzyme APOBEC-3G,,,,DNN(ECFP6),Homo sapiens,0.2,,,67
Hypaphorine,Abrus precatorius,442106.0,[O-]C(=O)[C@@H]([N+](C)(C)C)Cc1c[nH]c2c1cccc2,PPB3,DNA polymerase beta,,,,DNN(ECFP6),Homo sapiens,0.09,,,68
Hypaphorine,Abrus precatorius,442106.0,[O-]C(=O)[C@@H]([N+](C)(C)C)Cc1c[nH]c2c1cccc2,PPB3,Prelamin-A/C,,,,DNN(ECFP6),Homo sapiens,0.05,,,69
Hypaphorine,Abrus precatorius,442106.0,[O-]C(=O)[C@@H]([N+](C)(C)C)Cc1c[nH]c2c1cccc2,PPB3,Lysosomal alpha-glucosidase,,,,DNN(ECFP6),Homo sapiens,0.04,,,70
Hypaphorine,Abrus precatorius,442106.0,[O-]C(=O)[C@@H]([N+](C)(C)C)Cc1c[nH]c2c1cccc2,PPB3,Carboxy-terminal domain RNA polymerase II polypeptide A small phosphatase 1,,,,DNN(ECFP6),Homo sapiens,0.04,,,71
Hypaphorine,Abrus precatorius,442106.0,[O-]C(=O)[C@@H]([N+](C)(C)C)Cc1c[nH]c2c1cccc2,PPB3,Menin/Histone-lysine N-methyltransferase MLL,,,,DNN(ECFP6),Homo sapiens,0.04,,,72
Hypaphorine,Abrus precatorius,442106.0,[O-]C(=O)[C@@H]([N+](C)(C)C)Cc1c[nH]c2c1cccc2,PPB3,Aldehyde dehydrogenase 1A1,,,,DNN(ECFP6),Homo sapiens,0.03,,,73
Hypaphorine,Abrus precatorius,442106.0,[O-]C(=O)[C@@H]([N+](C)(C)C)Cc1c[nH]c2c1cccc2,PPB3,Histone-lysine N-methyltransferase MLL,,,,DNN(ECFP6),Homo sapiens,0.03,,,74
Hypaphorine,Abrus precatorius,442106.0,[O-]C(=O)[C@@H]([N+](C)(C)C)Cc1c[nH]c2c1cccc2,PPB3,Lethal(3)malignant brain tumor-like protein 1,,,,DNN(ECFP6),Homo sapiens,0.02,,,75
Hypaphorine,Abrus precatorius,442106.0,[O-]C(=O)[C@@H]([N+](C)(C)C)Cc1c[nH]c2c1cccc2,PPB3,Prelamin-A/C,,,,DNN(AtomPair),Homo sapiens,0.07,,,76
Hypaphorine,Abrus precatorius,442106.0,[O-]C(=O)[C@@H]([N+](C)(C)C)Cc1c[nH]c2c1cccc2,PPB3,Cytochrome P450 2C19,,,,DNN(AtomPair),Homo sapiens,0.06,,,77
Hypaphorine,Abrus precatorius,442106.0,[O-]C(=O)[C@@H]([N+](C)(C)C)Cc1c[nH]c2c1cccc2,PPB3,Muscarinic acetylcholine receptor M2,,,,DNN(AtomPair),Homo sapiens,0.06,,,78
Hypaphorine,Abrus precatorius,442106.0,[O-]C(=O)[C@@H]([N+](C)(C)C)Cc1c[nH]c2c1cccc2,PPB3,Cytochrome P450 1A2,,,,DNN(AtomPair),Homo sapiens,0.05,,,79
Hypaphorine,Abrus precatorius,442106.0,[O-]C(=O)[C@@H]([N+](C)(C)C)Cc1c[nH]c2c1cccc2,PPB3,Cytochrome P450 2C9,,,,DNN(AtomPair),Homo sapiens,0.05,,,80
Hypaphorine,Abrus precatorius,442106.0,[O-]C(=O)[C@@H]([N+](C)(C)C)Cc1c[nH]c2c1cccc2,PPB3,Survival motor neuron protein,,,,DNN(AtomPair),Homo sapiens,0.05,,,81
Hypaphorine,Abrus precatorius,442106.0,[O-]C(=O)[C@@H]([N+](C)(C)C)Cc1c[nH]c2c1cccc2,PPB3,Huntingtin,,,,DNN(AtomPair),Homo sapiens,0.03,,,82
Hypaphorine,Abrus precatorius,442106.0,[O-]C(=O)[C@@H]([N+](C)(C)C)Cc1c[nH]c2c1cccc2,PPB3,Cytochrome P450 2D6,,,,DNN(AtomPair),Homo sapiens,0.03,,,83
Hypaphorine,Abrus precatorius,442106.0,[O-]C(=O)[C@@H]([N+](C)(C)C)Cc1c[nH]c2c1cccc2,PPB3,Solute carrier organic anion transporter family member 1B3,,,,DNN(AtomPair),Homo sapiens,0.03,,,84
Hypaphorine,Abrus precatorius,442106.0,[O-]C(=O)[C@@H]([N+](C)(C)C)Cc1c[nH]c2c1cccc2,PPB3,Solute carrier organic anion transporter family member 1B1,,,,DNN(AtomPair),Homo sapiens,0.03,,,85
Hypaphorine,Abrus precatorius,442106.0,[O-]C(=O)[C@@H]([N+](C)(C)C)Cc1c[nH]c2c1cccc2,PPB3,Acetylcholinesterase,,,,Consensus,Homo sapiens,0.25,,,86
Hypaphorine,Abrus precatorius,442106.0,[O-]C(=O)[C@@H]([N+](C)(C)C)Cc1c[nH]c2c1cccc2,PPB3,DNA polymerase beta,,,,Consensus,Homo sapiens,0.23,,,87
Hypaphorine,Abrus precatorius,442106.0,[O-]C(=O)[C@@H]([N+](C)(C)C)Cc1c[nH]c2c1cccc2,PPB3,DNA dC->dU-editing enzyme APOBEC-3G,,,,Consensus,Homo sapiens,0.2,,,88
Hypaphorine,Abrus precatorius,442106.0,[O-]C(=O)[C@@H]([N+](C)(C)C)Cc1c[nH]c2c1cccc2,PPB3,SLC16A10 protein,,,,Consensus,Homo sapiens,0.17,,,89
Hypaphorine,Abrus precatorius,442106.0,[O-]C(=O)[C@@H]([N+](C)(C)C)Cc1c[nH]c2c1cccc2,PPB3,Microtubule-associated protein tau,,,,Consensus,Homo sapiens,0.12,,,90
Hypaphorine,Abrus precatorius,442106.0,[O-]C(=O)[C@@H]([N+](C)(C)C)Cc1c[nH]c2c1cccc2,PPB3,Thyroid stimulating hormone receptor,,,,Consensus,Homo sapiens,0.11,,,91
Hypaphorine,Abrus precatorius,442106.0,[O-]C(=O)[C@@H]([N+](C)(C)C)Cc1c[nH]c2c1cccc2,PPB3,Cytochrome P450 2A6,,,,Consensus,Homo sapiens,0.09,,,92
Hypaphorine,Abrus precatorius,442106.0,[O-]C(=O)[C@@H]([N+](C)(C)C)Cc1c[nH]c2c1cccc2,PPB3,Menin/Histone-lysine N-methyltransferase MLL,,,,Consensus,Homo sapiens,0.09,,,93
Hypaphorine,Abrus precatorius,442106.0,[O-]C(=O)[C@@H]([N+](C)(C)C)Cc1c[nH]c2c1cccc2,PPB3,Cytochrome P450 2C19,,,,Consensus,Homo sapiens,0.08,,,94
Hypaphorine,Abrus precatorius,442106.0,[O-]C(=O)[C@@H]([N+](C)(C)C)Cc1c[nH]c2c1cccc2,PPB3,Histone-lysine N-methyltransferase MLL,,,,Consensus,Homo sapiens,0.08,,,95
Hypaphorine,Abrus precatorius,442106.0,[O-]C(=O)[C@@H]([N+](C)(C)C)Cc1c[nH]c2c1cccc2,PPB3,Survival motor neuron protein,,,,Consensus,Homo sapiens,0.08,,,96
Hypaphorine,Abrus precatorius,442106.0,[O-]C(=O)[C@@H]([N+](C)(C)C)Cc1c[nH]c2c1cccc2,PPB3,Prelamin-A/C,,,,Consensus,Homo sapiens,0.07,,,97
Hypaphorine,Abrus precatorius,442106.0,[O-]C(=O)[C@@H]([N+](C)(C)C)Cc1c[nH]c2c1cccc2,PPB3,Butyrylcholinesterase,,,,Consensus,Homo sapiens,0.07,,,98
Hypaphorine,Abrus precatorius,442106.0,[O-]C(=O)[C@@H]([N+](C)(C)C)Cc1c[nH]c2c1cccc2,SEA,NMBR,,NMBR_HUMAN,,Neuromedin-B receptor,NMBR_HUMAN,,5.796e-90,0.43,1
Hypaphorine,Abrus precatorius,442106.0,[O-]C(=O)[C@@H]([N+](C)(C)C)Cc1c[nH]c2c1cccc2,SEA,GHSR,,GHSR_HUMAN,,Growth hormone secretagogue receptor type 1,GHSR_HUMAN,,5.896e-87,0.43,2
Hypaphorine,Abrus precatorius,442106.0,[O-]C(=O)[C@@H]([N+](C)(C)C)Cc1c[nH]c2c1cccc2,SEA,ECE1,,ECE1_HUMAN,,Endothelin-converting enzyme 1,ECE1_HUMAN,,1.554e-76,0.47,3
Hypaphorine,Abrus precatorius,442106.0,[O-]C(=O)[C@@H]([N+](C)(C)C)Cc1c[nH]c2c1cccc2,SEA,CCKBR,,GASR_HUMAN,,Gastrin/cholecystokinin type B receptor,GASR_HUMAN,,1.773e-73,0.39,4
Hypaphorine,Abrus precatorius,442106.0,[O-]C(=O)[C@@H]([N+](C)(C)C)Cc1c[nH]c2c1cccc2,SEA,MC1R,,MSHR_HUMAN,,Melanocyte-stimulating hormone receptor,MSHR_HUMAN,,3.605e-68,0.44,5
Hypaphorine,Abrus precatorius,442106.0,[O-]C(=O)[C@@H]([N+](C)(C)C)Cc1c[nH]c2c1cccc2,SEA,MAGI3,,MAGI3_HUMAN,,"Membrane-associated guanylate kinase, WW and PDZ domain-containing protein 3",MAGI3_HUMAN,,1.504e-66,0.32,6
Hypaphorine,Abrus precatorius,442106.0,[O-]C(=O)[C@@H]([N+](C)(C)C)Cc1c[nH]c2c1cccc2,SEA,MMP11,,MMP11_HUMAN,,Stromelysin-3,MMP11_HUMAN,,1.032e-63,0.33,7
Hypaphorine,Abrus precatorius,442106.0,[O-]C(=O)[C@@H]([N+](C)(C)C)Cc1c[nH]c2c1cccc2,SEA,MC3R,,MC3R_HUMAN,,Melanocortin receptor 3,MC3R_HUMAN,,2.482e-59,0.39,8
Hypaphorine,Abrus precatorius,442106.0,[O-]C(=O)[C@@H]([N+](C)(C)C)Cc1c[nH]c2c1cccc2,SEA,SSTR2,,SSR2_HUMAN,,Somatostatin receptor type 2,SSR2_HUMAN,,1.648e-55,0.39,9
Hypaphorine,Abrus precatorius,442106.0,[O-]C(=O)[C@@H]([N+](C)(C)C)Cc1c[nH]c2c1cccc2,SEA,KISS1R,,KISSR_HUMAN,,KiSS-1 receptor,KISSR_HUMAN,,4.918e-53,0.32,10
Hypaphorine,Abrus precatorius,442106.0,[O-]C(=O)[C@@H]([N+](C)(C)C)Cc1c[nH]c2c1cccc2,SEA,TACR1,,NK1R_HUMAN,,Substance-P receptor,NK1R_HUMAN,,6.492e-49,0.61,11
Hypaphorine,Abrus precatorius,442106.0,[O-]C(=O)[C@@H]([N+](C)(C)C)Cc1c[nH]c2c1cccc2,SEA,GRPR,,GRPR_HUMAN,,Gastrin-releasing peptide receptor,GRPR_HUMAN,,9.37e-48,0.37,12
Hypaphorine,Abrus precatorius,442106.0,[O-]C(=O)[C@@H]([N+](C)(C)C)Cc1c[nH]c2c1cccc2,SEA,RUVBL1,,RUVB1_HUMAN,,RuvB-like 1,RUVB1_HUMAN,,1.274e-47,0.38,13
Hypaphorine,Abrus precatorius,442106.0,[O-]C(=O)[C@@H]([N+](C)(C)C)Cc1c[nH]c2c1cccc2,SEA,SSTR1,,SSR1_HUMAN,,Somatostatin receptor type 1,SSR1_HUMAN,,1.661e-45,0.39,14
Hypaphorine,Abrus precatorius,442106.0,[O-]C(=O)[C@@H]([N+](C)(C)C)Cc1c[nH]c2c1cccc2,SEA,SSTR3,,SSR3_HUMAN,,Somatostatin receptor type 3,SSR3_HUMAN,,5.527e-44,0.43,15
Hypaphorine,Abrus precatorius,442106.0,[O-]C(=O)[C@@H]([N+](C)(C)C)Cc1c[nH]c2c1cccc2,SEA,MC4R,,MC4R_HUMAN,,Melanocortin receptor 4,MC4R_HUMAN,,6.445e-44,0.40,16
Hypaphorine,Abrus precatorius,442106.0,[O-]C(=O)[C@@H]([N+](C)(C)C)Cc1c[nH]c2c1cccc2,SEA,SNCA,,SYUA_HUMAN,,Alpha-synuclein,SYUA_HUMAN,,2.226e-43,0.32,17
Hypaphorine,Abrus precatorius,442106.0,[O-]C(=O)[C@@H]([N+](C)(C)C)Cc1c[nH]c2c1cccc2,SEA,SSTR4,,SSR4_HUMAN,,Somatostatin receptor type 4,SSR4_HUMAN,,3.181e-41,0.39,18
Hypaphorine,Abrus precatorius,442106.0,[O-]C(=O)[C@@H]([N+](C)(C)C)Cc1c[nH]c2c1cccc2,SEA,NCOR2,,NCOR2_HUMAN,,Nuclear receptor corepressor 2,NCOR2_HUMAN,,3.811e-40,0.39,19
Hypaphorine,Abrus precatorius,442106.0,[O-]C(=O)[C@@H]([N+](C)(C)C)Cc1c[nH]c2c1cccc2,SEA,BRS3,,BRS3_HUMAN,,Bombesin receptor subtype-3,BRS3_HUMAN,,1.686e-39,0.42,20
Hypaphorine,Abrus precatorius,442106.0,[O-]C(=O)[C@@H]([N+](C)(C)C)Cc1c[nH]c2c1cccc2,SEA,MMP9,,MMP9_HUMAN,,Matrix metalloproteinase-9,MMP9_HUMAN,,1.422e-38,0.46,21
Hypaphorine,Abrus precatorius,442106.0,[O-]C(=O)[C@@H]([N+](C)(C)C)Cc1c[nH]c2c1cccc2,SEA,EDNRA,,EDNRA_HUMAN,,Endothelin-1 receptor,EDNRA_HUMAN,,4.224e-38,0.38,22
Hypaphorine,Abrus precatorius,442106.0,[O-]C(=O)[C@@H]([N+](C)(C)C)Cc1c[nH]c2c1cccc2,SEA,MMP8,,MMP8_HUMAN,,Neutrophil collagenase,MMP8_HUMAN,,1.614e-37,0.46,23
Hypaphorine,Abrus precatorius,442106.0,[O-]C(=O)[C@@H]([N+](C)(C)C)Cc1c[nH]c2c1cccc2,SEA,MMP2,,MMP2_HUMAN,,72 kDa type IV collagenase,MMP2_HUMAN,,1.09e-35,0.46,24
Hypaphorine,Abrus precatorius,442106.0,[O-]C(=O)[C@@H]([N+](C)(C)C)Cc1c[nH]c2c1cccc2,SEA,MMP14,,MMP14_HUMAN,,Matrix metalloproteinase-14,MMP14_HUMAN,,2.461e-35,0.41,25
Hypaphorine,Abrus precatorius,442106.0,[O-]C(=O)[C@@H]([N+](C)(C)C)Cc1c[nH]c2c1cccc2,SEA,SPR,,SPRE_HUMAN,,Sepiapterin reductase,SPRE_HUMAN,,1.117e-29,0.33,26
Hypaphorine,Abrus precatorius,442106.0,[O-]C(=O)[C@@H]([N+](C)(C)C)Cc1c[nH]c2c1cccc2,SEA,LNPEP,,LCAP_HUMAN,,Leucyl-cystinyl aminopeptidase,LCAP_HUMAN,,2.988e-27,0.39,27
Hypaphorine,Abrus precatorius,442106.0,[O-]C(=O)[C@@H]([N+](C)(C)C)Cc1c[nH]c2c1cccc2,SEA,HDAC2,,HDAC2_HUMAN,,Histone deacetylase 2,HDAC2_HUMAN,,2.087e-26,0.40,28
Hypaphorine,Abrus precatorius,442106.0,[O-]C(=O)[C@@H]([N+](C)(C)C)Cc1c[nH]c2c1cccc2,SEA,AKT1,,AKT1_HUMAN,,RAC-alpha serine/threonine-protein kinase,AKT1_HUMAN,,1.005e-25,0.38,29
Hypaphorine,Abrus precatorius,442106.0,[O-]C(=O)[C@@H]([N+](C)(C)C)Cc1c[nH]c2c1cccc2,SEA,ERAP2,,ERAP2_HUMAN,,Endoplasmic reticulum aminopeptidase 2,ERAP2_HUMAN,,1.434e-25,0.45,30
Hypaphorine,Abrus precatorius,442106.0,[O-]C(=O)[C@@H]([N+](C)(C)C)Cc1c[nH]c2c1cccc2,SEA,HDAC3,,HDAC3_HUMAN,,Histone deacetylase 3,HDAC3_HUMAN,,1.792e-25,0.40,31
Hypaphorine,Abrus precatorius,442106.0,[O-]C(=O)[C@@H]([N+](C)(C)C)Cc1c[nH]c2c1cccc2,SEA,CFTR,,CFTR_HUMAN,,Cystic fibrosis transmembrane conductance regulator,CFTR_HUMAN,,1.08e-24,0.38,32
Hypaphorine,Abrus precatorius,442106.0,[O-]C(=O)[C@@H]([N+](C)(C)C)Cc1c[nH]c2c1cccc2,SEA,SSTR5,,SSR5_HUMAN,,Somatostatin receptor type 5,SSR5_HUMAN,,3.593e-24,0.39,33
Hypaphorine,Abrus precatorius,442106.0,[O-]C(=O)[C@@H]([N+](C)(C)C)Cc1c[nH]c2c1cccc2,SEA,MC5R,,MC5R_HUMAN,,Melanocortin receptor 5,MC5R_HUMAN,,6.54e-23,0.39,34
Hypaphorine,Abrus precatorius,442106.0,[O-]C(=O)[C@@H]([N+](C)(C)C)Cc1c[nH]c2c1cccc2,SEA,TYR,,TYRO_HUMAN,,Tyrosinase,TYRO_HUMAN,,4.196e-22,0.33,35
Hypaphorine,Abrus precatorius,442106.0,[O-]C(=O)[C@@H]([N+](C)(C)C)Cc1c[nH]c2c1cccc2,SEA,ERAP1,,ERAP1_HUMAN,,Endoplasmic reticulum aminopeptidase 1,ERAP1_HUMAN,,8.763e-22,0.39,36
Hypaphorine,Abrus precatorius,442106.0,[O-]C(=O)[C@@H]([N+](C)(C)C)Cc1c[nH]c2c1cccc2,SEA,ACE,,ACE_HUMAN,,Angiotensin-converting enzyme,ACE_HUMAN,,2.344e-21,0.48,37
Hypaphorine,Abrus precatorius,442106.0,[O-]C(=O)[C@@H]([N+](C)(C)C)Cc1c[nH]c2c1cccc2,SEA,MMP1,,MMP1_HUMAN,,Interstitial collagenase,MMP1_HUMAN,,4.393e-21,0.44,38
Hypaphorine,Abrus precatorius,442106.0,[O-]C(=O)[C@@H]([N+](C)(C)C)Cc1c[nH]c2c1cccc2,SEA,ST3GAL1,,SIA4A_HUMAN,,"CMP-N-acetylneuraminate-beta-galactosamide-alpha-2,3-sialyltransferase 1",SIA4A_HUMAN,,1.896e-20,0.39,39
Hypaphorine,Abrus precatorius,442106.0,[O-]C(=O)[C@@H]([N+](C)(C)C)Cc1c[nH]c2c1cccc2,SEA,PRKAB2,,AAKB2_HUMAN,,5'-AMP-activated protein kinase subunit beta-2,AAKB2_HUMAN,,1.126e-18,0.30,40
Hypaphorine,Abrus precatorius,442106.0,[O-]C(=O)[C@@H]([N+](C)(C)C)Cc1c[nH]c2c1cccc2,SEA,ADAM12,,ADA12_HUMAN,,Disintegrin and metalloproteinase domain-containing protein 12,ADA12_HUMAN,,1.758e-18,0.41,41
Hypaphorine,Abrus precatorius,442106.0,[O-]C(=O)[C@@H]([N+](C)(C)C)Cc1c[nH]c2c1cccc2,SEA,CCKAR,,CCKAR_HUMAN,,Cholecystokinin receptor type A,CCKAR_HUMAN,,6.18e-18,0.39,42
Hypaphorine,Abrus precatorius,442106.0,[O-]C(=O)[C@@H]([N+](C)(C)C)Cc1c[nH]c2c1cccc2,SEA,HDAC1,,HDAC1_HUMAN,,Histone deacetylase 1,HDAC1_HUMAN,,2.73e-17,0.40,43
Hypaphorine,Abrus precatorius,442106.0,[O-]C(=O)[C@@H]([N+](C)(C)C)Cc1c[nH]c2c1cccc2,SEA,CTSL,,CATL1_HUMAN,,Cathepsin L1,CATL1_HUMAN,,1.11e-16,0.45,44
Hypaphorine,Abrus precatorius,442106.0,[O-]C(=O)[C@@H]([N+](C)(C)C)Cc1c[nH]c2c1cccc2,SEA,MMP7,,MMP7_HUMAN,,Matrilysin,MMP7_HUMAN,,6.661e-16,0.41,45
Hypaphorine,Abrus precatorius,442106.0,[O-]C(=O)[C@@H]([N+](C)(C)C)Cc1c[nH]c2c1cccc2,SEA,NCOR1,,NCOR1_HUMAN,,Nuclear receptor corepressor 1,NCOR1_HUMAN,,1.11e-15,0.32,46
Hypaphorine,Abrus precatorius,442106.0,[O-]C(=O)[C@@H]([N+](C)(C)C)Cc1c[nH]c2c1cccc2,SEA,BCHE,,CHLE_HUMAN,,Cholinesterase,CHLE_HUMAN,,5.218e-15,0.38,47
Hypaphorine,Abrus precatorius,442106.0,[O-]C(=O)[C@@H]([N+](C)(C)C)Cc1c[nH]c2c1cccc2,SEA,MPO,,PERM_HUMAN,,Myeloperoxidase,PERM_HUMAN,,5.995e-15,0.45,48
Hypaphorine,Abrus precatorius,442106.0,[O-]C(=O)[C@@H]([N+](C)(C)C)Cc1c[nH]c2c1cccc2,SEA,HDAC11,,HDA11_HUMAN,,Histone deacetylase 11,HDA11_HUMAN,,7.105e-15,0.37,49
Hypaphorine,Abrus precatorius,442106.0,[O-]C(=O)[C@@H]([N+](C)(C)C)Cc1c[nH]c2c1cccc2,SEA,TACR2,,NK2R_HUMAN,,Substance-K receptor,NK2R_HUMAN,,9.659e-15,0.34,50
Hypaphorine,Abrus precatorius,442106.0,[O-]C(=O)[C@@H]([N+](C)(C)C)Cc1c[nH]c2c1cccc2,SEA,PSMB8,,PSB8_HUMAN,,Proteasome subunit beta type-8,PSB8_HUMAN,,2.287e-14,0.32,51
Hypaphorine,Abrus precatorius,442106.0,[O-]C(=O)[C@@H]([N+](C)(C)C)Cc1c[nH]c2c1cccc2,SEA,RAD51,,RAD51_HUMAN,,DNA repair protein RAD51 homolog 1,RAD51_HUMAN,,6.373e-14,0.43,52
Hypaphorine,Abrus precatorius,442106.0,[O-]C(=O)[C@@H]([N+](C)(C)C)Cc1c[nH]c2c1cccc2,SEA,AHR,,AHR_HUMAN,,Aryl hydrocarbon receptor,AHR_HUMAN,,1.11e-13,0.37,53
Hypaphorine,Abrus precatorius,442106.0,[O-]C(=O)[C@@H]([N+](C)(C)C)Cc1c[nH]c2c1cccc2,SEA,HGFAC,,HGFA_HUMAN,,Hepatocyte growth factor activator,HGFA_HUMAN,,2.413e-13,0.31,54
Hypaphorine,Abrus precatorius,442106.0,[O-]C(=O)[C@@H]([N+](C)(C)C)Cc1c[nH]c2c1cccc2,SEA,EDNRB,,EDNRB_HUMAN,,Endothelin receptor type B,EDNRB_HUMAN,,1.754e-12,0.39,55
Hypaphorine,Abrus precatorius,442106.0,[O-]C(=O)[C@@H]([N+](C)(C)C)Cc1c[nH]c2c1cccc2,SEA,GPR84,,GPR84_HUMAN,,G-protein coupled receptor 84,GPR84_HUMAN,,2.068e-12,0.46,56
Hypaphorine,Abrus precatorius,442106.0,[O-]C(=O)[C@@H]([N+](C)(C)C)Cc1c[nH]c2c1cccc2,SEA,MME,,NEP_HUMAN,,Neprilysin,NEP_HUMAN,,2.721e-12,0.42,57
Hypaphorine,Abrus precatorius,442106.0,[O-]C(=O)[C@@H]([N+](C)(C)C)Cc1c[nH]c2c1cccc2,SEA,PPIB,,PPIB_HUMAN,,Peptidyl-prolyl cis-trans isomerase B,PPIB_HUMAN,,3.533e-12,0.33,58
Hypaphorine,Abrus precatorius,442106.0,[O-]C(=O)[C@@H]([N+](C)(C)C)Cc1c[nH]c2c1cccc2,SEA,ACHE,,ACES_HUMAN,,Acetylcholinesterase,ACES_HUMAN,,5.163e-12,0.39,59
Hypaphorine,Abrus precatorius,442106.0,[O-]C(=O)[C@@H]([N+](C)(C)C)Cc1c[nH]c2c1cccc2,SEA,AKT3,,AKT3_HUMAN,,RAC-gamma serine/threonine-protein kinase,AKT3_HUMAN,,6.241e-12,0.36,60
Hypaphorine,Abrus precatorius,442106.0,[O-]C(=O)[C@@H]([N+](C)(C)C)Cc1c[nH]c2c1cccc2,SEA,CTSB,,CATB_HUMAN,,Cathepsin B,CATB_HUMAN,,1.927e-11,0.45,61
Hypaphorine,Abrus precatorius,442106.0,[O-]C(=O)[C@@H]([N+](C)(C)C)Cc1c[nH]c2c1cccc2,SEA,HDAC8,,HDAC8_HUMAN,,Histone deacetylase 8,HDAC8_HUMAN,,3.087e-11,0.37,62
Hypaphorine,Abrus precatorius,442106.0,[O-]C(=O)[C@@H]([N+](C)(C)C)Cc1c[nH]c2c1cccc2,SEA,NR3C1,,GCR_HUMAN,,Glucocorticoid receptor,GCR_HUMAN,,4.268e-11,0.47,63
Hypaphorine,Abrus precatorius,442106.0,[O-]C(=O)[C@@H]([N+](C)(C)C)Cc1c[nH]c2c1cccc2,SEA,DRD4,,DRD4_HUMAN,,D(4) dopamine receptor,DRD4_HUMAN,,4.938e-11,0.40,64
Hypaphorine,Abrus precatorius,442106.0,[O-]C(=O)[C@@H]([N+](C)(C)C)Cc1c[nH]c2c1cccc2,SEA,MMP25,,MMP25_HUMAN,,Matrix metalloproteinase-25,MMP25_HUMAN,,5.853e-11,0.35,65
Hypaphorine,Abrus precatorius,442106.0,[O-]C(=O)[C@@H]([N+](C)(C)C)Cc1c[nH]c2c1cccc2,SEA,MMP26,,MMP26_HUMAN,,Matrix metalloproteinase-26,MMP26_HUMAN,,3.229e-10,0.41,66
Hypaphorine,Abrus precatorius,442106.0,[O-]C(=O)[C@@H]([N+](C)(C)C)Cc1c[nH]c2c1cccc2,SEA,KIF20A,,KI20A_HUMAN,,Kinesin-like protein KIF20A,KI20A_HUMAN,,7.541e-10,0.29,67
Hypaphorine,Abrus precatorius,442106.0,[O-]C(=O)[C@@H]([N+](C)(C)C)Cc1c[nH]c2c1cccc2,SEA,CASP10,,CASPA_HUMAN,,Caspase-10,CASPA_HUMAN,,1.072e-09,0.28,68
Hypaphorine,Abrus precatorius,442106.0,[O-]C(=O)[C@@H]([N+](C)(C)C)Cc1c[nH]c2c1cccc2,SEA,PRKCG,,KPCG_HUMAN,,Protein kinase C gamma type,KPCG_HUMAN,,1.119e-09,0.32,69
Hypaphorine,Abrus precatorius,442106.0,[O-]C(=O)[C@@H]([N+](C)(C)C)Cc1c[nH]c2c1cccc2,SEA,HDAC10,,HDA10_HUMAN,,Polyamine deacetylase HDAC10,HDA10_HUMAN,,1.437e-09,0.37,70
Hypaphorine,Abrus precatorius,442106.0,[O-]C(=O)[C@@H]([N+](C)(C)C)Cc1c[nH]c2c1cccc2,SEA,HTR1B,,5HT1B_HUMAN,,5-hydroxytryptamine receptor 1B,5HT1B_HUMAN,,2.006e-09,0.52,71
Hypaphorine,Abrus precatorius,442106.0,[O-]C(=O)[C@@H]([N+](C)(C)C)Cc1c[nH]c2c1cccc2,SEA,HTR1D,,5HT1D_HUMAN,,5-hydroxytryptamine receptor 1D,5HT1D_HUMAN,,2.235e-09,0.52,72
Hypaphorine,Abrus precatorius,442106.0,[O-]C(=O)[C@@H]([N+](C)(C)C)Cc1c[nH]c2c1cccc2,SEA,NR3C2,,MCR_HUMAN,,Mineralocorticoid receptor,MCR_HUMAN,,2.884e-09,0.44,73
Hypaphorine,Abrus precatorius,442106.0,[O-]C(=O)[C@@H]([N+](C)(C)C)Cc1c[nH]c2c1cccc2,SEA,MMP3,,MMP3_HUMAN,,Stromelysin-1,MMP3_HUMAN,,4.41e-09,0.46,74
Hypaphorine,Abrus precatorius,442106.0,[O-]C(=O)[C@@H]([N+](C)(C)C)Cc1c[nH]c2c1cccc2,SEA,EPHA7,,EPHA7_HUMAN,,Ephrin type-A receptor 7,EPHA7_HUMAN,,5.116e-09,0.30,75
Hypaphorine,Abrus precatorius,442106.0,[O-]C(=O)[C@@H]([N+](C)(C)C)Cc1c[nH]c2c1cccc2,SEA,HDAC6,,HDAC6_HUMAN,,Histone deacetylase 6,HDAC6_HUMAN,,6.916e-09,0.39,76
Hypaphorine,Abrus precatorius,442106.0,[O-]C(=O)[C@@H]([N+](C)(C)C)Cc1c[nH]c2c1cccc2,SEA,EPHA5,,EPHA5_HUMAN,,Ephrin type-A receptor 5,EPHA5_HUMAN,,7.964e-09,0.30,77
Hypaphorine,Abrus precatorius,442106.0,[O-]C(=O)[C@@H]([N+](C)(C)C)Cc1c[nH]c2c1cccc2,SEA,C3AR1,,C3AR_HUMAN,,C3a anaphylatoxin chemotactic receptor,C3AR_HUMAN,,9.55e-09,0.33,78
Hypaphorine,Abrus precatorius,442106.0,[O-]C(=O)[C@@H]([N+](C)(C)C)Cc1c[nH]c2c1cccc2,SEA,EPHA8,,EPHA8_HUMAN,,Ephrin type-A receptor 8,EPHA8_HUMAN,,1.798e-08,0.30,79
Hypaphorine,Abrus precatorius,442106.0,[O-]C(=O)[C@@H]([N+](C)(C)C)Cc1c[nH]c2c1cccc2,SEA,EPHB3,,EPHB3_HUMAN,,Ephrin type-B receptor 3,EPHB3_HUMAN,,1.798e-08,0.30,80
Hypaphorine,Abrus precatorius,442106.0,[O-]C(=O)[C@@H]([N+](C)(C)C)Cc1c[nH]c2c1cccc2,SEA,OPRM1,,OPRM_HUMAN,,Mu-type opioid receptor,OPRM_HUMAN,,1.831e-08,0.43,81
Hypaphorine,Abrus precatorius,442106.0,[O-]C(=O)[C@@H]([N+](C)(C)C)Cc1c[nH]c2c1cccc2,SEA,P4HB,,PDIA1_HUMAN,,Protein disulfide-isomerase,PDIA1_HUMAN,,1.87e-08,0.38,82
Hypaphorine,Abrus precatorius,442106.0,[O-]C(=O)[C@@H]([N+](C)(C)C)Cc1c[nH]c2c1cccc2,SEA,MMP17,,MMP17_HUMAN,,Matrix metalloproteinase-17,MMP17_HUMAN,,2.223e-08,0.41,83
Hypaphorine,Abrus precatorius,442106.0,[O-]C(=O)[C@@H]([N+](C)(C)C)Cc1c[nH]c2c1cccc2,SEA,GABRB1,,GBRB1_HUMAN,,Gamma-aminobutyric acid receptor subunit beta-1,GBRB1_HUMAN,,2.287e-08,0.30,84
Hypaphorine,Abrus precatorius,442106.0,[O-]C(=O)[C@@H]([N+](C)(C)C)Cc1c[nH]c2c1cccc2,SEA,HTR1E,,5HT1E_HUMAN,,5-hydroxytryptamine receptor 1E,5HT1E_HUMAN,,2.582e-08,0.52,85
Hypaphorine,Abrus precatorius,442106.0,[O-]C(=O)[C@@H]([N+](C)(C)C)Cc1c[nH]c2c1cccc2,SEA,IDE,,IDE_HUMAN,,Insulin-degrading enzyme,IDE_HUMAN,,3.101e-08,0.30,86
Hypaphorine,Abrus precatorius,442106.0,[O-]C(=O)[C@@H]([N+](C)(C)C)Cc1c[nH]c2c1cccc2,SEA,HPN,,HEPS_HUMAN,,Serine protease hepsin,HEPS_HUMAN,,3.188e-08,0.31,87
Hypaphorine,Abrus precatorius,442106.0,[O-]C(=O)[C@@H]([N+](C)(C)C)Cc1c[nH]c2c1cccc2,SEA,DRD3,,DRD3_HUMAN,,D(3) dopamine receptor,DRD3_HUMAN,,3.536e-08,0.40,88
Hypaphorine,Abrus precatorius,442106.0,[O-]C(=O)[C@@H]([N+](C)(C)C)Cc1c[nH]c2c1cccc2,SEA,EPHA4,,EPHA4_HUMAN,,Ephrin type-A receptor 4,EPHA4_HUMAN,,3.741e-08,0.30,89
Hypaphorine,Abrus precatorius,442106.0,[O-]C(=O)[C@@H]([N+](C)(C)C)Cc1c[nH]c2c1cccc2,SEA,MMP15,,MMP15_HUMAN,,Matrix metalloproteinase-15,MMP15_HUMAN,,4.14e-08,0.41,90
Hypaphorine,Abrus precatorius,442106.0,[O-]C(=O)[C@@H]([N+](C)(C)C)Cc1c[nH]c2c1cccc2,SEA,DRD2,,DRD2_HUMAN,,D(2) dopamine receptor,DRD2_HUMAN,,4.869e-08,0.40,91
Hypaphorine,Abrus precatorius,442106.0,[O-]C(=O)[C@@H]([N+](C)(C)C)Cc1c[nH]c2c1cccc2,SEA,ADCY5,,ADCY5_HUMAN,,Adenylate cyclase type 5,ADCY5_HUMAN,,7.544e-08,0.34,92
Hypaphorine,Abrus precatorius,442106.0,[O-]C(=O)[C@@H]([N+](C)(C)C)Cc1c[nH]c2c1cccc2,SEA,HDAC9,,HDAC9_HUMAN,,Histone deacetylase 9,HDAC9_HUMAN,,7.788e-08,0.37,93
Hypaphorine,Abrus precatorius,442106.0,[O-]C(=O)[C@@H]([N+](C)(C)C)Cc1c[nH]c2c1cccc2,SEA,PRKD2,,KPCD2_HUMAN,,Serine/threonine-protein kinase D2,KPCD2_HUMAN,,9.65e-08,0.36,94
Hypaphorine,Abrus precatorius,442106.0,[O-]C(=O)[C@@H]([N+](C)(C)C)Cc1c[nH]c2c1cccc2,SEA,EPHA1,,EPHA1_HUMAN,,Ephrin type-A receptor 1,EPHA1_HUMAN,,9.897e-08,0.30,95
Hypaphorine,Abrus precatorius,442106.0,[O-]C(=O)[C@@H]([N+](C)(C)C)Cc1c[nH]c2c1cccc2,SEA,EPHB1,,EPHB1_HUMAN,,Ephrin type-B receptor 1,EPHB1_HUMAN,,9.897e-08,0.30,96
Hypaphorine,Abrus precatorius,442106.0,[O-]C(=O)[C@@H]([N+](C)(C)C)Cc1c[nH]c2c1cccc2,SEA,FPR2,,FPR2_HUMAN,,N-formyl peptide receptor 2,FPR2_HUMAN,,1.021e-07,0.35,97
Hypaphorine,Abrus precatorius,442106.0,[O-]C(=O)[C@@H]([N+](C)(C)C)Cc1c[nH]c2c1cccc2,SEA,HDAC5,,HDAC5_HUMAN,,Histone deacetylase 5,HDAC5_HUMAN,,1.266e-07,0.37,98
Hypaphorine,Abrus precatorius,442106.0,[O-]C(=O)[C@@H]([N+](C)(C)C)Cc1c[nH]c2c1cccc2,SEA,EPHA6,,EPHA6_HUMAN,,Ephrin type-A receptor 6,EPHA6_HUMAN,,1.33e-07,0.30,99
Hypaphorine,Abrus precatorius,442106.0,[O-]C(=O)[C@@H]([N+](C)(C)C)Cc1c[nH]c2c1cccc2,SEA,HDAC7,,HDAC7_HUMAN,,Histone deacetylase 7,HDAC7_HUMAN,,1.524e-07,0.37,100
Hypaphorine,Abrus precatorius,442106.0,[O-]C(=O)[C@@H]([N+](C)(C)C)Cc1c[nH]c2c1cccc2,SEA,EPHB2,,EPHB2_HUMAN,,Ephrin type-B receptor 2,EPHB2_HUMAN,,1.764e-07,0.30,101
Hypaphorine,Abrus precatorius,442106.0,[O-]C(=O)[C@@H]([N+](C)(C)C)Cc1c[nH]c2c1cccc2,SEA,FPR1,,FPR1_HUMAN,,fMet-Leu-Phe receptor,FPR1_HUMAN,,1.896e-07,0.38,102
Hypaphorine,Abrus precatorius,442106.0,[O-]C(=O)[C@@H]([N+](C)(C)C)Cc1c[nH]c2c1cccc2,SEA,CBX7,,CBX7_HUMAN,,Chromobox protein homolog 7,CBX7_HUMAN,,2.899e-07,0.37,103
Hypaphorine,Abrus precatorius,442106.0,[O-]C(=O)[C@@H]([N+](C)(C)C)Cc1c[nH]c2c1cccc2,SEA,IMPDH1,,IMDH1_HUMAN,,Inosine-5'-monophosphate dehydrogenase 1,IMDH1_HUMAN,,3.086e-07,0.34,104
Hypaphorine,Abrus precatorius,442106.0,[O-]C(=O)[C@@H]([N+](C)(C)C)Cc1c[nH]c2c1cccc2,SEA,HTR2B,,5HT2B_HUMAN,,5-hydroxytryptamine receptor 2B,5HT2B_HUMAN,,5.172e-07,0.52,105
Hypaphorine,Abrus precatorius,442106.0,[O-]C(=O)[C@@H]([N+](C)(C)C)Cc1c[nH]c2c1cccc2,SEA,PSMB9,,PSB9_HUMAN,,Proteasome subunit beta type-9,PSB9_HUMAN,,5.183e-07,0.31,106
Hypaphorine,Abrus precatorius,442106.0,[O-]C(=O)[C@@H]([N+](C)(C)C)Cc1c[nH]c2c1cccc2,SEA,EPHB6,,EPHB6_HUMAN,,Ephrin type-B receptor 6,EPHB6_HUMAN,,6.158e-07,0.30,107
Hypaphorine,Abrus precatorius,442106.0,[O-]C(=O)[C@@H]([N+](C)(C)C)Cc1c[nH]c2c1cccc2,SEA,OPRD1,,OPRD_HUMAN,,Delta-type opioid receptor,OPRD_HUMAN,,8.784e-07,0.43,108
Hypaphorine,Abrus precatorius,442106.0,[O-]C(=O)[C@@H]([N+](C)(C)C)Cc1c[nH]c2c1cccc2,SEA,GABRB2,,GBRB2_HUMAN,,Gamma-aminobutyric acid receptor subunit beta-2,GBRB2_HUMAN,,9.069e-07,0.37,109
Hypaphorine,Abrus precatorius,442106.0,[O-]C(=O)[C@@H]([N+](C)(C)C)Cc1c[nH]c2c1cccc2,SEA,CDC42BPA,,MRCKA_HUMAN,,Serine/threonine-protein kinase MRCK alpha,MRCKA_HUMAN,,9.497e-07,0.32,110
Hypaphorine,Abrus precatorius,442106.0,[O-]C(=O)[C@@H]([N+](C)(C)C)Cc1c[nH]c2c1cccc2,SEA,SGK2,,SGK2_HUMAN,,Serine/threonine-protein kinase Sgk2,SGK2_HUMAN,,9.497e-07,0.32,111
Hypaphorine,Abrus precatorius,442106.0,[O-]C(=O)[C@@H]([N+](C)(C)C)Cc1c[nH]c2c1cccc2,SEA,DYRK3,,DYRK3_HUMAN,,Dual specificity tyrosine-phosphorylation-regulated kinase 3,DYRK3_HUMAN,,1.111e-06,0.36,112
Hypaphorine,Abrus precatorius,442106.0,[O-]C(=O)[C@@H]([N+](C)(C)C)Cc1c[nH]c2c1cccc2,SEA,KCNA5,,KCNA5_HUMAN,,Potassium voltage-gated channel subfamily A member 5,KCNA5_HUMAN,,1.133e-06,0.46,113
Hypaphorine,Abrus precatorius,442106.0,[O-]C(=O)[C@@H]([N+](C)(C)C)Cc1c[nH]c2c1cccc2,SEA,PRKG2,,KGP2_HUMAN,,cGMP-dependent protein kinase 2,KGP2_HUMAN,,1.222e-06,0.31,114
Hypaphorine,Abrus precatorius,442106.0,[O-]C(=O)[C@@H]([N+](C)(C)C)Cc1c[nH]c2c1cccc2,SEA,HTR1A,,5HT1A_HUMAN,,5-hydroxytryptamine receptor 1A,5HT1A_HUMAN,,1.382e-06,0.52,115
Hypaphorine,Abrus precatorius,442106.0,[O-]C(=O)[C@@H]([N+](C)(C)C)Cc1c[nH]c2c1cccc2,SEA,HTR2A,,5HT2A_HUMAN,,5-hydroxytryptamine receptor 2A,5HT2A_HUMAN,,1.399e-06,0.52,116
Hypaphorine,Abrus precatorius,442106.0,[O-]C(=O)[C@@H]([N+](C)(C)C)Cc1c[nH]c2c1cccc2,SEA,HTR2C,,5HT2C_HUMAN,,5-hydroxytryptamine receptor 2C,5HT2C_HUMAN,,1.471e-06,0.52,117
Hypaphorine,Abrus precatorius,442106.0,[O-]C(=O)[C@@H]([N+](C)(C)C)Cc1c[nH]c2c1cccc2,SEA,BMP1,,BMP1_HUMAN,,Bone morphogenetic protein 1,BMP1_HUMAN,,1.504e-06,0.39,118
Hypaphorine,Abrus precatorius,442106.0,[O-]C(=O)[C@@H]([N+](C)(C)C)Cc1c[nH]c2c1cccc2,SEA,TMPRSS6,,TMPS6_HUMAN,,Transmembrane protease serine 6,TMPS6_HUMAN,,1.817e-06,0.31,119
Hypaphorine,Abrus precatorius,442106.0,[O-]C(=O)[C@@H]([N+](C)(C)C)Cc1c[nH]c2c1cccc2,SEA,EPHA3,,EPHA3_HUMAN,,Ephrin type-A receptor 3,EPHA3_HUMAN,,2.972e-06,0.30,120
Hypaphorine,Abrus precatorius,442106.0,[O-]C(=O)[C@@H]([N+](C)(C)C)Cc1c[nH]c2c1cccc2,SEA,MTNR1A,,MTR1A_HUMAN,,Melatonin receptor type 1A,MTR1A_HUMAN,,3.058e-06,0.42,121
Hypaphorine,Abrus precatorius,442106.0,[O-]C(=O)[C@@H]([N+](C)(C)C)Cc1c[nH]c2c1cccc2,SEA,TAOK3,,TAOK3_HUMAN,,Serine/threonine-protein kinase TAO3,TAOK3_HUMAN,,3.159e-06,0.34,122
Hypaphorine,Abrus precatorius,442106.0,[O-]C(=O)[C@@H]([N+](C)(C)C)Cc1c[nH]c2c1cccc2,SEA,STK3,,STK3_HUMAN,,Serine/threonine-protein kinase 3,STK3_HUMAN,,5.106e-06,0.36,123
Hypaphorine,Abrus precatorius,442106.0,[O-]C(=O)[C@@H]([N+](C)(C)C)Cc1c[nH]c2c1cccc2,SEA,IMPDH2,,IMDH2_HUMAN,,Inosine-5'-monophosphate dehydrogenase 2,IMDH2_HUMAN,,7.271e-06,0.34,124
Hypaphorine,Abrus precatorius,442106.0,[O-]C(=O)[C@@H]([N+](C)(C)C)Cc1c[nH]c2c1cccc2,SEA,ST14,,ST14_HUMAN,,Suppressor of tumorigenicity 14 protein,ST14_HUMAN,,8.367e-06,0.31,125
Hypaphorine,Abrus precatorius,442106.0,[O-]C(=O)[C@@H]([N+](C)(C)C)Cc1c[nH]c2c1cccc2,SEA,CASP5,,CASP5_HUMAN,,Caspase-5,CASP5_HUMAN,,8.684e-06,0.28,126
Hypaphorine,Abrus precatorius,442106.0,[O-]C(=O)[C@@H]([N+](C)(C)C)Cc1c[nH]c2c1cccc2,SwissTargetPrediction,Angiotensin-converting enzyme,ACE,P12821,CHEMBL1808,Protease,P12821,0.0807923867549,,,1
Hypaphorine,Abrus precatorius,442106.0,[O-]C(=O)[C@@H]([N+](C)(C)C)Cc1c[nH]c2c1cccc2,SwissTargetPrediction,Matrix metalloproteinase 3,MMP3,P08254,CHEMBL283,Protease,P08254,0.071715932485,,,2
Hypaphorine,Abrus precatorius,442106.0,[O-]C(=O)[C@@H]([N+](C)(C)C)Cc1c[nH]c2c1cccc2,SwissTargetPrediction,Serotonin 2b (5-HT2b) receptor,HTR2B,P41595,CHEMBL1833,Family A G protein-coupled receptor,P41595,0.071715932485,,,3
Hypaphorine,Abrus precatorius,442106.0,[O-]C(=O)[C@@H]([N+](C)(C)C)Cc1c[nH]c2c1cccc2,SwissTargetPrediction,Serotonin 1a (5-HT1a) receptor,HTR1A,P08908,CHEMBL214,Family A G protein-coupled receptor,P08908,0.071715932485,,,4
Hypaphorine,Abrus precatorius,442106.0,[O-]C(=O)[C@@H]([N+](C)(C)C)Cc1c[nH]c2c1cccc2,SwissTargetPrediction,Serotonin 2a (5-HT2a) receptor,HTR2A,P28223,CHEMBL224,Family A G protein-coupled receptor,P28223,0.071715932485,,,5
Hypaphorine,Abrus precatorius,442106.0,[O-]C(=O)[C@@H]([N+](C)(C)C)Cc1c[nH]c2c1cccc2,SwissTargetPrediction,Serotonin 2c (5-HT2c) receptor,HTR2C,P28335,CHEMBL225,Family A G protein-coupled receptor,P28335,0.071715932485,,,6
Hypaphorine,Abrus precatorius,442106.0,[O-]C(=O)[C@@H]([N+](C)(C)C)Cc1c[nH]c2c1cccc2,SwissTargetPrediction,Serotonin 7 (5-HT7) receptor,HTR7,P34969,CHEMBL3155,Family A G protein-coupled receptor,P34969,0.071715932485,,,7
Hypaphorine,Abrus precatorius,442106.0,[O-]C(=O)[C@@H]([N+](C)(C)C)Cc1c[nH]c2c1cccc2,SwissTargetPrediction,Neprilysin,MME,P08473,CHEMBL1944,Protease,P08473,0.0626219668353,,,8
Hypaphorine,Abrus precatorius,442106.0,[O-]C(=O)[C@@H]([N+](C)(C)C)Cc1c[nH]c2c1cccc2,SwissTargetPrediction,"Indoleamine 2,3-dioxygenase",IDO1,P14902,CHEMBL4685,Enzyme,P14902,0.0626219668353,,,9
Hypaphorine,Abrus precatorius,442106.0,[O-]C(=O)[C@@H]([N+](C)(C)C)Cc1c[nH]c2c1cccc2,SwissTargetPrediction,"Intercellular adhesion molecule (ICAM-1), Integrin alpha-L/beta-2",ITGAL ICAM1 ITGB2,P20701 P05362 P05107,CHEMBL2096661,Membrane receptor,P20701 P05362 P05107,0.0626219668353,,,10
Hypaphorine,Abrus precatorius,442106.0,[O-]C(=O)[C@@H]([N+](C)(C)C)Cc1c[nH]c2c1cccc2,SwissTargetPrediction,Endothelin-converting enzyme 1,ECE1,P42892,CHEMBL4791,Protease,P42892,0.0535560755162,,,11
Hypaphorine,Abrus precatorius,442106.0,[O-]C(=O)[C@@H]([N+](C)(C)C)Cc1c[nH]c2c1cccc2,SwissTargetPrediction,Neurokinin 1 receptor,TACR1,P25103,CHEMBL249,Family A G protein-coupled receptor,P25103,0.0535560755162,,,12
Hypaphorine,Abrus precatorius,442106.0,[O-]C(=O)[C@@H]([N+](C)(C)C)Cc1c[nH]c2c1cccc2,SwissTargetPrediction,Serotonin transporter,SLC6A4,P31645,CHEMBL228,Electrochemical transporter,P31645,0.0535560755162,,,13
Hypaphorine,Abrus precatorius,442106.0,[O-]C(=O)[C@@H]([N+](C)(C)C)Cc1c[nH]c2c1cccc2,SwissTargetPrediction,Endoplasmic reticulum aminopeptidase 2,ERAP2,Q6P179,CHEMBL5043,Protease,Q6P179,0.0535560755162,,,14
Hypaphorine,Abrus precatorius,442106.0,[O-]C(=O)[C@@H]([N+](C)(C)C)Cc1c[nH]c2c1cccc2,SwissTargetPrediction,Ephrin type-A receptor 2,EPHA2,P29317,CHEMBL2068,Kinase,P29317,0.0535560755162,,,15
L-Abrine,Abrus precatorius,160511.0,CN[C@@H](Cc1c[nH]c2ccccc12)C(=O)O,PPB3,SLC16A10 protein,,,,DNN(ECFP4+MHFP6),Homo sapiens,0.99,,,1
L-Abrine,Abrus precatorius,160511.0,CN[C@@H](Cc1c[nH]c2ccccc12)C(=O)O,PPB3,Solute carrier organic anion transporter family member 1B1,,,,DNN(ECFP4+MHFP6),Homo sapiens,0.99,,,2
L-Abrine,Abrus precatorius,160511.0,CN[C@@H](Cc1c[nH]c2ccccc12)C(=O)O,PPB3,Solute carrier organic anion transporter family member 1B3,,,,DNN(ECFP4+MHFP6),Homo sapiens,0.99,,,3
L-Abrine,Abrus precatorius,160511.0,CN[C@@H](Cc1c[nH]c2ccccc12)C(=O)O,PPB3,Prelamin-A/C,,,,DNN(ECFP4+MHFP6),Homo sapiens,0.12,,,4
L-Abrine,Abrus precatorius,160511.0,CN[C@@H](Cc1c[nH]c2ccccc12)C(=O)O,PPB3,Microtubule-associated protein tau,,,,DNN(ECFP4+MHFP6),Homo sapiens,0.11,,,5
L-Abrine,Abrus precatorius,160511.0,CN[C@@H](Cc1c[nH]c2ccccc12)C(=O)O,PPB3,Tyrosyl-DNA phosphodiesterase 1,,,,DNN(ECFP4+MHFP6),Homo sapiens,0.07,,,6
L-Abrine,Abrus precatorius,160511.0,CN[C@@H](Cc1c[nH]c2ccccc12)C(=O)O,PPB3,Menin/Histone-lysine N-methyltransferase MLL,,,,DNN(ECFP4+MHFP6),Homo sapiens,0.07,,,7
L-Abrine,Abrus precatorius,160511.0,CN[C@@H](Cc1c[nH]c2ccccc12)C(=O)O,PPB3,ATP-dependent DNA helicase Q1,,,,DNN(ECFP4+MHFP6),Homo sapiens,0.04,,,8
L-Abrine,Abrus precatorius,160511.0,CN[C@@H](Cc1c[nH]c2ccccc12)C(=O)O,PPB3,Thyroid stimulating hormone receptor,,,,DNN(ECFP4+MHFP6),Homo sapiens,0.04,,,9
L-Abrine,Abrus precatorius,160511.0,CN[C@@H](Cc1c[nH]c2ccccc12)C(=O)O,PPB3,Cytochrome P450 1A2,,,,DNN(ECFP4+MHFP6),Homo sapiens,0.02,,,10
L-Abrine,Abrus precatorius,160511.0,CN[C@@H](Cc1c[nH]c2ccccc12)C(=O)O,PPB3,Keap1/Nrf2,,,,DNN(ECFP4+MHFP6),Homo sapiens,0.02,,,11
L-Abrine,Abrus precatorius,160511.0,CN[C@@H](Cc1c[nH]c2ccccc12)C(=O)O,PPB3,MAP kinase ERK2,,,,DNN(ECFP4+MHFP6),Homo sapiens,0.02,,,12
L-Abrine,Abrus precatorius,160511.0,CN[C@@H](Cc1c[nH]c2ccccc12)C(=O)O,PPB3,Ubiquitin carboxyl-terminal hydrolase 2,,,,DNN(ECFP4+MHFP6),Homo sapiens,0.02,,,13
L-Abrine,Abrus precatorius,160511.0,CN[C@@H](Cc1c[nH]c2ccccc12)C(=O)O,PPB3,SLC16A10 protein,,,,DNN(ECFP4),Homo sapiens,1.0,,,14
L-Abrine,Abrus precatorius,160511.0,CN[C@@H](Cc1c[nH]c2ccccc12)C(=O)O,PPB3,Solute carrier organic anion transporter family member 1B3,,,,DNN(ECFP4),Homo sapiens,0.78,,,15
L-Abrine,Abrus precatorius,160511.0,CN[C@@H](Cc1c[nH]c2ccccc12)C(=O)O,PPB3,Solute carrier organic anion transporter family member 1B1,,,,DNN(ECFP4),Homo sapiens,0.75,,,16
L-Abrine,Abrus precatorius,160511.0,CN[C@@H](Cc1c[nH]c2ccccc12)C(=O)O,PPB3,Prelamin-A/C,,,,DNN(ECFP4),Homo sapiens,0.16,,,17
L-Abrine,Abrus precatorius,160511.0,CN[C@@H](Cc1c[nH]c2ccccc12)C(=O)O,PPB3,Thyroid stimulating hormone receptor,,,,DNN(ECFP4),Homo sapiens,0.13,,,18
L-Abrine,Abrus precatorius,160511.0,CN[C@@H](Cc1c[nH]c2ccccc12)C(=O)O,PPB3,Carbonic anhydrase VI,,,,DNN(ECFP4),Homo sapiens,0.08,,,19
L-Abrine,Abrus precatorius,160511.0,CN[C@@H](Cc1c[nH]c2ccccc12)C(=O)O,PPB3,Arachidonate 15-lipoxygenase,,,,DNN(ECFP4),Homo sapiens,0.06,,,20
L-Abrine,Abrus precatorius,160511.0,CN[C@@H](Cc1c[nH]c2ccccc12)C(=O)O,PPB3,MAP kinase ERK2,,,,DNN(ECFP4),Homo sapiens,0.06,,,21
L-Abrine,Abrus precatorius,160511.0,CN[C@@H](Cc1c[nH]c2ccccc12)C(=O)O,PPB3,Aldehyde dehydrogenase 1A1,,,,DNN(ECFP4),Homo sapiens,0.05,,,22
L-Abrine,Abrus precatorius,160511.0,CN[C@@H](Cc1c[nH]c2ccccc12)C(=O)O,PPB3,Carbonic anhydrase VB,,,,DNN(ECFP4),Homo sapiens,0.05,,,23
L-Abrine,Abrus precatorius,160511.0,CN[C@@H](Cc1c[nH]c2ccccc12)C(=O)O,PPB3,Homo sapiens,,,,DNN(ECFP4),Homo sapiens,0.04,,,24
L-Abrine,Abrus precatorius,160511.0,CN[C@@H](Cc1c[nH]c2ccccc12)C(=O)O,PPB3,Carbonic anhydrase VA,,,,DNN(ECFP4),Homo sapiens,0.04,,,25
L-Abrine,Abrus precatorius,160511.0,CN[C@@H](Cc1c[nH]c2ccccc12)C(=O)O,PPB3,Endoplasmic reticulum-associated amyloid beta-peptide-binding protein,,,,DNN(ECFP4),Homo sapiens,0.04,,,26
L-Abrine,Abrus precatorius,160511.0,CN[C@@H](Cc1c[nH]c2ccccc12)C(=O)O,PPB3,Survival motor neuron protein,,,,DNN(ECFP4),Homo sapiens,0.04,,,27
L-Abrine,Abrus precatorius,160511.0,CN[C@@H](Cc1c[nH]c2ccccc12)C(=O)O,PPB3,SLC16A10 protein,,,,DNN(RDKit),Homo sapiens,0.98,,,28
L-Abrine,Abrus precatorius,160511.0,CN[C@@H](Cc1c[nH]c2ccccc12)C(=O)O,PPB3,Thyroid stimulating hormone receptor,,,,DNN(RDKit),Homo sapiens,0.13,,,29
L-Abrine,Abrus precatorius,160511.0,CN[C@@H](Cc1c[nH]c2ccccc12)C(=O)O,PPB3,Cytochrome P450 1A2,,,,DNN(RDKit),Homo sapiens,0.12,,,30
L-Abrine,Abrus precatorius,160511.0,CN[C@@H](Cc1c[nH]c2ccccc12)C(=O)O,PPB3,Solute carrier organic anion transporter family member 1B3,,,,DNN(RDKit),Homo sapiens,0.12,,,31
L-Abrine,Abrus precatorius,160511.0,CN[C@@H](Cc1c[nH]c2ccccc12)C(=O)O,PPB3,Cytochrome P450 2C19,,,,DNN(RDKit),Homo sapiens,0.12,,,32
L-Abrine,Abrus precatorius,160511.0,CN[C@@H](Cc1c[nH]c2ccccc12)C(=O)O,PPB3,Prelamin-A/C,,,,DNN(RDKit),Homo sapiens,0.07,,,33
L-Abrine,Abrus precatorius,160511.0,CN[C@@H](Cc1c[nH]c2ccccc12)C(=O)O,PPB3,Solute carrier organic anion transporter family member 1B1,,,,DNN(RDKit),Homo sapiens,0.07,,,34
L-Abrine,Abrus precatorius,160511.0,CN[C@@H](Cc1c[nH]c2ccccc12)C(=O)O,PPB3,Cytochrome P450 2D6,,,,DNN(RDKit),Homo sapiens,0.06,,,35
L-Abrine,Abrus precatorius,160511.0,CN[C@@H](Cc1c[nH]c2ccccc12)C(=O)O,PPB3,Carbonic anhydrase IV,,,,DNN(RDKit),Homo sapiens,0.04,,,36
L-Abrine,Abrus precatorius,160511.0,CN[C@@H](Cc1c[nH]c2ccccc12)C(=O)O,PPB3,L-type amino acid transporter 1,,,,DNN(RDKit),Homo sapiens,0.04,,,37
L-Abrine,Abrus precatorius,160511.0,CN[C@@H](Cc1c[nH]c2ccccc12)C(=O)O,PPB3,Survival motor neuron protein,,,,DNN(RDKit),Homo sapiens,0.03,,,38
L-Abrine,Abrus precatorius,160511.0,CN[C@@H](Cc1c[nH]c2ccccc12)C(=O)O,PPB3,Cytochrome P450 3A4,,,,DNN(RDKit),Homo sapiens,0.03,,,39
L-Abrine,Abrus precatorius,160511.0,CN[C@@H](Cc1c[nH]c2ccccc12)C(=O)O,PPB3,Microtubule-associated protein tau,,,,DNN(RDKit),Homo sapiens,0.03,,,40
L-Abrine,Abrus precatorius,160511.0,CN[C@@H](Cc1c[nH]c2ccccc12)C(=O)O,PPB3,Aldehyde dehydrogenase 1A1,,,,DNN(RDKit),Homo sapiens,0.02,,,41
L-Abrine,Abrus precatorius,160511.0,CN[C@@H](Cc1c[nH]c2ccccc12)C(=O)O,PPB3,Menin/Histone-lysine N-methyltransferase MLL,,,,DNN(RDKit),Homo sapiens,0.02,,,42
L-Abrine,Abrus precatorius,160511.0,CN[C@@H](Cc1c[nH]c2ccccc12)C(=O)O,PPB3,Cytochrome P450 2C9,,,,DNN(RDKit),Homo sapiens,0.02,,,43
L-Abrine,Abrus precatorius,160511.0,CN[C@@H](Cc1c[nH]c2ccccc12)C(=O)O,PPB3,SLC16A10 protein,,,,DNN(Layered),Homo sapiens,0.88,,,44
L-Abrine,Abrus precatorius,160511.0,CN[C@@H](Cc1c[nH]c2ccccc12)C(=O)O,PPB3,Solute carrier organic anion transporter family member 1B3,,,,DNN(Layered),Homo sapiens,0.46,,,45
L-Abrine,Abrus precatorius,160511.0,CN[C@@H](Cc1c[nH]c2ccccc12)C(=O)O,PPB3,Solute carrier organic anion transporter family member 1B1,,,,DNN(Layered),Homo sapiens,0.42,,,46
L-Abrine,Abrus precatorius,160511.0,CN[C@@H](Cc1c[nH]c2ccccc12)C(=O)O,PPB3,Myeloperoxidase,,,,DNN(Layered),Homo sapiens,0.07,,,47
L-Abrine,Abrus precatorius,160511.0,CN[C@@H](Cc1c[nH]c2ccccc12)C(=O)O,PPB3,Prelamin-A/C,,,,DNN(Layered),Homo sapiens,0.07,,,48
L-Abrine,Abrus precatorius,160511.0,CN[C@@H](Cc1c[nH]c2ccccc12)C(=O)O,PPB3,Nuclear factor NF-kappa-B p105 subunit,,,,DNN(Layered),Homo sapiens,0.07,,,49
L-Abrine,Abrus precatorius,160511.0,CN[C@@H](Cc1c[nH]c2ccccc12)C(=O)O,PPB3,Survival motor neuron protein,,,,DNN(Layered),Homo sapiens,0.06,,,50
L-Abrine,Abrus precatorius,160511.0,CN[C@@H](Cc1c[nH]c2ccccc12)C(=O)O,PPB3,Cytochrome P450 2C19,,,,DNN(Layered),Homo sapiens,0.05,,,51
L-Abrine,Abrus precatorius,160511.0,CN[C@@H](Cc1c[nH]c2ccccc12)C(=O)O,PPB3,Aldehyde dehydrogenase 1A1,,,,DNN(Layered),Homo sapiens,0.05,,,52
L-Abrine,Abrus precatorius,160511.0,CN[C@@H](Cc1c[nH]c2ccccc12)C(=O)O,PPB3,Menin/Histone-lysine N-methyltransferase MLL,,,,DNN(Layered),Homo sapiens,0.05,,,53
L-Abrine,Abrus precatorius,160511.0,CN[C@@H](Cc1c[nH]c2ccccc12)C(=O)O,PPB3,Tyrosyl-DNA phosphodiesterase 1,,,,DNN(Layered),Homo sapiens,0.04,,,54
L-Abrine,Abrus precatorius,160511.0,CN[C@@H](Cc1c[nH]c2ccccc12)C(=O)O,PPB3,Bloom syndrome protein,,,,DNN(Layered),Homo sapiens,0.04,,,55
L-Abrine,Abrus precatorius,160511.0,CN[C@@H](Cc1c[nH]c2ccccc12)C(=O)O,PPB3,Thyroid stimulating hormone receptor,,,,DNN(Layered),Homo sapiens,0.04,,,56
L-Abrine,Abrus precatorius,160511.0,CN[C@@H](Cc1c[nH]c2ccccc12)C(=O)O,PPB3,Pyruvate kinase isozymes M1/M2,,,,DNN(Layered),Homo sapiens,0.04,,,57
L-Abrine,Abrus precatorius,160511.0,CN[C@@H](Cc1c[nH]c2ccccc12)C(=O)O,PPB3,Huntingtin,,,,DNN(Layered),Homo sapiens,0.04,,,58
L-Abrine,Abrus precatorius,160511.0,CN[C@@H](Cc1c[nH]c2ccccc12)C(=O)O,PPB3,SLC16A10 protein,,,,DNN(MHFP6),Homo sapiens,0.99,,,59
L-Abrine,Abrus precatorius,160511.0,CN[C@@H](Cc1c[nH]c2ccccc12)C(=O)O,PPB3,Solute carrier organic anion transporter family member 1B3,,,,DNN(MHFP6),Homo sapiens,0.95,,,60
L-Abrine,Abrus precatorius,160511.0,CN[C@@H](Cc1c[nH]c2ccccc12)C(=O)O,PPB3,Solute carrier organic anion transporter family member 1B1,,,,DNN(MHFP6),Homo sapiens,0.93,,,61
L-Abrine,Abrus precatorius,160511.0,CN[C@@H](Cc1c[nH]c2ccccc12)C(=O)O,PPB3,Prelamin-A/C,,,,DNN(MHFP6),Homo sapiens,0.11,,,62
L-Abrine,Abrus precatorius,160511.0,CN[C@@H](Cc1c[nH]c2ccccc12)C(=O)O,PPB3,Angiotensin-converting enzyme,,,,DNN(MHFP6),Homo sapiens,0.1,,,63
L-Abrine,Abrus precatorius,160511.0,CN[C@@H](Cc1c[nH]c2ccccc12)C(=O)O,PPB3,Thyroid stimulating hormone receptor,,,,DNN(MHFP6),Homo sapiens,0.09,,,64
L-Abrine,Abrus precatorius,160511.0,CN[C@@H](Cc1c[nH]c2ccccc12)C(=O)O,PPB3,Cytochrome P450 2C19,,,,DNN(MHFP6),Homo sapiens,0.08,,,65
L-Abrine,Abrus precatorius,160511.0,CN[C@@H](Cc1c[nH]c2ccccc12)C(=O)O,PPB3,Aldehyde dehydrogenase 1A1,,,,DNN(MHFP6),Homo sapiens,0.05,,,66
L-Abrine,Abrus precatorius,160511.0,CN[C@@H](Cc1c[nH]c2ccccc12)C(=O)O,PPB3,15-hydroxyprostaglandin dehydrogenase [NAD+],,,,DNN(MHFP6),Homo sapiens,0.05,,,67
L-Abrine,Abrus precatorius,160511.0,CN[C@@H](Cc1c[nH]c2ccccc12)C(=O)O,PPB3,Survival motor neuron protein,,,,DNN(MHFP6),Homo sapiens,0.05,,,68
L-Abrine,Abrus precatorius,160511.0,CN[C@@H](Cc1c[nH]c2ccccc12)C(=O)O,PPB3,Cytochrome P450 1A2,,,,DNN(MHFP6),Homo sapiens,0.05,,,69
L-Abrine,Abrus precatorius,160511.0,CN[C@@H](Cc1c[nH]c2ccccc12)C(=O)O,PPB3,Endoplasmic reticulum-associated amyloid beta-peptide-binding protein,,,,DNN(MHFP6),Homo sapiens,0.05,,,70
L-Abrine,Abrus precatorius,160511.0,CN[C@@H](Cc1c[nH]c2ccccc12)C(=O)O,PPB3,Cytochrome P450 2C9,,,,DNN(MHFP6),Homo sapiens,0.05,,,71
L-Abrine,Abrus precatorius,160511.0,CN[C@@H](Cc1c[nH]c2ccccc12)C(=O)O,PPB3,Neuropeptide S receptor,,,,DNN(MHFP6),Homo sapiens,0.04,,,72
L-Abrine,Abrus precatorius,160511.0,CN[C@@H](Cc1c[nH]c2ccccc12)C(=O)O,PPB3,SLC16A10 protein,,,,DNN(ECFP6),Homo sapiens,0.99,,,73
L-Abrine,Abrus precatorius,160511.0,CN[C@@H](Cc1c[nH]c2ccccc12)C(=O)O,PPB3,Solute carrier organic anion transporter family member 1B1,,,,DNN(ECFP6),Homo sapiens,0.83,,,74
L-Abrine,Abrus precatorius,160511.0,CN[C@@H](Cc1c[nH]c2ccccc12)C(=O)O,PPB3,Solute carrier organic anion transporter family member 1B3,,,,DNN(ECFP6),Homo sapiens,0.82,,,75
L-Abrine,Abrus precatorius,160511.0,CN[C@@H](Cc1c[nH]c2ccccc12)C(=O)O,PPB3,Microtubule-associated protein tau,,,,DNN(ECFP6),Homo sapiens,0.22,,,76
L-Abrine,Abrus precatorius,160511.0,CN[C@@H](Cc1c[nH]c2ccccc12)C(=O)O,PPB3,Prelamin-A/C,,,,DNN(ECFP6),Homo sapiens,0.2,,,77
L-Abrine,Abrus precatorius,160511.0,CN[C@@H](Cc1c[nH]c2ccccc12)C(=O)O,PPB3,Survival motor neuron protein,,,,DNN(ECFP6),Homo sapiens,0.17,,,78
L-Abrine,Abrus precatorius,160511.0,CN[C@@H](Cc1c[nH]c2ccccc12)C(=O)O,PPB3,Cytochrome P450 2C19,,,,DNN(ECFP6),Homo sapiens,0.11,,,79
L-Abrine,Abrus precatorius,160511.0,CN[C@@H](Cc1c[nH]c2ccccc12)C(=O)O,PPB3,Arachidonate 5-lipoxygenase,,,,DNN(ECFP6),Homo sapiens,0.09,,,80
L-Abrine,Abrus precatorius,160511.0,CN[C@@H](Cc1c[nH]c2ccccc12)C(=O)O,PPB3,Cytochrome P450 1A2,,,,DNN(ECFP6),Homo sapiens,0.09,,,81
L-Abrine,Abrus precatorius,160511.0,CN[C@@H](Cc1c[nH]c2ccccc12)C(=O)O,PPB3,Cytochrome P450 2C9,,,,DNN(ECFP6),Homo sapiens,0.08,,,82
L-Abrine,Abrus precatorius,160511.0,CN[C@@H](Cc1c[nH]c2ccccc12)C(=O)O,PPB3,Lysosomal alpha-glucosidase,,,,DNN(ECFP6),Homo sapiens,0.07,,,83
L-Abrine,Abrus precatorius,160511.0,CN[C@@H](Cc1c[nH]c2ccccc12)C(=O)O,PPB3,DNA-(apurinic or apyrimidinic site) lyase,,,,DNN(ECFP6),Homo sapiens,0.07,,,84
L-Abrine,Abrus precatorius,160511.0,CN[C@@H](Cc1c[nH]c2ccccc12)C(=O)O,PPB3,Cyclooxygenase-1,,,,DNN(ECFP6),Homo sapiens,0.07,,,85
L-Abrine,Abrus precatorius,160511.0,CN[C@@H](Cc1c[nH]c2ccccc12)C(=O)O,PPB3,Aldehyde dehydrogenase 1A1,,,,DNN(ECFP6),Homo sapiens,0.06,,,86
L-Abrine,Abrus precatorius,160511.0,CN[C@@H](Cc1c[nH]c2ccccc12)C(=O)O,PPB3,ATP-dependent DNA helicase Q1,,,,DNN(ECFP6),Homo sapiens,0.06,,,87
L-Abrine,Abrus precatorius,160511.0,CN[C@@H](Cc1c[nH]c2ccccc12)C(=O)O,PPB3,SLC16A10 protein,,,,DNN(AtomPair),Homo sapiens,0.98,,,88
L-Abrine,Abrus precatorius,160511.0,CN[C@@H](Cc1c[nH]c2ccccc12)C(=O)O,PPB3,Solute carrier organic anion transporter family member 1B3,,,,DNN(AtomPair),Homo sapiens,0.34,,,89
L-Abrine,Abrus precatorius,160511.0,CN[C@@H](Cc1c[nH]c2ccccc12)C(=O)O,PPB3,Solute carrier organic anion transporter family member 1B1,,,,DNN(AtomPair),Homo sapiens,0.29,,,90
L-Abrine,Abrus precatorius,160511.0,CN[C@@H](Cc1c[nH]c2ccccc12)C(=O)O,PPB3,Bloom syndrome protein,,,,DNN(AtomPair),Homo sapiens,0.13,,,91
L-Abrine,Abrus precatorius,160511.0,CN[C@@H](Cc1c[nH]c2ccccc12)C(=O)O,PPB3,Serotonin 2a (5-HT2a) receptor,,,,DNN(AtomPair),Homo sapiens,0.11,,,92
L-Abrine,Abrus precatorius,160511.0,CN[C@@H](Cc1c[nH]c2ccccc12)C(=O)O,PPB3,Prelamin-A/C,,,,DNN(AtomPair),Homo sapiens,0.09,,,93
L-Abrine,Abrus precatorius,160511.0,CN[C@@H](Cc1c[nH]c2ccccc12)C(=O)O,PPB3,Survival motor neuron protein,,,,DNN(AtomPair),Homo sapiens,0.07,,,94
L-Abrine,Abrus precatorius,160511.0,CN[C@@H](Cc1c[nH]c2ccccc12)C(=O)O,PPB3,Cytochrome P450 2C19,,,,DNN(AtomPair),Homo sapiens,0.06,,,95
L-Abrine,Abrus precatorius,160511.0,CN[C@@H](Cc1c[nH]c2ccccc12)C(=O)O,PPB3,Serotonin 2c (5-HT2c) receptor,,,,DNN(AtomPair),Homo sapiens,0.06,,,96
L-Abrine,Abrus precatorius,160511.0,CN[C@@H](Cc1c[nH]c2ccccc12)C(=O)O,PPB3,Thyroid stimulating hormone receptor,,,,DNN(AtomPair),Homo sapiens,0.06,,,97
L-Abrine,Abrus precatorius,160511.0,CN[C@@H](Cc1c[nH]c2ccccc12)C(=O)O,PPB3,Microtubule-associated protein tau,,,,DNN(AtomPair),Homo sapiens,0.06,,,98
L-Abrine,Abrus precatorius,160511.0,CN[C@@H](Cc1c[nH]c2ccccc12)C(=O)O,PPB3,Alpha-2a adrenergic receptor,,,,DNN(AtomPair),Homo sapiens,0.05,,,99
L-Abrine,Abrus precatorius,160511.0,CN[C@@H](Cc1c[nH]c2ccccc12)C(=O)O,PPB3,Alpha-1a adrenergic receptor,,,,DNN(AtomPair),Homo sapiens,0.05,,,100
L-Abrine,Abrus precatorius,160511.0,CN[C@@H](Cc1c[nH]c2ccccc12)C(=O)O,PPB3,SLC16A10 protein,,,,Consensus,Homo sapiens,1.0,,,101
L-Abrine,Abrus precatorius,160511.0,CN[C@@H](Cc1c[nH]c2ccccc12)C(=O)O,PPB3,Solute carrier organic anion transporter family member 1B1,,,,Consensus,Homo sapiens,0.99,,,102
L-Abrine,Abrus precatorius,160511.0,CN[C@@H](Cc1c[nH]c2ccccc12)C(=O)O,PPB3,Solute carrier organic anion transporter family member 1B3,,,,Consensus,Homo sapiens,0.99,,,103
L-Abrine,Abrus precatorius,160511.0,CN[C@@H](Cc1c[nH]c2ccccc12)C(=O)O,PPB3,Microtubule-associated protein tau,,,,Consensus,Homo sapiens,0.22,,,104
L-Abrine,Abrus precatorius,160511.0,CN[C@@H](Cc1c[nH]c2ccccc12)C(=O)O,PPB3,Prelamin-A/C,,,,Consensus,Homo sapiens,0.2,,,105
L-Abrine,Abrus precatorius,160511.0,CN[C@@H](Cc1c[nH]c2ccccc12)C(=O)O,PPB3,Survival motor neuron protein,,,,Consensus,Homo sapiens,0.17,,,106
L-Abrine,Abrus precatorius,160511.0,CN[C@@H](Cc1c[nH]c2ccccc12)C(=O)O,PPB3,Bloom syndrome protein,,,,Consensus,Homo sapiens,0.13,,,107
L-Abrine,Abrus precatorius,160511.0,CN[C@@H](Cc1c[nH]c2ccccc12)C(=O)O,PPB3,Thyroid stimulating hormone receptor,,,,Consensus,Homo sapiens,0.13,,,108
L-Abrine,Abrus precatorius,160511.0,CN[C@@H](Cc1c[nH]c2ccccc12)C(=O)O,PPB3,Cytochrome P450 1A2,,,,Consensus,Homo sapiens,0.12,,,109
L-Abrine,Abrus precatorius,160511.0,CN[C@@H](Cc1c[nH]c2ccccc12)C(=O)O,PPB3,Cytochrome P450 2C19,,,,Consensus,Homo sapiens,0.12,,,110
L-Abrine,Abrus precatorius,160511.0,CN[C@@H](Cc1c[nH]c2ccccc12)C(=O)O,PPB3,Serotonin 2a (5-HT2a) receptor,,,,Consensus,Homo sapiens,0.11,,,111
L-Abrine,Abrus precatorius,160511.0,CN[C@@H](Cc1c[nH]c2ccccc12)C(=O)O,PPB3,Angiotensin-converting enzyme,,,,Consensus,Homo sapiens,0.1,,,112
L-Abrine,Abrus precatorius,160511.0,CN[C@@H](Cc1c[nH]c2ccccc12)C(=O)O,PPB3,Arachidonate 5-lipoxygenase,,,,Consensus,Homo sapiens,0.09,,,113
L-Abrine,Abrus precatorius,160511.0,CN[C@@H](Cc1c[nH]c2ccccc12)C(=O)O,PPB3,Cytochrome P450 2C9,,,,Consensus,Homo sapiens,0.08,,,114
L-Abrine,Abrus precatorius,160511.0,CN[C@@H](Cc1c[nH]c2ccccc12)C(=O)O,SEA,CCKBR,,GASR_HUMAN,,Gastrin/cholecystokinin type B receptor,GASR_HUMAN,,1.549e-135,0.47,1
L-Abrine,Abrus precatorius,160511.0,CN[C@@H](Cc1c[nH]c2ccccc12)C(=O)O,SEA,NMBR,,NMBR_HUMAN,,Neuromedin-B receptor,NMBR_HUMAN,,1.251e-120,0.52,2
L-Abrine,Abrus precatorius,160511.0,CN[C@@H](Cc1c[nH]c2ccccc12)C(=O)O,SEA,MC1R,,MSHR_HUMAN,,Melanocyte-stimulating hormone receptor,MSHR_HUMAN,,1.651e-119,0.50,3
L-Abrine,Abrus precatorius,160511.0,CN[C@@H](Cc1c[nH]c2ccccc12)C(=O)O,SEA,ECE1,,ECE1_HUMAN,,Endothelin-converting enzyme 1,ECE1_HUMAN,,4.137e-117,0.63,4
L-Abrine,Abrus precatorius,160511.0,CN[C@@H](Cc1c[nH]c2ccccc12)C(=O)O,SEA,GRPR,,GRPR_HUMAN,,Gastrin-releasing peptide receptor,GRPR_HUMAN,,1.299e-103,0.37,5
L-Abrine,Abrus precatorius,160511.0,CN[C@@H](Cc1c[nH]c2ccccc12)C(=O)O,SEA,GHSR,,GHSR_HUMAN,,Growth hormone secretagogue receptor type 1,GHSR_HUMAN,,2.202e-102,0.52,6
L-Abrine,Abrus precatorius,160511.0,CN[C@@H](Cc1c[nH]c2ccccc12)C(=O)O,SEA,MC3R,,MC3R_HUMAN,,Melanocortin receptor 3,MC3R_HUMAN,,2.664e-100,0.44,7
L-Abrine,Abrus precatorius,160511.0,CN[C@@H](Cc1c[nH]c2ccccc12)C(=O)O,SEA,MAGI3,,MAGI3_HUMAN,,"Membrane-associated guanylate kinase, WW and PDZ domain-containing protein 3",MAGI3_HUMAN,,6e-86,0.42,8
L-Abrine,Abrus precatorius,160511.0,CN[C@@H](Cc1c[nH]c2ccccc12)C(=O)O,SEA,MC4R,,MC4R_HUMAN,,Melanocortin receptor 4,MC4R_HUMAN,,1.322e-81,0.48,9
L-Abrine,Abrus precatorius,160511.0,CN[C@@H](Cc1c[nH]c2ccccc12)C(=O)O,SEA,MMP11,,MMP11_HUMAN,,Stromelysin-3,MMP11_HUMAN,,6.774e-75,0.39,10
L-Abrine,Abrus precatorius,160511.0,CN[C@@H](Cc1c[nH]c2ccccc12)C(=O)O,SEA,KISS1R,,KISSR_HUMAN,,KiSS-1 receptor,KISSR_HUMAN,,1.244e-71,0.38,11
L-Abrine,Abrus precatorius,160511.0,CN[C@@H](Cc1c[nH]c2ccccc12)C(=O)O,SEA,CPA1,,CBPA1_HUMAN,,Carboxypeptidase A1,CBPA1_HUMAN,,4.35e-63,0.39,12
L-Abrine,Abrus precatorius,160511.0,CN[C@@H](Cc1c[nH]c2ccccc12)C(=O)O,SEA,ACE2,,ACE2_HUMAN,,Angiotensin-converting enzyme 2,ACE2_HUMAN,,5.164e-62,0.39,13
L-Abrine,Abrus precatorius,160511.0,CN[C@@H](Cc1c[nH]c2ccccc12)C(=O)O,SEA,TACR1,,NK1R_HUMAN,,Substance-P receptor,NK1R_HUMAN,,1.717e-60,0.57,14
L-Abrine,Abrus precatorius,160511.0,CN[C@@H](Cc1c[nH]c2ccccc12)C(=O)O,SEA,SSTR2,,SSR2_HUMAN,,Somatostatin receptor type 2,SSR2_HUMAN,,1.746e-60,0.44,15
L-Abrine,Abrus precatorius,160511.0,CN[C@@H](Cc1c[nH]c2ccccc12)C(=O)O,SEA,MMP9,,MMP9_HUMAN,,Matrix metalloproteinase-9,MMP9_HUMAN,,1.368e-57,0.70,16
L-Abrine,Abrus precatorius,160511.0,CN[C@@H](Cc1c[nH]c2ccccc12)C(=O)O,SEA,ACE,,ACE_HUMAN,,Angiotensin-converting enzyme,ACE_HUMAN,,2.749e-56,0.69,17
L-Abrine,Abrus precatorius,160511.0,CN[C@@H](Cc1c[nH]c2ccccc12)C(=O)O,SEA,MMP2,,MMP2_HUMAN,,72 kDa type IV collagenase,MMP2_HUMAN,,6.354e-56,0.66,18
L-Abrine,Abrus precatorius,160511.0,CN[C@@H](Cc1c[nH]c2ccccc12)C(=O)O,SEA,MME,,NEP_HUMAN,,Neprilysin,NEP_HUMAN,,6.617e-55,0.58,19
L-Abrine,Abrus precatorius,160511.0,CN[C@@H](Cc1c[nH]c2ccccc12)C(=O)O,SEA,EDNRA,,EDNRA_HUMAN,,Endothelin-1 receptor,EDNRA_HUMAN,,1.266e-54,0.53,20
L-Abrine,Abrus precatorius,160511.0,CN[C@@H](Cc1c[nH]c2ccccc12)C(=O)O,SEA,RUVBL1,,RUVB1_HUMAN,,RuvB-like 1,RUVB1_HUMAN,,9.185e-54,0.43,21
L-Abrine,Abrus precatorius,160511.0,CN[C@@H](Cc1c[nH]c2ccccc12)C(=O)O,SEA,SSTR3,,SSR3_HUMAN,,Somatostatin receptor type 3,SSR3_HUMAN,,7.583e-53,0.48,22
L-Abrine,Abrus precatorius,160511.0,CN[C@@H](Cc1c[nH]c2ccccc12)C(=O)O,SEA,MMP8,,MMP8_HUMAN,,Neutrophil collagenase,MMP8_HUMAN,,1.44e-52,0.58,23
L-Abrine,Abrus precatorius,160511.0,CN[C@@H](Cc1c[nH]c2ccccc12)C(=O)O,SEA,SNCA,,SYUA_HUMAN,,Alpha-synuclein,SYUA_HUMAN,,6.099e-52,0.34,24
L-Abrine,Abrus precatorius,160511.0,CN[C@@H](Cc1c[nH]c2ccccc12)C(=O)O,SEA,SSTR1,,SSR1_HUMAN,,Somatostatin receptor type 1,SSR1_HUMAN,,8.066e-51,0.47,25
L-Abrine,Abrus precatorius,160511.0,CN[C@@H](Cc1c[nH]c2ccccc12)C(=O)O,SEA,BRS3,,BRS3_HUMAN,,Bombesin receptor subtype-3,BRS3_HUMAN,,6.703e-49,0.54,26
L-Abrine,Abrus precatorius,160511.0,CN[C@@H](Cc1c[nH]c2ccccc12)C(=O)O,SEA,MMP14,,MMP14_HUMAN,,Matrix metalloproteinase-14,MMP14_HUMAN,,7.868e-48,0.52,27
L-Abrine,Abrus precatorius,160511.0,CN[C@@H](Cc1c[nH]c2ccccc12)C(=O)O,SEA,SPR,,SPRE_HUMAN,,Sepiapterin reductase,SPRE_HUMAN,,1.073e-45,0.36,28
L-Abrine,Abrus precatorius,160511.0,CN[C@@H](Cc1c[nH]c2ccccc12)C(=O)O,SEA,SSTR4,,SSR4_HUMAN,,Somatostatin receptor type 4,SSR4_HUMAN,,7.043e-44,0.47,29
L-Abrine,Abrus precatorius,160511.0,CN[C@@H](Cc1c[nH]c2ccccc12)C(=O)O,SEA,NCOR2,,NCOR2_HUMAN,,Nuclear receptor corepressor 2,NCOR2_HUMAN,,7.352e-43,0.42,30
L-Abrine,Abrus precatorius,160511.0,CN[C@@H](Cc1c[nH]c2ccccc12)C(=O)O,SEA,CCKAR,,CCKAR_HUMAN,,Cholecystokinin receptor type A,CCKAR_HUMAN,,1.893e-41,0.44,31
L-Abrine,Abrus precatorius,160511.0,CN[C@@H](Cc1c[nH]c2ccccc12)C(=O)O,SEA,FPR1,,FPR1_HUMAN,,fMet-Leu-Phe receptor,FPR1_HUMAN,,1.118e-39,0.53,32
L-Abrine,Abrus precatorius,160511.0,CN[C@@H](Cc1c[nH]c2ccccc12)C(=O)O,SEA,CPA3,,CBPA3_HUMAN,,Mast cell carboxypeptidase A,CBPA3_HUMAN,,7.421e-35,0.28,33
L-Abrine,Abrus precatorius,160511.0,CN[C@@H](Cc1c[nH]c2ccccc12)C(=O)O,SEA,MC5R,,MC5R_HUMAN,,Melanocortin receptor 5,MC5R_HUMAN,,9.079e-34,0.39,34
L-Abrine,Abrus precatorius,160511.0,CN[C@@H](Cc1c[nH]c2ccccc12)C(=O)O,SEA,LNPEP,,LCAP_HUMAN,,Leucyl-cystinyl aminopeptidase,LCAP_HUMAN,,4.233e-33,0.48,35
L-Abrine,Abrus precatorius,160511.0,CN[C@@H](Cc1c[nH]c2ccccc12)C(=O)O,SEA,CFTR,,CFTR_HUMAN,,Cystic fibrosis transmembrane conductance regulator,CFTR_HUMAN,,8.944e-33,0.41,36
L-Abrine,Abrus precatorius,160511.0,CN[C@@H](Cc1c[nH]c2ccccc12)C(=O)O,SEA,TACR2,,NK2R_HUMAN,,Substance-K receptor,NK2R_HUMAN,,3.183e-32,0.43,37
L-Abrine,Abrus precatorius,160511.0,CN[C@@H](Cc1c[nH]c2ccccc12)C(=O)O,SEA,ERAP2,,ERAP2_HUMAN,,Endoplasmic reticulum aminopeptidase 2,ERAP2_HUMAN,,6.985e-32,0.61,38
L-Abrine,Abrus precatorius,160511.0,CN[C@@H](Cc1c[nH]c2ccccc12)C(=O)O,SEA,AKT1,,AKT1_HUMAN,,RAC-alpha serine/threonine-protein kinase,AKT1_HUMAN,,4.967e-30,0.39,39
L-Abrine,Abrus precatorius,160511.0,CN[C@@H](Cc1c[nH]c2ccccc12)C(=O)O,SEA,MMP1,,MMP1_HUMAN,,Interstitial collagenase,MMP1_HUMAN,,1.44e-29,0.58,40
L-Abrine,Abrus precatorius,160511.0,CN[C@@H](Cc1c[nH]c2ccccc12)C(=O)O,SEA,TYR,,TYRO_HUMAN,,Tyrosinase,TYRO_HUMAN,,5.648e-29,0.45,41
L-Abrine,Abrus precatorius,160511.0,CN[C@@H](Cc1c[nH]c2ccccc12)C(=O)O,SEA,ST3GAL1,,SIA4A_HUMAN,,"CMP-N-acetylneuraminate-beta-galactosamide-alpha-2,3-sialyltransferase 1",SIA4A_HUMAN,,1.568e-28,0.56,42
L-Abrine,Abrus precatorius,160511.0,CN[C@@H](Cc1c[nH]c2ccccc12)C(=O)O,SEA,HDAC2,,HDAC2_HUMAN,,Histone deacetylase 2,HDAC2_HUMAN,,6.955e-28,0.42,43
L-Abrine,Abrus precatorius,160511.0,CN[C@@H](Cc1c[nH]c2ccccc12)C(=O)O,SEA,HDAC3,,HDAC3_HUMAN,,Histone deacetylase 3,HDAC3_HUMAN,,1.868e-27,0.42,44
L-Abrine,Abrus precatorius,160511.0,CN[C@@H](Cc1c[nH]c2ccccc12)C(=O)O,SEA,ERAP1,,ERAP1_HUMAN,,Endoplasmic reticulum aminopeptidase 1,ERAP1_HUMAN,,3.128e-26,0.48,45
L-Abrine,Abrus precatorius,160511.0,CN[C@@H](Cc1c[nH]c2ccccc12)C(=O)O,SEA,SSTR5,,SSR5_HUMAN,,Somatostatin receptor type 5,SSR5_HUMAN,,4.837e-25,0.47,46
L-Abrine,Abrus precatorius,160511.0,CN[C@@H](Cc1c[nH]c2ccccc12)C(=O)O,SEA,GGH,,GGH_HUMAN,,Gamma-glutamyl hydrolase,GGH_HUMAN,,1.734e-23,0.29,47
L-Abrine,Abrus precatorius,160511.0,CN[C@@H](Cc1c[nH]c2ccccc12)C(=O)O,SEA,ADAM12,,ADA12_HUMAN,,Disintegrin and metalloproteinase domain-containing protein 12,ADA12_HUMAN,,3.894e-23,0.52,48
L-Abrine,Abrus precatorius,160511.0,CN[C@@H](Cc1c[nH]c2ccccc12)C(=O)O,SEA,C5AR1,,C5AR1_HUMAN,,C5a anaphylatoxin chemotactic receptor 1,C5AR1_HUMAN,,4.078e-23,0.38,49
L-Abrine,Abrus precatorius,160511.0,CN[C@@H](Cc1c[nH]c2ccccc12)C(=O)O,SEA,NAALAD2,,NALD2_HUMAN,,N-acetylated-alpha-linked acidic dipeptidase 2,NALD2_HUMAN,,1.686e-22,0.33,50
L-Abrine,Abrus precatorius,160511.0,CN[C@@H](Cc1c[nH]c2ccccc12)C(=O)O,SEA,MMP7,,MMP7_HUMAN,,Matrilysin,MMP7_HUMAN,,2.664e-22,0.52,51
L-Abrine,Abrus precatorius,160511.0,CN[C@@H](Cc1c[nH]c2ccccc12)C(=O)O,SEA,JUN,,JUN_HUMAN,,Transcription factor AP-1,JUN_HUMAN,,8.909e-21,0.33,52
L-Abrine,Abrus precatorius,160511.0,CN[C@@H](Cc1c[nH]c2ccccc12)C(=O)O,SEA,PRKAB2,,AAKB2_HUMAN,,5'-AMP-activated protein kinase subunit beta-2,AAKB2_HUMAN,,1.617e-20,0.33,53
L-Abrine,Abrus precatorius,160511.0,CN[C@@H](Cc1c[nH]c2ccccc12)C(=O)O,SEA,CAPN1,,CAN1_HUMAN,,Calpain-1 catalytic subunit,CAN1_HUMAN,,2.898e-20,0.51,54
L-Abrine,Abrus precatorius,160511.0,CN[C@@H](Cc1c[nH]c2ccccc12)C(=O)O,SEA,PIN1,,PIN1_HUMAN,,Peptidyl-prolyl cis-trans isomerase NIMA-interacting 1,PIN1_HUMAN,,4.52e-20,0.34,55
L-Abrine,Abrus precatorius,160511.0,CN[C@@H](Cc1c[nH]c2ccccc12)C(=O)O,SEA,CTSL,,CATL1_HUMAN,,Cathepsin L1,CATL1_HUMAN,,3.491e-19,0.52,56
L-Abrine,Abrus precatorius,160511.0,CN[C@@H](Cc1c[nH]c2ccccc12)C(=O)O,SEA,HDAC1,,HDAC1_HUMAN,,Histone deacetylase 1,HDAC1_HUMAN,,4.599e-19,0.42,57
L-Abrine,Abrus precatorius,160511.0,CN[C@@H](Cc1c[nH]c2ccccc12)C(=O)O,SEA,SLC7A5,,LAT1_HUMAN,,Large neutral amino acids transporter small subunit 1,LAT1_HUMAN,,5.19e-19,0.30,58
L-Abrine,Abrus precatorius,160511.0,CN[C@@H](Cc1c[nH]c2ccccc12)C(=O)O,SEA,GNPAT,,GNPAT_HUMAN,,Dihydroxyacetone phosphate acyltransferase,GNPAT_HUMAN,,1.753e-18,0.29,59
L-Abrine,Abrus precatorius,160511.0,CN[C@@H](Cc1c[nH]c2ccccc12)C(=O)O,SEA,NTSR1,,NTR1_HUMAN,,Neurotensin receptor type 1,NTR1_HUMAN,,4.687e-18,0.37,60
L-Abrine,Abrus precatorius,160511.0,CN[C@@H](Cc1c[nH]c2ccccc12)C(=O)O,SEA,SLC2A4,,GLUT4_HUMAN,,"Solute carrier family 2, facilitated glucose transporter member 4",GLUT4_HUMAN,,4.879e-18,0.29,61
L-Abrine,Abrus precatorius,160511.0,CN[C@@H](Cc1c[nH]c2ccccc12)C(=O)O,SEA,EDNRB,,EDNRB_HUMAN,,Endothelin receptor type B,EDNRB_HUMAN,,1.123e-17,0.52,62
L-Abrine,Abrus precatorius,160511.0,CN[C@@H](Cc1c[nH]c2ccccc12)C(=O)O,SEA,PSMB8,,PSB8_HUMAN,,Proteasome subunit beta type-8,PSB8_HUMAN,,1.594e-17,0.39,63
L-Abrine,Abrus precatorius,160511.0,CN[C@@H](Cc1c[nH]c2ccccc12)C(=O)O,SEA,C3AR1,,C3AR_HUMAN,,C3a anaphylatoxin chemotactic receptor,C3AR_HUMAN,,3.017e-17,0.45,64
L-Abrine,Abrus precatorius,160511.0,CN[C@@H](Cc1c[nH]c2ccccc12)C(=O)O,SEA,AHR,,AHR_HUMAN,,Aryl hydrocarbon receptor,AHR_HUMAN,,1.11e-16,0.41,65
L-Abrine,Abrus precatorius,160511.0,CN[C@@H](Cc1c[nH]c2ccccc12)C(=O)O,SEA,GABRB1,,GBRB1_HUMAN,,Gamma-aminobutyric acid receptor subunit beta-1,GBRB1_HUMAN,,1.11e-16,0.34,66
L-Abrine,Abrus precatorius,160511.0,CN[C@@H](Cc1c[nH]c2ccccc12)C(=O)O,SEA,GPR84,,GPR84_HUMAN,,G-protein coupled receptor 84,GPR84_HUMAN,,1.11e-16,0.51,67
L-Abrine,Abrus precatorius,160511.0,CN[C@@H](Cc1c[nH]c2ccccc12)C(=O)O,SEA,IDE,,IDE_HUMAN,,Insulin-degrading enzyme,IDE_HUMAN,,1.11e-16,0.36,68
L-Abrine,Abrus precatorius,160511.0,CN[C@@H](Cc1c[nH]c2ccccc12)C(=O)O,SEA,GABRB2,,GBRB2_HUMAN,,Gamma-aminobutyric acid receptor subunit beta-2,GBRB2_HUMAN,,2.22e-16,0.37,69
L-Abrine,Abrus precatorius,160511.0,CN[C@@H](Cc1c[nH]c2ccccc12)C(=O)O,SEA,CTSB,,CATB_HUMAN,,Cathepsin B,CATB_HUMAN,,4.441e-16,0.45,70
L-Abrine,Abrus precatorius,160511.0,CN[C@@H](Cc1c[nH]c2ccccc12)C(=O)O,SEA,BCHE,,CHLE_HUMAN,,Cholinesterase,CHLE_HUMAN,,4.441e-16,0.50,71
L-Abrine,Abrus precatorius,160511.0,CN[C@@H](Cc1c[nH]c2ccccc12)C(=O)O,SEA,RAD51,,RAD51_HUMAN,,DNA repair protein RAD51 homolog 1,RAD51_HUMAN,,5.551e-16,0.52,72
L-Abrine,Abrus precatorius,160511.0,CN[C@@H](Cc1c[nH]c2ccccc12)C(=O)O,SEA,MPO,,PERM_HUMAN,,Myeloperoxidase,PERM_HUMAN,,9.992e-16,0.43,73
L-Abrine,Abrus precatorius,160511.0,CN[C@@H](Cc1c[nH]c2ccccc12)C(=O)O,SEA,HDAC11,,HDA11_HUMAN,,Histone deacetylase 11,HDA11_HUMAN,,1.332e-15,0.40,74
L-Abrine,Abrus precatorius,160511.0,CN[C@@H](Cc1c[nH]c2ccccc12)C(=O)O,SEA,OPRM1,,OPRM_HUMAN,,Mu-type opioid receptor,OPRM_HUMAN,,1.554e-15,0.55,75
L-Abrine,Abrus precatorius,160511.0,CN[C@@H](Cc1c[nH]c2ccccc12)C(=O)O,SEA,SLC15A1,,S15A1_HUMAN,,Solute carrier family 15 member 1,S15A1_HUMAN,,1.665e-15,0.29,76
L-Abrine,Abrus precatorius,160511.0,CN[C@@H](Cc1c[nH]c2ccccc12)C(=O)O,SEA,MMP3,,MMP3_HUMAN,,Stromelysin-1,MMP3_HUMAN,,1.887e-15,0.66,77
L-Abrine,Abrus precatorius,160511.0,CN[C@@H](Cc1c[nH]c2ccccc12)C(=O)O,SEA,HGFAC,,HGFA_HUMAN,,Hepatocyte growth factor activator,HGFA_HUMAN,,2.109e-15,0.37,78
L-Abrine,Abrus precatorius,160511.0,CN[C@@H](Cc1c[nH]c2ccccc12)C(=O)O,SEA,NCOR1,,NCOR1_HUMAN,,Nuclear receptor corepressor 1,NCOR1_HUMAN,,4.774e-15,0.31,79
L-Abrine,Abrus precatorius,160511.0,CN[C@@H](Cc1c[nH]c2ccccc12)C(=O)O,SEA,CDC25B,,MPIP2_HUMAN,,M-phase inducer phosphatase 2,MPIP2_HUMAN,,7.55e-15,0.33,80
L-Abrine,Abrus precatorius,160511.0,CN[C@@H](Cc1c[nH]c2ccccc12)C(=O)O,SEA,CTBP2,,CTBP2_HUMAN,,C-terminal-binding protein 2,CTBP2_HUMAN,,7.883e-15,0.32,81
L-Abrine,Abrus precatorius,160511.0,CN[C@@H](Cc1c[nH]c2ccccc12)C(=O)O,SEA,AKT3,,AKT3_HUMAN,,RAC-gamma serine/threonine-protein kinase,AKT3_HUMAN,,1.277e-14,0.38,82
L-Abrine,Abrus precatorius,160511.0,CN[C@@H](Cc1c[nH]c2ccccc12)C(=O)O,SEA,ACHE,,ACES_HUMAN,,Acetylcholinesterase,ACES_HUMAN,,1.507e-13,0.50,83
L-Abrine,Abrus precatorius,160511.0,CN[C@@H](Cc1c[nH]c2ccccc12)C(=O)O,SEA,NR3C1,,GCR_HUMAN,,Glucocorticoid receptor,GCR_HUMAN,,9.914e-13,0.54,84
L-Abrine,Abrus precatorius,160511.0,CN[C@@H](Cc1c[nH]c2ccccc12)C(=O)O,SEA,MMP26,,MMP26_HUMAN,,Matrix metalloproteinase-26,MMP26_HUMAN,,1.038e-12,0.52,85
L-Abrine,Abrus precatorius,160511.0,CN[C@@H](Cc1c[nH]c2ccccc12)C(=O)O,SEA,HDAC8,,HDAC8_HUMAN,,Histone deacetylase 8,HDAC8_HUMAN,,1.238e-12,0.42,86
L-Abrine,Abrus precatorius,160511.0,CN[C@@H](Cc1c[nH]c2ccccc12)C(=O)O,SEA,MTNR1A,,MTR1A_HUMAN,,Melatonin receptor type 1A,MTR1A_HUMAN,,1.872e-12,0.45,87
L-Abrine,Abrus precatorius,160511.0,CN[C@@H](Cc1c[nH]c2ccccc12)C(=O)O,SEA,CAPN2,,CAN2_HUMAN,,Calpain-2 catalytic subunit,CAN2_HUMAN,,2.047e-12,0.38,88
L-Abrine,Abrus precatorius,160511.0,CN[C@@H](Cc1c[nH]c2ccccc12)C(=O)O,SEA,OPRD1,,OPRD_HUMAN,,Delta-type opioid receptor,OPRD_HUMAN,,2.264e-12,0.55,89
L-Abrine,Abrus precatorius,160511.0,CN[C@@H](Cc1c[nH]c2ccccc12)C(=O)O,SEA,PPIB,,PPIB_HUMAN,,Peptidyl-prolyl cis-trans isomerase B,PPIB_HUMAN,,2.492e-12,0.33,90
L-Abrine,Abrus precatorius,160511.0,CN[C@@H](Cc1c[nH]c2ccccc12)C(=O)O,SEA,CASP10,,CASPA_HUMAN,,Caspase-10,CASPA_HUMAN,,3.001e-12,0.36,91
L-Abrine,Abrus precatorius,160511.0,CN[C@@H](Cc1c[nH]c2ccccc12)C(=O)O,SEA,MMP25,,MMP25_HUMAN,,Matrix metalloproteinase-25,MMP25_HUMAN,,3.376e-12,0.39,92
L-Abrine,Abrus precatorius,160511.0,CN[C@@H](Cc1c[nH]c2ccccc12)C(=O)O,SEA,EPHA7,,EPHA7_HUMAN,,Ephrin type-A receptor 7,EPHA7_HUMAN,,5.913e-12,0.41,93
L-Abrine,Abrus precatorius,160511.0,CN[C@@H](Cc1c[nH]c2ccccc12)C(=O)O,SEA,EPHA5,,EPHA5_HUMAN,,Ephrin type-A receptor 5,EPHA5_HUMAN,,1.073e-11,0.41,94
L-Abrine,Abrus precatorius,160511.0,CN[C@@H](Cc1c[nH]c2ccccc12)C(=O)O,SEA,HPN,,HEPS_HUMAN,,Serine protease hepsin,HEPS_HUMAN,,1.146e-11,0.37,95
L-Abrine,Abrus precatorius,160511.0,CN[C@@H](Cc1c[nH]c2ccccc12)C(=O)O,SEA,EPHA8,,EPHA8_HUMAN,,Ephrin type-A receptor 8,EPHA8_HUMAN,,3.212e-11,0.41,96
L-Abrine,Abrus precatorius,160511.0,CN[C@@H](Cc1c[nH]c2ccccc12)C(=O)O,SEA,EPHB3,,EPHB3_HUMAN,,Ephrin type-B receptor 3,EPHB3_HUMAN,,3.212e-11,0.41,97
L-Abrine,Abrus precatorius,160511.0,CN[C@@H](Cc1c[nH]c2ccccc12)C(=O)O,SEA,NR3C2,,MCR_HUMAN,,Mineralocorticoid receptor,MCR_HUMAN,,3.314e-11,0.48,98
L-Abrine,Abrus precatorius,160511.0,CN[C@@H](Cc1c[nH]c2ccccc12)C(=O)O,SEA,NMUR1,,NMUR1_HUMAN,,Neuromedin-U receptor 1,NMUR1_HUMAN,,4.993e-11,0.32,99
L-Abrine,Abrus precatorius,160511.0,CN[C@@H](Cc1c[nH]c2ccccc12)C(=O)O,SEA,HTR1E,,5HT1E_HUMAN,,5-hydroxytryptamine receptor 1E,5HT1E_HUMAN,,5.097e-11,0.54,100
L-Abrine,Abrus precatorius,160511.0,CN[C@@H](Cc1c[nH]c2ccccc12)C(=O)O,SEA,DRD4,,DRD4_HUMAN,,D(4) dopamine receptor,DRD4_HUMAN,,5.603e-11,0.38,101
L-Abrine,Abrus precatorius,160511.0,CN[C@@H](Cc1c[nH]c2ccccc12)C(=O)O,SEA,EPHA4,,EPHA4_HUMAN,,Ephrin type-A receptor 4,EPHA4_HUMAN,,8.61e-11,0.41,102
L-Abrine,Abrus precatorius,160511.0,CN[C@@H](Cc1c[nH]c2ccccc12)C(=O)O,SEA,HDAC6,,HDAC6_HUMAN,,Histone deacetylase 6,HDAC6_HUMAN,,1.387e-10,0.42,103
L-Abrine,Abrus precatorius,160511.0,CN[C@@H](Cc1c[nH]c2ccccc12)C(=O)O,SEA,ADCY5,,ADCY5_HUMAN,,Adenylate cyclase type 5,ADCY5_HUMAN,,1.794e-10,0.46,104
L-Abrine,Abrus precatorius,160511.0,CN[C@@H](Cc1c[nH]c2ccccc12)C(=O)O,SEA,MMP17,,MMP17_HUMAN,,Matrix metalloproteinase-17,MMP17_HUMAN,,2.147e-10,0.52,105
L-Abrine,Abrus precatorius,160511.0,CN[C@@H](Cc1c[nH]c2ccccc12)C(=O)O,SEA,EPHA1,,EPHA1_HUMAN,,Ephrin type-A receptor 1,EPHA1_HUMAN,,3.186e-10,0.41,106
L-Abrine,Abrus precatorius,160511.0,CN[C@@H](Cc1c[nH]c2ccccc12)C(=O)O,SEA,EPHB1,,EPHB1_HUMAN,,Ephrin type-B receptor 1,EPHB1_HUMAN,,3.186e-10,0.41,107
L-Abrine,Abrus precatorius,160511.0,CN[C@@H](Cc1c[nH]c2ccccc12)C(=O)O,SEA,HDAC10,,HDA10_HUMAN,,Polyamine deacetylase HDAC10,HDA10_HUMAN,,3.253e-10,0.40,108
L-Abrine,Abrus precatorius,160511.0,CN[C@@H](Cc1c[nH]c2ccccc12)C(=O)O,SEA,MMP15,,MMP15_HUMAN,,Matrix metalloproteinase-15,MMP15_HUMAN,,4.698e-10,0.52,109
L-Abrine,Abrus precatorius,160511.0,CN[C@@H](Cc1c[nH]c2ccccc12)C(=O)O,SEA,EPHA6,,EPHA6_HUMAN,,Ephrin type-A receptor 6,EPHA6_HUMAN,,4.74e-10,0.41,110
L-Abrine,Abrus precatorius,160511.0,CN[C@@H](Cc1c[nH]c2ccccc12)C(=O)O,SEA,P4HB,,PDIA1_HUMAN,,Protein disulfide-isomerase,PDIA1_HUMAN,,5.039e-10,0.53,111
L-Abrine,Abrus precatorius,160511.0,CN[C@@H](Cc1c[nH]c2ccccc12)C(=O)O,SEA,PTPN1,,PTN1_HUMAN,,Tyrosine-protein phosphatase non-receptor type 1,PTN1_HUMAN,,5.795e-10,0.39,112
L-Abrine,Abrus precatorius,160511.0,CN[C@@H](Cc1c[nH]c2ccccc12)C(=O)O,SEA,EPHB2,,EPHB2_HUMAN,,Ephrin type-B receptor 2,EPHB2_HUMAN,,6.932e-10,0.41,113
L-Abrine,Abrus precatorius,160511.0,CN[C@@H](Cc1c[nH]c2ccccc12)C(=O)O,SEA,GABRA1,,GBRA1_HUMAN,,Gamma-aminobutyric acid receptor subunit alpha-1,GBRA1_HUMAN,,8.58e-10,0.37,114
L-Abrine,Abrus precatorius,160511.0,CN[C@@H](Cc1c[nH]c2ccccc12)C(=O)O,SEA,PPARG,,PPARG_HUMAN,,Peroxisome proliferator-activated receptor gamma,PPARG_HUMAN,,9.523e-10,0.60,115
L-Abrine,Abrus precatorius,160511.0,CN[C@@H](Cc1c[nH]c2ccccc12)C(=O)O,SEA,TMPRSS6,,TMPS6_HUMAN,,Transmembrane protease serine 6,TMPS6_HUMAN,,1.156e-09,0.36,116
L-Abrine,Abrus precatorius,160511.0,CN[C@@H](Cc1c[nH]c2ccccc12)C(=O)O,SEA,MDM4,,MDM4_HUMAN,,Protein Mdm4,MDM4_HUMAN,,1.328e-09,0.32,117
L-Abrine,Abrus precatorius,160511.0,CN[C@@H](Cc1c[nH]c2ccccc12)C(=O)O,SEA,HTR2C,,5HT2C_HUMAN,,5-hydroxytryptamine receptor 2C,5HT2C_HUMAN,,2.485e-09,0.54,118
L-Abrine,Abrus precatorius,160511.0,CN[C@@H](Cc1c[nH]c2ccccc12)C(=O)O,SEA,CAMK2D,,KCC2D_HUMAN,,Calcium/calmodulin-dependent protein kinase type II subunit delta,KCC2D_HUMAN,,3.125e-09,0.32,119
L-Abrine,Abrus precatorius,160511.0,CN[C@@H](Cc1c[nH]c2ccccc12)C(=O)O,SEA,PLA2G2F,,PA2GF_HUMAN,,Group IIF secretory phospholipase A2,PA2GF_HUMAN,,3.598e-09,0.29,120
L-Abrine,Abrus precatorius,160511.0,CN[C@@H](Cc1c[nH]c2ccccc12)C(=O)O,SEA,EPHB6,,EPHB6_HUMAN,,Ephrin type-B receptor 6,EPHB6_HUMAN,,3.72e-09,0.41,121
L-Abrine,Abrus precatorius,160511.0,CN[C@@H](Cc1c[nH]c2ccccc12)C(=O)O,SEA,PAM,,AMD_HUMAN,,Peptidyl-glycine alpha-amidating monooxygenase,AMD_HUMAN,,4.316e-09,0.28,122
L-Abrine,Abrus precatorius,160511.0,CN[C@@H](Cc1c[nH]c2ccccc12)C(=O)O,SEA,PRKCG,,KPCG_HUMAN,,Protein kinase C gamma type,KPCG_HUMAN,,5.104e-09,0.34,123
L-Abrine,Abrus precatorius,160511.0,CN[C@@H](Cc1c[nH]c2ccccc12)C(=O)O,SEA,FPR2,,FPR2_HUMAN,,N-formyl peptide receptor 2,FPR2_HUMAN,,5.449e-09,0.42,124
L-Abrine,Abrus precatorius,160511.0,CN[C@@H](Cc1c[nH]c2ccccc12)C(=O)O,SEA,MTNR1B,,MTR1B_HUMAN,,Melatonin receptor type 1B,MTR1B_HUMAN,,5.508e-09,0.35,125
L-Abrine,Abrus precatorius,160511.0,CN[C@@H](Cc1c[nH]c2ccccc12)C(=O)O,SEA,HTR1B,,5HT1B_HUMAN,,5-hydroxytryptamine receptor 1B,5HT1B_HUMAN,,5.884e-09,0.54,126
L-Abrine,Abrus precatorius,160511.0,CN[C@@H](Cc1c[nH]c2ccccc12)C(=O)O,SEA,HTR1A,,5HT1A_HUMAN,,5-hydroxytryptamine receptor 1A,5HT1A_HUMAN,,8.035e-09,0.54,127
L-Abrine,Abrus precatorius,160511.0,CN[C@@H](Cc1c[nH]c2ccccc12)C(=O)O,SEA,MAPK9,,MK09_HUMAN,,Mitogen-activated protein kinase 9,MK09_HUMAN,,8.817e-09,0.34,128
L-Abrine,Abrus precatorius,160511.0,CN[C@@H](Cc1c[nH]c2ccccc12)C(=O)O,SEA,REN,,RENI_HUMAN,,Renin,RENI_HUMAN,,1.101e-08,0.39,129
L-Abrine,Abrus precatorius,160511.0,CN[C@@H](Cc1c[nH]c2ccccc12)C(=O)O,SEA,DRD3,,DRD3_HUMAN,,D(3) dopamine receptor,DRD3_HUMAN,,1.293e-08,0.38,130
L-Abrine,Abrus precatorius,160511.0,CN[C@@H](Cc1c[nH]c2ccccc12)C(=O)O,SEA,ADAMTS4,,ATS4_HUMAN,,A disintegrin and metalloproteinase with thrombospondin motifs 4,ATS4_HUMAN,,1.429e-08,0.52,131
L-Abrine,Abrus precatorius,160511.0,CN[C@@H](Cc1c[nH]c2ccccc12)C(=O)O,SEA,ADAM17,,ADA17_HUMAN,,Disintegrin and metalloproteinase domain-containing protein 17,ADA17_HUMAN,,1.517e-08,0.55,132
L-Abrine,Abrus precatorius,160511.0,CN[C@@H](Cc1c[nH]c2ccccc12)C(=O)O,SEA,HTR1D,,5HT1D_HUMAN,,5-hydroxytryptamine receptor 1D,5HT1D_HUMAN,,1.529e-08,0.54,133
L-Abrine,Abrus precatorius,160511.0,CN[C@@H](Cc1c[nH]c2ccccc12)C(=O)O,SEA,LARS1,,SYLC_HUMAN,,"Leucine--tRNA ligase, cytoplasmic",SYLC_HUMAN,,1.566e-08,0.28,134
L-Abrine,Abrus precatorius,160511.0,CN[C@@H](Cc1c[nH]c2ccccc12)C(=O)O,SEA,LTA4H,,LKHA4_HUMAN,,Leukotriene A-4 hydrolase,LKHA4_HUMAN,,1.574e-08,0.57,135
L-Abrine,Abrus precatorius,160511.0,CN[C@@H](Cc1c[nH]c2ccccc12)C(=O)O,SEA,HDAC9,,HDAC9_HUMAN,,Histone deacetylase 9,HDAC9_HUMAN,,2.426e-08,0.40,136
L-Abrine,Abrus precatorius,160511.0,CN[C@@H](Cc1c[nH]c2ccccc12)C(=O)O,SEA,HLA-A,,HLAA_HUMAN,,"HLA class I histocompatibility antigen, A alpha chain",HLAA_HUMAN,,2.64e-08,0.39,137
L-Abrine,Abrus precatorius,160511.0,CN[C@@H](Cc1c[nH]c2ccccc12)C(=O)O,SEA,GABRA6,,GBRA6_HUMAN,,Gamma-aminobutyric acid receptor subunit alpha-6,GBRA6_HUMAN,,2.784e-08,0.29,138
L-Abrine,Abrus precatorius,160511.0,CN[C@@H](Cc1c[nH]c2ccccc12)C(=O)O,SEA,PSMB9,,PSB9_HUMAN,,Proteasome subunit beta type-9,PSB9_HUMAN,,2.787e-08,0.39,139
L-Abrine,Abrus precatorius,160511.0,CN[C@@H](Cc1c[nH]c2ccccc12)C(=O)O,SEA,EPHA3,,EPHA3_HUMAN,,Ephrin type-A receptor 3,EPHA3_HUMAN,,3.078e-08,0.41,140
L-Abrine,Abrus precatorius,160511.0,CN[C@@H](Cc1c[nH]c2ccccc12)C(=O)O,SEA,LAP3,,AMPL_HUMAN,,Cytosol aminopeptidase,AMPL_HUMAN,,3.175e-08,0.32,141
L-Abrine,Abrus precatorius,160511.0,CN[C@@H](Cc1c[nH]c2ccccc12)C(=O)O,SEA,FOLH1,,FOLH1_HUMAN,,Glutamate carboxypeptidase 2,FOLH1_HUMAN,,3.258e-08,0.33,142
L-Abrine,Abrus precatorius,160511.0,CN[C@@H](Cc1c[nH]c2ccccc12)C(=O)O,SEA,IMPDH1,,IMDH1_HUMAN,,Inosine-5'-monophosphate dehydrogenase 1,IMDH1_HUMAN,,3.286e-08,0.41,143
L-Abrine,Abrus precatorius,160511.0,CN[C@@H](Cc1c[nH]c2ccccc12)C(=O)O,SEA,BMP1,,BMP1_HUMAN,,Bone morphogenetic protein 1,BMP1_HUMAN,,3.797e-08,0.49,144
L-Abrine,Abrus precatorius,160511.0,CN[C@@H](Cc1c[nH]c2ccccc12)C(=O)O,SEA,HTR2B,,5HT2B_HUMAN,,5-hydroxytryptamine receptor 2B,5HT2B_HUMAN,,3.924e-08,0.54,145
L-Abrine,Abrus precatorius,160511.0,CN[C@@H](Cc1c[nH]c2ccccc12)C(=O)O,SEA,SLC18A2,,VMAT2_HUMAN,,Synaptic vesicular amine transporter,VMAT2_HUMAN,,4.067e-08,0.30,146
L-Abrine,Abrus precatorius,160511.0,CN[C@@H](Cc1c[nH]c2ccccc12)C(=O)O,SEA,HDAC5,,HDAC5_HUMAN,,Histone deacetylase 5,HDAC5_HUMAN,,4.075e-08,0.40,147
L-Abrine,Abrus precatorius,160511.0,CN[C@@H](Cc1c[nH]c2ccccc12)C(=O)O,SEA,NPEPPS,,PSA_HUMAN,,Puromycin-sensitive aminopeptidase,PSA_HUMAN,,4.403e-08,0.33,148
L-Abrine,Abrus precatorius,160511.0,CN[C@@H](Cc1c[nH]c2ccccc12)C(=O)O,SEA,CBX7,,CBX7_HUMAN,,Chromobox protein homolog 7,CBX7_HUMAN,,4.914e-08,0.39,149
L-Abrine,Abrus precatorius,160511.0,CN[C@@H](Cc1c[nH]c2ccccc12)C(=O)O,SEA,HDAC7,,HDAC7_HUMAN,,Histone deacetylase 7,HDAC7_HUMAN,,4.966e-08,0.40,150
L-Abrine,Abrus precatorius,160511.0,CN[C@@H](Cc1c[nH]c2ccccc12)C(=O)O,SEA,PTPN2,,PTN2_HUMAN,,Tyrosine-protein phosphatase non-receptor type 2,PTN2_HUMAN,,5.175e-08,0.39,151
L-Abrine,Abrus precatorius,160511.0,CN[C@@H](Cc1c[nH]c2ccccc12)C(=O)O,SEA,GABRG2,,GBRG2_HUMAN,,Gamma-aminobutyric acid receptor subunit gamma-2,GBRG2_HUMAN,,6.738e-08,0.37,152
L-Abrine,Abrus precatorius,160511.0,CN[C@@H](Cc1c[nH]c2ccccc12)C(=O)O,SEA,PRKD2,,KPCD2_HUMAN,,Serine/threonine-protein kinase D2,KPCD2_HUMAN,,6.748e-08,0.38,153
L-Abrine,Abrus precatorius,160511.0,CN[C@@H](Cc1c[nH]c2ccccc12)C(=O)O,SEA,KCNA5,,KCNA5_HUMAN,,Potassium voltage-gated channel subfamily A member 5,KCNA5_HUMAN,,6.946e-08,0.55,154
L-Abrine,Abrus precatorius,160511.0,CN[C@@H](Cc1c[nH]c2ccccc12)C(=O)O,SEA,HTR2A,,5HT2A_HUMAN,,5-hydroxytryptamine receptor 2A,5HT2A_HUMAN,,7.883e-08,0.54,155
L-Abrine,Abrus precatorius,160511.0,CN[C@@H](Cc1c[nH]c2ccccc12)C(=O)O,SEA,DRD2,,DRD2_HUMAN,,D(2) dopamine receptor,DRD2_HUMAN,,9.744e-08,0.38,156
L-Abrine,Abrus precatorius,160511.0,CN[C@@H](Cc1c[nH]c2ccccc12)C(=O)O,SEA,ST14,,ST14_HUMAN,,Suppressor of tumorigenicity 14 protein,ST14_HUMAN,,1.123e-07,0.37,157
L-Abrine,Abrus precatorius,160511.0,CN[C@@H](Cc1c[nH]c2ccccc12)C(=O)O,SEA,GSK3A,,GSK3A_HUMAN,,Glycogen synthase kinase-3 alpha,GSK3A_HUMAN,,2.028e-07,0.38,158
L-Abrine,Abrus precatorius,160511.0,CN[C@@H](Cc1c[nH]c2ccccc12)C(=O)O,SEA,MAPK8,,MK08_HUMAN,,Mitogen-activated protein kinase 8,MK08_HUMAN,,2.298e-07,0.41,159
L-Abrine,Abrus precatorius,160511.0,CN[C@@H](Cc1c[nH]c2ccccc12)C(=O)O,SEA,PSMB5,,PSB5_HUMAN,,Proteasome subunit beta type-5,PSB5_HUMAN,,2.607e-07,0.34,160
L-Abrine,Abrus precatorius,160511.0,CN[C@@H](Cc1c[nH]c2ccccc12)C(=O)O,SEA,CASP5,,CASP5_HUMAN,,Caspase-5,CASP5_HUMAN,,3.078e-07,0.36,161
L-Abrine,Abrus precatorius,160511.0,CN[C@@H](Cc1c[nH]c2ccccc12)C(=O)O,SEA,HTR4,,5HT4R_HUMAN,,5-hydroxytryptamine receptor 4,5HT4R_HUMAN,,3.145e-07,0.34,162
L-Abrine,Abrus precatorius,160511.0,CN[C@@H](Cc1c[nH]c2ccccc12)C(=O)O,SEA,ADRB3,,ADRB3_HUMAN,,Beta-3 adrenergic receptor,ADRB3_HUMAN,,3.417e-07,0.42,163
L-Abrine,Abrus precatorius,160511.0,CN[C@@H](Cc1c[nH]c2ccccc12)C(=O)O,SEA,ANPEP,,AMPN_HUMAN,,Aminopeptidase N,AMPN_HUMAN,,4.751e-07,0.33,164
L-Abrine,Abrus precatorius,160511.0,CN[C@@H](Cc1c[nH]c2ccccc12)C(=O)O,SEA,TAOK3,,TAOK3_HUMAN,,Serine/threonine-protein kinase TAO3,TAOK3_HUMAN,,5.127e-07,0.38,165
L-Abrine,Abrus precatorius,160511.0,CN[C@@H](Cc1c[nH]c2ccccc12)C(=O)O,SEA,AKT2,,AKT2_HUMAN,,RAC-beta serine/threonine-protein kinase,AKT2_HUMAN,,5.616e-07,0.34,166
L-Abrine,Abrus precatorius,160511.0,CN[C@@H](Cc1c[nH]c2ccccc12)C(=O)O,SEA,CDC42BPA,,MRCKA_HUMAN,,Serine/threonine-protein kinase MRCK alpha,MRCKA_HUMAN,,6.736e-07,0.34,167
L-Abrine,Abrus precatorius,160511.0,CN[C@@H](Cc1c[nH]c2ccccc12)C(=O)O,SEA,SGK2,,SGK2_HUMAN,,Serine/threonine-protein kinase Sgk2,SGK2_HUMAN,,6.736e-07,0.34,168
L-Abrine,Abrus precatorius,160511.0,CN[C@@H](Cc1c[nH]c2ccccc12)C(=O)O,SEA,DYRK3,,DYRK3_HUMAN,,Dual specificity tyrosine-phosphorylation-regulated kinase 3,DYRK3_HUMAN,,6.843e-07,0.38,169
L-Abrine,Abrus precatorius,160511.0,CN[C@@H](Cc1c[nH]c2ccccc12)C(=O)O,SEA,PRKG2,,KGP2_HUMAN,,cGMP-dependent protein kinase 2,KGP2_HUMAN,,1.004e-06,0.32,170
L-Abrine,Abrus precatorius,160511.0,CN[C@@H](Cc1c[nH]c2ccccc12)C(=O)O,SEA,CAPNS1,,CPNS1_HUMAN,,Calpain small subunit 1,CPNS1_HUMAN,,1.005e-06,0.31,171
L-Abrine,Abrus precatorius,160511.0,CN[C@@H](Cc1c[nH]c2ccccc12)C(=O)O,SEA,PPARA,,PPARA_HUMAN,,Peroxisome proliferator-activated receptor alpha,PPARA_HUMAN,,1.699e-06,0.33,172
L-Abrine,Abrus precatorius,160511.0,CN[C@@H](Cc1c[nH]c2ccccc12)C(=O)O,SEA,ADAM9,,ADAM9_HUMAN,,Disintegrin and metalloproteinase domain-containing protein 9,ADAM9_HUMAN,,1.733e-06,0.52,173
L-Abrine,Abrus precatorius,160511.0,CN[C@@H](Cc1c[nH]c2ccccc12)C(=O)O,SEA,GSK3B,,GSK3B_HUMAN,,Glycogen synthase kinase-3 beta,GSK3B_HUMAN,,2.155e-06,0.38,174
L-Abrine,Abrus precatorius,160511.0,CN[C@@H](Cc1c[nH]c2ccccc12)C(=O)O,SEA,CASP4,,CASP4_HUMAN,,Caspase-4,CASP4_HUMAN,,2.697e-06,0.36,175
L-Abrine,Abrus precatorius,160511.0,CN[C@@H](Cc1c[nH]c2ccccc12)C(=O)O,SEA,IMPDH2,,IMDH2_HUMAN,,Inosine-5'-monophosphate dehydrogenase 2,IMDH2_HUMAN,,3.008e-06,0.41,176
L-Abrine,Abrus precatorius,160511.0,CN[C@@H](Cc1c[nH]c2ccccc12)C(=O)O,SEA,CAMKK2,,KKCC2_HUMAN,,Calcium/calmodulin-dependent protein kinase kinase 2,KKCC2_HUMAN,,4.172e-06,0.31,177
L-Abrine,Abrus precatorius,160511.0,CN[C@@H](Cc1c[nH]c2ccccc12)C(=O)O,SEA,STK3,,STK3_HUMAN,,Serine/threonine-protein kinase 3,STK3_HUMAN,,4.201e-06,0.38,178
L-Abrine,Abrus precatorius,160511.0,CN[C@@H](Cc1c[nH]c2ccccc12)C(=O)O,SEA,PRKAA1,,AAPK1_HUMAN,,5'-AMP-activated protein kinase catalytic subunit alpha-1,AAPK1_HUMAN,,4.929e-06,0.33,179
L-Abrine,Abrus precatorius,160511.0,CN[C@@H](Cc1c[nH]c2ccccc12)C(=O)O,SEA,RPS6KA3,,KS6A3_HUMAN,,Ribosomal protein S6 kinase alpha-3,KS6A3_HUMAN,,8.727e-06,0.38,180
L-Abrine,Abrus precatorius,160511.0,CN[C@@H](Cc1c[nH]c2ccccc12)C(=O)O,SEA,CBX4,,CBX4_HUMAN,,E3 SUMO-protein ligase CBX4,CBX4_HUMAN,,8.752e-06,0.34,181
L-Abrine,Abrus precatorius,160511.0,CN[C@@H](Cc1c[nH]c2ccccc12)C(=O)O,SEA,PRKX,,PRKX_HUMAN,,cAMP-dependent protein kinase catalytic subunit PRKX,PRKX_HUMAN,,9.561e-06,0.34,182
L-Abrine,Abrus precatorius,160511.0,CN[C@@H](Cc1c[nH]c2ccccc12)C(=O)O,SEA,CASP9,,CASP9_HUMAN,,Caspase-9,CASP9_HUMAN,,9.572e-06,0.36,183
L-Abrine,Abrus precatorius,160511.0,CN[C@@H](Cc1c[nH]c2ccccc12)C(=O)O,SwissTargetPrediction,"Indoleamine 2,3-dioxygenase",IDO1,P14902,CHEMBL4685,Enzyme,P14902,0.155759218072,,,1
L-Abrine,Abrus precatorius,160511.0,CN[C@@H](Cc1c[nH]c2ccccc12)C(=O)O,SwissTargetPrediction,Serotonin 2b (5-HT2b) receptor,HTR2B,P41595,CHEMBL1833,Family A G protein-coupled receptor,P41595,0.0864426933852,,,2
L-Abrine,Abrus precatorius,160511.0,CN[C@@H](Cc1c[nH]c2ccccc12)C(=O)O,SwissTargetPrediction,Serotonin 1a (5-HT1a) receptor,HTR1A,P08908,CHEMBL214,Family A G protein-coupled receptor,P08908,0.0864426933852,,,3
L-Abrine,Abrus precatorius,160511.0,CN[C@@H](Cc1c[nH]c2ccccc12)C(=O)O,SwissTargetPrediction,Serotonin 2a (5-HT2a) receptor,HTR2A,P28223,CHEMBL224,Family A G protein-coupled receptor,P28223,0.0864426933852,,,4
L-Abrine,Abrus precatorius,160511.0,CN[C@@H](Cc1c[nH]c2ccccc12)C(=O)O,SwissTargetPrediction,Serotonin 2c (5-HT2c) receptor,HTR2C,P28335,CHEMBL225,Family A G protein-coupled receptor,P28335,0.0864426933852,,,5
L-Abrine,Abrus precatorius,160511.0,CN[C@@H](Cc1c[nH]c2ccccc12)C(=O)O,SwissTargetPrediction,Serotonin 7 (5-HT7) receptor,HTR7,P34969,CHEMBL3155,Family A G protein-coupled receptor,P34969,0.0864426933852,,,6
L-Abrine,Abrus precatorius,160511.0,CN[C@@H](Cc1c[nH]c2ccccc12)C(=O)O,SwissTargetPrediction,Neurokinin 1 receptor,TACR1,P25103,CHEMBL249,Family A G protein-coupled receptor,P25103,0.0690974435253,,,7
L-Abrine,Abrus precatorius,160511.0,CN[C@@H](Cc1c[nH]c2ccccc12)C(=O)O,SwissTargetPrediction,Angiotensin-converting enzyme,ACE,P12821,CHEMBL1808,Protease,P12821,0.0604245879294,,,8
L-Abrine,Abrus precatorius,160511.0,CN[C@@H](Cc1c[nH]c2ccccc12)C(=O)O,SwissTargetPrediction,Cathepsin L,CTSL,P07711,CHEMBL3837,Protease,P07711,0.0604245879294,,,9
L-Abrine,Abrus precatorius,160511.0,CN[C@@H](Cc1c[nH]c2ccccc12)C(=O)O,SwissTargetPrediction,Ephrin type-A receptor 2,EPHA2,P29317,CHEMBL2068,Kinase,P29317,0.0604245879294,,,10
L-Abrine,Abrus precatorius,160511.0,CN[C@@H](Cc1c[nH]c2ccccc12)C(=O)O,SwissTargetPrediction,Ephrin type-B receptor 2,EPHB2,P29323,CHEMBL3290,Kinase,P29323,0.0604245879294,,,11
L-Abrine,Abrus precatorius,160511.0,CN[C@@H](Cc1c[nH]c2ccccc12)C(=O)O,SwissTargetPrediction,Ephrin type-A receptor 5,EPHA5,P54756,CHEMBL3987,Kinase,P54756,0.0604245879294,,,12
L-Abrine,Abrus precatorius,160511.0,CN[C@@H](Cc1c[nH]c2ccccc12)C(=O)O,SwissTargetPrediction,Ephrin type-A receptor 4,EPHA4,P54764,CHEMBL3988,Kinase,P54764,0.0604245879294,,,13
L-Abrine,Abrus precatorius,160511.0,CN[C@@H](Cc1c[nH]c2ccccc12)C(=O)O,SwissTargetPrediction,Ephrin type-A receptor 8,EPHA8,P29322,CHEMBL4134,Kinase,P29322,0.0604245879294,,,14
L-Abrine,Abrus precatorius,160511.0,CN[C@@H](Cc1c[nH]c2ccccc12)C(=O)O,SwissTargetPrediction,Ephrin type-A receptor 6,EPHA6,Q9UF33,CHEMBL4526,Kinase,Q9UF33,0.0604245879294,,,15
L-BORNYL-ACETATE,Abies alba,93009.0,CC(=O)OC1CC2CCC1(C2(C)C)C,PPB3,HL-60,,,,DNN(ECFP4+MHFP6),Homo sapiens,0.12,,,1
L-BORNYL-ACETATE,Abies alba,93009.0,CC(=O)OC1CC2CCC1(C2(C)C)C,PPB3,Solute carrier organic anion transporter family member 1B1,,,,DNN(ECFP4+MHFP6),Homo sapiens,0.11,,,2
L-BORNYL-ACETATE,Abies alba,93009.0,CC(=O)OC1CC2CCC1(C2(C)C)C,PPB3,Solute carrier organic anion transporter family member 1B3,,,,DNN(ECFP4+MHFP6),Homo sapiens,0.08,,,3
L-BORNYL-ACETATE,Abies alba,93009.0,CC(=O)OC1CC2CCC1(C2(C)C)C,PPB3,Prelamin-A/C,,,,DNN(ECFP4+MHFP6),Homo sapiens,0.04,,,4
L-BORNYL-ACETATE,Abies alba,93009.0,CC(=O)OC1CC2CCC1(C2(C)C)C,PPB3,Aldehyde dehydrogenase 1A1,,,,DNN(ECFP4+MHFP6),Homo sapiens,0.01,,,5
L-BORNYL-ACETATE,Abies alba,93009.0,CC(=O)OC1CC2CCC1(C2(C)C)C,PPB3,DNA polymerase beta,,,,DNN(ECFP4+MHFP6),Homo sapiens,0.0,,,6
L-BORNYL-ACETATE,Abies alba,93009.0,CC(=O)OC1CC2CCC1(C2(C)C)C,PPB3,Microtubule-associated protein tau,,,,DNN(ECFP4+MHFP6),Homo sapiens,0.0,,,7
L-BORNYL-ACETATE,Abies alba,93009.0,CC(=O)OC1CC2CCC1(C2(C)C)C,PPB3,NAD-dependent protein deacetylase sirtuin-6,,,,DNN(ECFP4+MHFP6),Homo sapiens,0.0,,,8
L-BORNYL-ACETATE,Abies alba,93009.0,CC(=O)OC1CC2CCC1(C2(C)C)C,PPB3,Menin/Histone-lysine N-methyltransferase MLL,,,,DNN(ECFP4+MHFP6),Homo sapiens,0.0,,,9
L-BORNYL-ACETATE,Abies alba,93009.0,CC(=O)OC1CC2CCC1(C2(C)C)C,PPB3,Heat shock protein HSP 90-alpha,,,,DNN(ECFP4+MHFP6),Homo sapiens,0.0,,,10
L-BORNYL-ACETATE,Abies alba,93009.0,CC(=O)OC1CC2CCC1(C2(C)C)C,PPB3,SW872,,,,DNN(ECFP4+MHFP6),Homo sapiens,0.0,,,11
L-BORNYL-ACETATE,Abies alba,93009.0,CC(=O)OC1CC2CCC1(C2(C)C)C,PPB3,C8166,,,,DNN(ECFP4+MHFP6),Homo sapiens,0.0,,,12
L-BORNYL-ACETATE,Abies alba,93009.0,CC(=O)OC1CC2CCC1(C2(C)C)C,PPB3,A2780,,,,DNN(ECFP4),Homo sapiens,0.27,,,13
L-BORNYL-ACETATE,Abies alba,93009.0,CC(=O)OC1CC2CCC1(C2(C)C)C,PPB3,Prelamin-A/C,,,,DNN(ECFP4),Homo sapiens,0.19,,,14
L-BORNYL-ACETATE,Abies alba,93009.0,CC(=O)OC1CC2CCC1(C2(C)C)C,PPB3,Solute carrier organic anion transporter family member 1B3,,,,DNN(ECFP4),Homo sapiens,0.18,,,15
L-BORNYL-ACETATE,Abies alba,93009.0,CC(=O)OC1CC2CCC1(C2(C)C)C,PPB3,LoVo,,,,DNN(ECFP4),Homo sapiens,0.17,,,16
L-BORNYL-ACETATE,Abies alba,93009.0,CC(=O)OC1CC2CCC1(C2(C)C)C,PPB3,Cytochrome P450 2C19,,,,DNN(ECFP4),Homo sapiens,0.16,,,17
L-BORNYL-ACETATE,Abies alba,93009.0,CC(=O)OC1CC2CCC1(C2(C)C)C,PPB3,Solute carrier organic anion transporter family member 1B1,,,,DNN(ECFP4),Homo sapiens,0.16,,,18
L-BORNYL-ACETATE,Abies alba,93009.0,CC(=O)OC1CC2CCC1(C2(C)C)C,PPB3,MAP kinase ERK2,,,,DNN(ECFP4),Homo sapiens,0.16,,,19
L-BORNYL-ACETATE,Abies alba,93009.0,CC(=O)OC1CC2CCC1(C2(C)C)C,PPB3,5637,,,,DNN(ECFP4),Homo sapiens,0.13,,,20
L-BORNYL-ACETATE,Abies alba,93009.0,CC(=O)OC1CC2CCC1(C2(C)C)C,PPB3,KB,,,,DNN(ECFP4),Homo sapiens,0.11,,,21
L-BORNYL-ACETATE,Abies alba,93009.0,CC(=O)OC1CC2CCC1(C2(C)C)C,PPB3,NCI-H187,,,,DNN(ECFP4),Homo sapiens,0.11,,,22
L-BORNYL-ACETATE,Abies alba,93009.0,CC(=O)OC1CC2CCC1(C2(C)C)C,PPB3,Menin/Histone-lysine N-methyltransferase MLL,,,,DNN(ECFP4),Homo sapiens,0.11,,,23
L-BORNYL-ACETATE,Abies alba,93009.0,CC(=O)OC1CC2CCC1(C2(C)C)C,PPB3,Cytochrome P450 3A4,,,,DNN(ECFP4),Homo sapiens,0.11,,,24
L-BORNYL-ACETATE,Abies alba,93009.0,CC(=O)OC1CC2CCC1(C2(C)C)C,PPB3,Solute carrier organic anion transporter family member 1B3,,,,DNN(RDKit),Homo sapiens,0.09,,,25
L-BORNYL-ACETATE,Abies alba,93009.0,CC(=O)OC1CC2CCC1(C2(C)C)C,PPB3,Solute carrier organic anion transporter family member 1B1,,,,DNN(RDKit),Homo sapiens,0.09,,,26
L-BORNYL-ACETATE,Abies alba,93009.0,CC(=O)OC1CC2CCC1(C2(C)C)C,PPB3,Prelamin-A/C,,,,DNN(RDKit),Homo sapiens,0.07,,,27
L-BORNYL-ACETATE,Abies alba,93009.0,CC(=O)OC1CC2CCC1(C2(C)C)C,PPB3,Microtubule-associated protein tau,,,,DNN(RDKit),Homo sapiens,0.04,,,28
L-BORNYL-ACETATE,Abies alba,93009.0,CC(=O)OC1CC2CCC1(C2(C)C)C,PPB3,Bile acid transporter,,,,DNN(RDKit),Homo sapiens,0.04,,,29
L-BORNYL-ACETATE,Abies alba,93009.0,CC(=O)OC1CC2CCC1(C2(C)C)C,PPB3,H9,,,,DNN(RDKit),Homo sapiens,0.04,,,30
L-BORNYL-ACETATE,Abies alba,93009.0,CC(=O)OC1CC2CCC1(C2(C)C)C,PPB3,11-beta-hydroxysteroid dehydrogenase 2,,,,DNN(RDKit),Homo sapiens,0.04,,,31
L-BORNYL-ACETATE,Abies alba,93009.0,CC(=O)OC1CC2CCC1(C2(C)C)C,PPB3,Aldehyde dehydrogenase 1A1,,,,DNN(RDKit),Homo sapiens,0.04,,,32
L-BORNYL-ACETATE,Abies alba,93009.0,CC(=O)OC1CC2CCC1(C2(C)C)C,PPB3,G-protein coupled bile acid receptor 1,,,,DNN(RDKit),Homo sapiens,0.03,,,33
L-BORNYL-ACETATE,Abies alba,93009.0,CC(=O)OC1CC2CCC1(C2(C)C)C,PPB3,Survival motor neuron protein,,,,DNN(RDKit),Homo sapiens,0.03,,,34
L-BORNYL-ACETATE,Abies alba,93009.0,CC(=O)OC1CC2CCC1(C2(C)C)C,PPB3,HeLa,,,,DNN(RDKit),Homo sapiens,0.02,,,35
L-BORNYL-ACETATE,Abies alba,93009.0,CC(=O)OC1CC2CCC1(C2(C)C)C,PPB3,Solute carrier organic anion transporter family member 1B3,,,,DNN(Layered),Homo sapiens,0.15,,,36
L-BORNYL-ACETATE,Abies alba,93009.0,CC(=O)OC1CC2CCC1(C2(C)C)C,PPB3,Solute carrier organic anion transporter family member 1B1,,,,DNN(Layered),Homo sapiens,0.13,,,37
L-BORNYL-ACETATE,Abies alba,93009.0,CC(=O)OC1CC2CCC1(C2(C)C)C,PPB3,Ubiquitin carboxyl-terminal hydrolase 2,,,,DNN(Layered),Homo sapiens,0.1,,,38
L-BORNYL-ACETATE,Abies alba,93009.0,CC(=O)OC1CC2CCC1(C2(C)C)C,PPB3,Microtubule-associated protein tau,,,,DNN(Layered),Homo sapiens,0.07,,,39
L-BORNYL-ACETATE,Abies alba,93009.0,CC(=O)OC1CC2CCC1(C2(C)C)C,PPB3,Cytochrome P450 2C19,,,,DNN(Layered),Homo sapiens,0.07,,,40
L-BORNYL-ACETATE,Abies alba,93009.0,CC(=O)OC1CC2CCC1(C2(C)C)C,PPB3,Menin/Histone-lysine N-methyltransferase MLL,,,,DNN(Layered),Homo sapiens,0.06,,,41
L-BORNYL-ACETATE,Abies alba,93009.0,CC(=O)OC1CC2CCC1(C2(C)C)C,PPB3,Neuropeptide S receptor,,,,DNN(Layered),Homo sapiens,0.06,,,42
L-BORNYL-ACETATE,Abies alba,93009.0,CC(=O)OC1CC2CCC1(C2(C)C)C,PPB3,MAP kinase ERK2,,,,DNN(Layered),Homo sapiens,0.05,,,43
L-BORNYL-ACETATE,Abies alba,93009.0,CC(=O)OC1CC2CCC1(C2(C)C)C,PPB3,H9,,,,DNN(Layered),Homo sapiens,0.05,,,44
L-BORNYL-ACETATE,Abies alba,93009.0,CC(=O)OC1CC2CCC1(C2(C)C)C,PPB3,Thyroid stimulating hormone receptor,,,,DNN(Layered),Homo sapiens,0.05,,,45
L-BORNYL-ACETATE,Abies alba,93009.0,CC(=O)OC1CC2CCC1(C2(C)C)C,PPB3,Aldehyde dehydrogenase 1A1,,,,DNN(Layered),Homo sapiens,0.05,,,46
L-BORNYL-ACETATE,Abies alba,93009.0,CC(=O)OC1CC2CCC1(C2(C)C)C,PPB3,Prelamin-A/C,,,,DNN(Layered),Homo sapiens,0.05,,,47
L-BORNYL-ACETATE,Abies alba,93009.0,CC(=O)OC1CC2CCC1(C2(C)C)C,PPB3,Cytochrome P450 19A1,,,,DNN(MHFP6),Homo sapiens,0.08,,,48
L-BORNYL-ACETATE,Abies alba,93009.0,CC(=O)OC1CC2CCC1(C2(C)C)C,PPB3,Solute carrier organic anion transporter family member 1B3,,,,DNN(MHFP6),Homo sapiens,0.03,,,49
L-BORNYL-ACETATE,Abies alba,93009.0,CC(=O)OC1CC2CCC1(C2(C)C)C,PPB3,Tyrosyl-DNA phosphodiesterase 1,,,,DNN(MHFP6),Homo sapiens,0.02,,,50
L-BORNYL-ACETATE,Abies alba,93009.0,CC(=O)OC1CC2CCC1(C2(C)C)C,PPB3,Solute carrier organic anion transporter family member 1B1,,,,DNN(MHFP6),Homo sapiens,0.02,,,51
L-BORNYL-ACETATE,Abies alba,93009.0,CC(=O)OC1CC2CCC1(C2(C)C)C,PPB3,HUVEC,,,,DNN(MHFP6),Homo sapiens,0.02,,,52
L-BORNYL-ACETATE,Abies alba,93009.0,CC(=O)OC1CC2CCC1(C2(C)C)C,PPB3,Cannabinoid CB2 receptor,,,,DNN(MHFP6),Homo sapiens,0.02,,,53
L-BORNYL-ACETATE,Abies alba,93009.0,CC(=O)OC1CC2CCC1(C2(C)C)C,PPB3,Solute carrier organic anion transporter family member 1B3,,,,DNN(ECFP6),Homo sapiens,0.82,,,54
L-BORNYL-ACETATE,Abies alba,93009.0,CC(=O)OC1CC2CCC1(C2(C)C)C,PPB3,Solute carrier organic anion transporter family member 1B1,,,,DNN(ECFP6),Homo sapiens,0.77,,,55
L-BORNYL-ACETATE,Abies alba,93009.0,CC(=O)OC1CC2CCC1(C2(C)C)C,PPB3,Survival motor neuron protein,,,,DNN(ECFP6),Homo sapiens,0.06,,,56
L-BORNYL-ACETATE,Abies alba,93009.0,CC(=O)OC1CC2CCC1(C2(C)C)C,PPB3,Prelamin-A/C,,,,DNN(ECFP6),Homo sapiens,0.04,,,57
L-BORNYL-ACETATE,Abies alba,93009.0,CC(=O)OC1CC2CCC1(C2(C)C)C,PPB3,Menin/Histone-lysine N-methyltransferase MLL,,,,DNN(ECFP6),Homo sapiens,0.04,,,58
L-BORNYL-ACETATE,Abies alba,93009.0,CC(=O)OC1CC2CCC1(C2(C)C)C,PPB3,Huntingtin,,,,DNN(ECFP6),Homo sapiens,0.03,,,59
L-BORNYL-ACETATE,Abies alba,93009.0,CC(=O)OC1CC2CCC1(C2(C)C)C,PPB3,Thyroid hormone receptor beta-1,,,,DNN(ECFP6),Homo sapiens,0.03,,,60
L-BORNYL-ACETATE,Abies alba,93009.0,CC(=O)OC1CC2CCC1(C2(C)C)C,PPB3,Neuropeptide S receptor,,,,DNN(ECFP6),Homo sapiens,0.03,,,61
L-BORNYL-ACETATE,Abies alba,93009.0,CC(=O)OC1CC2CCC1(C2(C)C)C,PPB3,Microtubule-associated protein tau,,,,DNN(ECFP6),Homo sapiens,0.03,,,62
L-BORNYL-ACETATE,Abies alba,93009.0,CC(=O)OC1CC2CCC1(C2(C)C)C,PPB3,Bloom syndrome protein,,,,DNN(ECFP6),Homo sapiens,0.03,,,63
L-BORNYL-ACETATE,Abies alba,93009.0,CC(=O)OC1CC2CCC1(C2(C)C)C,PPB3,Nuclear factor NF-kappa-B p105 subunit,,,,DNN(ECFP6),Homo sapiens,0.02,,,64
L-BORNYL-ACETATE,Abies alba,93009.0,CC(=O)OC1CC2CCC1(C2(C)C)C,PPB3,Solute carrier organic anion transporter family member 1B1,,,,DNN(AtomPair),Homo sapiens,0.35,,,65
L-BORNYL-ACETATE,Abies alba,93009.0,CC(=O)OC1CC2CCC1(C2(C)C)C,PPB3,Solute carrier organic anion transporter family member 1B3,,,,DNN(AtomPair),Homo sapiens,0.31,,,66
L-BORNYL-ACETATE,Abies alba,93009.0,CC(=O)OC1CC2CCC1(C2(C)C)C,PPB3,Nuclear factor NF-kappa-B p105 subunit,,,,DNN(AtomPair),Homo sapiens,0.17,,,67
L-BORNYL-ACETATE,Abies alba,93009.0,CC(=O)OC1CC2CCC1(C2(C)C)C,PPB3,Thrombopoietin,,,,DNN(AtomPair),Homo sapiens,0.1,,,68
L-BORNYL-ACETATE,Abies alba,93009.0,CC(=O)OC1CC2CCC1(C2(C)C)C,PPB3,Carboxylesterase 2,,,,DNN(AtomPair),Homo sapiens,0.06,,,69
L-BORNYL-ACETATE,Abies alba,93009.0,CC(=O)OC1CC2CCC1(C2(C)C)C,PPB3,Prelamin-A/C,,,,DNN(AtomPair),Homo sapiens,0.05,,,70
L-BORNYL-ACETATE,Abies alba,93009.0,CC(=O)OC1CC2CCC1(C2(C)C)C,PPB3,Glycine receptor subunit alpha-1,,,,DNN(AtomPair),Homo sapiens,0.04,,,71
L-BORNYL-ACETATE,Abies alba,93009.0,CC(=O)OC1CC2CCC1(C2(C)C)C,PPB3,Serotonin 7 (5-HT7) receptor,,,,DNN(AtomPair),Homo sapiens,0.03,,,72
L-BORNYL-ACETATE,Abies alba,93009.0,CC(=O)OC1CC2CCC1(C2(C)C)C,PPB3,Aldehyde dehydrogenase 1A1,,,,DNN(AtomPair),Homo sapiens,0.03,,,73
L-BORNYL-ACETATE,Abies alba,93009.0,CC(=O)OC1CC2CCC1(C2(C)C)C,PPB3,Solute carrier organic anion transporter family member 1B3,,,,Consensus,Homo sapiens,0.82,,,74
L-BORNYL-ACETATE,Abies alba,93009.0,CC(=O)OC1CC2CCC1(C2(C)C)C,PPB3,Solute carrier organic anion transporter family member 1B1,,,,Consensus,Homo sapiens,0.77,,,75
L-BORNYL-ACETATE,Abies alba,93009.0,CC(=O)OC1CC2CCC1(C2(C)C)C,PPB3,A2780,,,,Consensus,Homo sapiens,0.27,,,76
L-BORNYL-ACETATE,Abies alba,93009.0,CC(=O)OC1CC2CCC1(C2(C)C)C,PPB3,Prelamin-A/C,,,,Consensus,Homo sapiens,0.19,,,77
L-BORNYL-ACETATE,Abies alba,93009.0,CC(=O)OC1CC2CCC1(C2(C)C)C,PPB3,LoVo,,,,Consensus,Homo sapiens,0.17,,,78
L-BORNYL-ACETATE,Abies alba,93009.0,CC(=O)OC1CC2CCC1(C2(C)C)C,PPB3,Nuclear factor NF-kappa-B p105 subunit,,,,Consensus,Homo sapiens,0.17,,,79
L-BORNYL-ACETATE,Abies alba,93009.0,CC(=O)OC1CC2CCC1(C2(C)C)C,PPB3,Cytochrome P450 2C19,,,,Consensus,Homo sapiens,0.16,,,80
L-BORNYL-ACETATE,Abies alba,93009.0,CC(=O)OC1CC2CCC1(C2(C)C)C,PPB3,MAP kinase ERK2,,,,Consensus,Homo sapiens,0.16,,,81
L-BORNYL-ACETATE,Abies alba,93009.0,CC(=O)OC1CC2CCC1(C2(C)C)C,SEA,TAS2R31,,T2R31_HUMAN,,Taste receptor type 2 member 31,T2R31_HUMAN,,4.441e-16,0.31,1
L-BORNYL-ACETATE,Abies alba,93009.0,CC(=O)OC1CC2CCC1(C2(C)C)C,SEA,TRPM2,,TRPM2_HUMAN,,Transient receptor potential cation channel subfamily M member 2,TRPM2_HUMAN,,4.251e-12,0.30,2
L-BORNYL-ACETATE,Abies alba,93009.0,CC(=O)OC1CC2CCC1(C2(C)C)C,SEA,CPB2,,CBPB2_HUMAN,,Carboxypeptidase B2,CBPB2_HUMAN,,6.959e-08,0.39,3
L-BORNYL-ACETATE,Abies alba,93009.0,CC(=O)OC1CC2CCC1(C2(C)C)C,SwissTargetPrediction,Acetylcholinesterase,ACHE,P22303,CHEMBL220,Hydrolase,P22303,0.123286593176,,,1
L-BORNYL-ACETATE,Abies alba,93009.0,CC(=O)OC1CC2CCC1(C2(C)C)C,SwissTargetPrediction,Vitamin D receptor,VDR,P11473,CHEMBL1977,Nuclear receptor,P11473,0.0926446451291,,,2
L-BORNYL-ACETATE,Abies alba,93009.0,CC(=O)OC1CC2CCC1(C2(C)C)C,SwissTargetPrediction,Dual specificity phosphatase Cdc25A,CDC25A,P30304,CHEMBL3775,Phosphatase,P30304,0.0517133123472,,,3
L-BORNYL-ACETATE,Abies alba,93009.0,CC(=O)OC1CC2CCC1(C2(C)C)C,SwissTargetPrediction,Protein-tyrosine phosphatase 1B,PTPN1,P18031,CHEMBL335,Phosphatase,P18031,0.0414702990123,,,4
L-BORNYL-ACETATE,Abies alba,93009.0,CC(=O)OC1CC2CCC1(C2(C)C)C,SwissTargetPrediction,HMG-CoA reductase,HMGCR,P04035,CHEMBL402,Oxidoreductase,P04035,0.0312265582077,,,5
L-BORNYL-ACETATE,Abies alba,93009.0,CC(=O)OC1CC2CCC1(C2(C)C)C,SwissTargetPrediction,Cytochrome P450 19A1,CYP19A1,P11511,CHEMBL1978,Cytochrome P450,P11511,0.0312265582077,,,6
L-BORNYL-ACETATE,Abies alba,93009.0,CC(=O)OC1CC2CCC1(C2(C)C)C,SwissTargetPrediction,UDP-glucuronosyltransferase 2B7,UGT2B7,P16662,CHEMBL4370,Enzyme,P16662,0.0312265582077,,,7
L-BORNYL-ACETATE,Abies alba,93009.0,CC(=O)OC1CC2CCC1(C2(C)C)C,SwissTargetPrediction,Thromboxane-A synthase,TBXAS1,P24557,CHEMBL1835,Cytochrome P450,P24557,0.0312265582077,,,8
L-BORNYL-ACETATE,Abies alba,93009.0,CC(=O)OC1CC2CCC1(C2(C)C)C,SwissTargetPrediction,Cytochrome P450 11B1,CYP11B1,P15538,CHEMBL1908,Cytochrome P450,P15538,0.0312265582077,,,9
L-BORNYL-ACETATE,Abies alba,93009.0,CC(=O)OC1CC2CCC1(C2(C)C)C,SwissTargetPrediction,Cytochrome P450 11B2,CYP11B2,P19099,CHEMBL2722,Cytochrome P450,P19099,0.0312265582077,,,10
L-BORNYL-ACETATE,Abies alba,93009.0,CC(=O)OC1CC2CCC1(C2(C)C)C,SwissTargetPrediction,DNA polymerase alpha subunit,POLA1,P09884,CHEMBL1828,Transferase,P09884,0.0312265582077,,,11
L-BORNYL-ACETATE,Abies alba,93009.0,CC(=O)OC1CC2CCC1(C2(C)C)C,SwissTargetPrediction,11-beta-hydroxysteroid dehydrogenase 1,HSD11B1,P28845,CHEMBL4235,Enzyme,P28845,0.0312265582077,,,12
L-BORNYL-ACETATE,Abies alba,93009.0,CC(=O)OC1CC2CCC1(C2(C)C)C,SwissTargetPrediction,Alpha-2a adrenergic receptor,ADRA2A,P08913,CHEMBL1867,Family A G protein-coupled receptor,P08913,0.0312265582077,,,13
L-BORNYL-ACETATE,Abies alba,93009.0,CC(=O)OC1CC2CCC1(C2(C)C)C,SwissTargetPrediction,Adrenergic receptor alpha-2,ADRA2C,P18825,CHEMBL1916,Family A G protein-coupled receptor,P18825,0.0312265582077,,,14
L-BORNYL-ACETATE,Abies alba,93009.0,CC(=O)OC1CC2CCC1(C2(C)C)C,SwissTargetPrediction,Alpha-2b adrenergic receptor,ADRA2B,P18089,CHEMBL1942,Family A G protein-coupled receptor,P18089,0.0312265582077,,,15
TYROSINE,Abrus precatorius,6057.0,C1=CC(=CC=C1CC(C(=O)O)N)O,PPB3,L-type amino acid transporter 1,,,,DNN(ECFP4+MHFP6),Homo sapiens,0.99,,,1
TYROSINE,Abrus precatorius,6057.0,C1=CC(=CC=C1CC(C(=O)O)N)O,PPB3,Carbonic anhydrase VI,,,,DNN(ECFP4+MHFP6),Homo sapiens,0.98,,,2
TYROSINE,Abrus precatorius,6057.0,C1=CC(=CC=C1CC(C(=O)O)N)O,PPB3,Carbonic anhydrase II,,,,DNN(ECFP4+MHFP6),Homo sapiens,0.98,,,3
TYROSINE,Abrus precatorius,6057.0,C1=CC(=CC=C1CC(C(=O)O)N)O,PPB3,SLC16A10 protein,,,,DNN(ECFP4+MHFP6),Homo sapiens,0.98,,,4
TYROSINE,Abrus precatorius,6057.0,C1=CC(=CC=C1CC(C(=O)O)N)O,PPB3,Cholesterol 24-hydroxylase,,,,DNN(ECFP4+MHFP6),Homo sapiens,0.97,,,5
TYROSINE,Abrus precatorius,6057.0,C1=CC(=CC=C1CC(C(=O)O)N)O,PPB3,Carbonic anhydrase I,,,,DNN(ECFP4+MHFP6),Homo sapiens,0.89,,,6
TYROSINE,Abrus precatorius,6057.0,C1=CC(=CC=C1CC(C(=O)O)N)O,PPB3,Carbonic anhydrase VII,,,,DNN(ECFP4+MHFP6),Homo sapiens,0.72,,,7
TYROSINE,Abrus precatorius,6057.0,C1=CC(=CC=C1CC(C(=O)O)N)O,PPB3,Carbonic anhydrase XII,,,,DNN(ECFP4+MHFP6),Homo sapiens,0.55,,,8
TYROSINE,Abrus precatorius,6057.0,C1=CC(=CC=C1CC(C(=O)O)N)O,PPB3,Solute carrier organic anion transporter family member 1B1,,,,DNN(ECFP4+MHFP6),Homo sapiens,0.53,,,9
TYROSINE,Abrus precatorius,6057.0,C1=CC(=CC=C1CC(C(=O)O)N)O,PPB3,Carbonic anhydrase IV,,,,DNN(ECFP4+MHFP6),Homo sapiens,0.43,,,10
TYROSINE,Abrus precatorius,6057.0,C1=CC(=CC=C1CC(C(=O)O)N)O,PPB3,Solute carrier organic anion transporter family member 1B3,,,,DNN(ECFP4+MHFP6),Homo sapiens,0.42,,,11
TYROSINE,Abrus precatorius,6057.0,C1=CC(=CC=C1CC(C(=O)O)N)O,PPB3,Carbonic anhydrase III,,,,DNN(ECFP4+MHFP6),Homo sapiens,0.36,,,12
TYROSINE,Abrus precatorius,6057.0,C1=CC(=CC=C1CC(C(=O)O)N)O,PPB3,Carbonic anhydrase XIV,,,,DNN(ECFP4+MHFP6),Homo sapiens,0.35,,,13
TYROSINE,Abrus precatorius,6057.0,C1=CC(=CC=C1CC(C(=O)O)N)O,PPB3,Carbonic anhydrase VB,,,,DNN(ECFP4+MHFP6),Homo sapiens,0.32,,,14
TYROSINE,Abrus precatorius,6057.0,C1=CC(=CC=C1CC(C(=O)O)N)O,PPB3,Carbonic anhydrase VA,,,,DNN(ECFP4+MHFP6),Homo sapiens,0.18,,,15
TYROSINE,Abrus precatorius,6057.0,C1=CC(=CC=C1CC(C(=O)O)N)O,PPB3,Carbonic anhydrase XIII,,,,DNN(ECFP4+MHFP6),Homo sapiens,0.17,,,16
TYROSINE,Abrus precatorius,6057.0,C1=CC(=CC=C1CC(C(=O)O)N)O,PPB3,SLC16A10 protein,,,,DNN(ECFP4),Homo sapiens,0.99,,,17
TYROSINE,Abrus precatorius,6057.0,C1=CC(=CC=C1CC(C(=O)O)N)O,PPB3,L-type amino acid transporter 1,,,,DNN(ECFP4),Homo sapiens,0.97,,,18
TYROSINE,Abrus precatorius,6057.0,C1=CC(=CC=C1CC(C(=O)O)N)O,PPB3,Carbonic anhydrase VI,,,,DNN(ECFP4),Homo sapiens,0.92,,,19
TYROSINE,Abrus precatorius,6057.0,C1=CC(=CC=C1CC(C(=O)O)N)O,PPB3,Cholesterol 24-hydroxylase,,,,DNN(ECFP4),Homo sapiens,0.66,,,20
TYROSINE,Abrus precatorius,6057.0,C1=CC(=CC=C1CC(C(=O)O)N)O,PPB3,Carbonic anhydrase II,,,,DNN(ECFP4),Homo sapiens,0.64,,,21
TYROSINE,Abrus precatorius,6057.0,C1=CC(=CC=C1CC(C(=O)O)N)O,PPB3,Solute carrier organic anion transporter family member 1B1,,,,DNN(ECFP4),Homo sapiens,0.62,,,22
TYROSINE,Abrus precatorius,6057.0,C1=CC(=CC=C1CC(C(=O)O)N)O,PPB3,Carbonic anhydrase I,,,,DNN(ECFP4),Homo sapiens,0.6,,,23
TYROSINE,Abrus precatorius,6057.0,C1=CC(=CC=C1CC(C(=O)O)N)O,PPB3,Solute carrier organic anion transporter family member 1B3,,,,DNN(ECFP4),Homo sapiens,0.59,,,24
TYROSINE,Abrus precatorius,6057.0,C1=CC(=CC=C1CC(C(=O)O)N)O,PPB3,"Indoleamine 2,3-dioxygenase",,,,DNN(ECFP4),Homo sapiens,0.37,,,25
TYROSINE,Abrus precatorius,6057.0,C1=CC(=CC=C1CC(C(=O)O)N)O,PPB3,Carbonic anhydrase VII,,,,DNN(ECFP4),Homo sapiens,0.35,,,26
TYROSINE,Abrus precatorius,6057.0,C1=CC(=CC=C1CC(C(=O)O)N)O,PPB3,Carbonic anhydrase IV,,,,DNN(ECFP4),Homo sapiens,0.3,,,27
TYROSINE,Abrus precatorius,6057.0,C1=CC(=CC=C1CC(C(=O)O)N)O,PPB3,Bloom syndrome protein,,,,DNN(ECFP4),Homo sapiens,0.26,,,28
TYROSINE,Abrus precatorius,6057.0,C1=CC(=CC=C1CC(C(=O)O)N)O,PPB3,Carbonic anhydrase XIV,,,,DNN(ECFP4),Homo sapiens,0.24,,,29
TYROSINE,Abrus precatorius,6057.0,C1=CC(=CC=C1CC(C(=O)O)N)O,PPB3,Carbonic anhydrase VA,,,,DNN(ECFP4),Homo sapiens,0.15,,,30
TYROSINE,Abrus precatorius,6057.0,C1=CC(=CC=C1CC(C(=O)O)N)O,PPB3,Carbonic anhydrase VI,,,,DNN(RDKit),Homo sapiens,0.98,,,31
TYROSINE,Abrus precatorius,6057.0,C1=CC(=CC=C1CC(C(=O)O)N)O,PPB3,L-type amino acid transporter 1,,,,DNN(RDKit),Homo sapiens,0.97,,,32
TYROSINE,Abrus precatorius,6057.0,C1=CC(=CC=C1CC(C(=O)O)N)O,PPB3,SLC16A10 protein,,,,DNN(RDKit),Homo sapiens,0.95,,,33
TYROSINE,Abrus precatorius,6057.0,C1=CC(=CC=C1CC(C(=O)O)N)O,PPB3,Cholesterol 24-hydroxylase,,,,DNN(RDKit),Homo sapiens,0.78,,,34
TYROSINE,Abrus precatorius,6057.0,C1=CC(=CC=C1CC(C(=O)O)N)O,PPB3,Carbonic anhydrase VA,,,,DNN(RDKit),Homo sapiens,0.72,,,35
TYROSINE,Abrus precatorius,6057.0,C1=CC(=CC=C1CC(C(=O)O)N)O,PPB3,Carbonic anhydrase II,,,,DNN(RDKit),Homo sapiens,0.71,,,36
TYROSINE,Abrus precatorius,6057.0,C1=CC(=CC=C1CC(C(=O)O)N)O,PPB3,Carbonic anhydrase VB,,,,DNN(RDKit),Homo sapiens,0.71,,,37
TYROSINE,Abrus precatorius,6057.0,C1=CC(=CC=C1CC(C(=O)O)N)O,PPB3,Carbonic anhydrase VII,,,,DNN(RDKit),Homo sapiens,0.57,,,38
TYROSINE,Abrus precatorius,6057.0,C1=CC(=CC=C1CC(C(=O)O)N)O,PPB3,Carbonic anhydrase XIV,,,,DNN(RDKit),Homo sapiens,0.55,,,39
TYROSINE,Abrus precatorius,6057.0,C1=CC(=CC=C1CC(C(=O)O)N)O,PPB3,Solute carrier organic anion transporter family member 1B3,,,,DNN(RDKit),Homo sapiens,0.48,,,40
TYROSINE,Abrus precatorius,6057.0,C1=CC(=CC=C1CC(C(=O)O)N)O,PPB3,Carbonic anhydrase I,,,,DNN(RDKit),Homo sapiens,0.43,,,41
TYROSINE,Abrus precatorius,6057.0,C1=CC(=CC=C1CC(C(=O)O)N)O,PPB3,Solute carrier organic anion transporter family member 1B1,,,,DNN(RDKit),Homo sapiens,0.4,,,42
TYROSINE,Abrus precatorius,6057.0,C1=CC(=CC=C1CC(C(=O)O)N)O,PPB3,Carbonic anhydrase IV,,,,DNN(RDKit),Homo sapiens,0.29,,,43
TYROSINE,Abrus precatorius,6057.0,C1=CC(=CC=C1CC(C(=O)O)N)O,PPB3,Carbonic anhydrase XII,,,,DNN(RDKit),Homo sapiens,0.27,,,44
TYROSINE,Abrus precatorius,6057.0,C1=CC(=CC=C1CC(C(=O)O)N)O,PPB3,Nuclear factor NF-kappa-B p105 subunit,,,,DNN(RDKit),Homo sapiens,0.26,,,45
TYROSINE,Abrus precatorius,6057.0,C1=CC(=CC=C1CC(C(=O)O)N)O,PPB3,Bloom syndrome protein,,,,DNN(RDKit),Homo sapiens,0.21,,,46
TYROSINE,Abrus precatorius,6057.0,C1=CC(=CC=C1CC(C(=O)O)N)O,PPB3,Prelamin-A/C,,,,DNN(RDKit),Homo sapiens,0.17,,,47
TYROSINE,Abrus precatorius,6057.0,C1=CC(=CC=C1CC(C(=O)O)N)O,PPB3,Carbonic anhydrase XIII,,,,DNN(RDKit),Homo sapiens,0.17,,,48
TYROSINE,Abrus precatorius,6057.0,C1=CC(=CC=C1CC(C(=O)O)N)O,PPB3,SLC16A10 protein,,,,DNN(Layered),Homo sapiens,0.98,,,49
TYROSINE,Abrus precatorius,6057.0,C1=CC(=CC=C1CC(C(=O)O)N)O,PPB3,L-type amino acid transporter 1,,,,DNN(Layered),Homo sapiens,0.98,,,50
TYROSINE,Abrus precatorius,6057.0,C1=CC(=CC=C1CC(C(=O)O)N)O,PPB3,Cholesterol 24-hydroxylase,,,,DNN(Layered),Homo sapiens,0.92,,,51
TYROSINE,Abrus precatorius,6057.0,C1=CC(=CC=C1CC(C(=O)O)N)O,PPB3,Carbonic anhydrase II,,,,DNN(Layered),Homo sapiens,0.86,,,52
TYROSINE,Abrus precatorius,6057.0,C1=CC(=CC=C1CC(C(=O)O)N)O,PPB3,Carbonic anhydrase VI,,,,DNN(Layered),Homo sapiens,0.82,,,53
TYROSINE,Abrus precatorius,6057.0,C1=CC(=CC=C1CC(C(=O)O)N)O,PPB3,Carbonic anhydrase I,,,,DNN(Layered),Homo sapiens,0.74,,,54
TYROSINE,Abrus precatorius,6057.0,C1=CC(=CC=C1CC(C(=O)O)N)O,PPB3,Solute carrier organic anion transporter family member 1B3,,,,DNN(Layered),Homo sapiens,0.47,,,55
TYROSINE,Abrus precatorius,6057.0,C1=CC(=CC=C1CC(C(=O)O)N)O,PPB3,Solute carrier organic anion transporter family member 1B1,,,,DNN(Layered),Homo sapiens,0.39,,,56
TYROSINE,Abrus precatorius,6057.0,C1=CC(=CC=C1CC(C(=O)O)N)O,PPB3,Carbonic anhydrase XII,,,,DNN(Layered),Homo sapiens,0.2,,,57
TYROSINE,Abrus precatorius,6057.0,C1=CC(=CC=C1CC(C(=O)O)N)O,PPB3,Carbonic anhydrase IX,,,,DNN(Layered),Homo sapiens,0.15,,,58
TYROSINE,Abrus precatorius,6057.0,C1=CC(=CC=C1CC(C(=O)O)N)O,PPB3,Tyrosyl-DNA phosphodiesterase 1,,,,DNN(Layered),Homo sapiens,0.13,,,59
TYROSINE,Abrus precatorius,6057.0,C1=CC(=CC=C1CC(C(=O)O)N)O,PPB3,Aldehyde dehydrogenase 1A1,,,,DNN(Layered),Homo sapiens,0.13,,,60
TYROSINE,Abrus precatorius,6057.0,C1=CC(=CC=C1CC(C(=O)O)N)O,PPB3,Prelamin-A/C,,,,DNN(Layered),Homo sapiens,0.13,,,61
TYROSINE,Abrus precatorius,6057.0,C1=CC(=CC=C1CC(C(=O)O)N)O,PPB3,Carbonic anhydrase VII,,,,DNN(Layered),Homo sapiens,0.12,,,62
TYROSINE,Abrus precatorius,6057.0,C1=CC(=CC=C1CC(C(=O)O)N)O,PPB3,SLC16A10 protein,,,,DNN(MHFP6),Homo sapiens,0.98,,,63
TYROSINE,Abrus precatorius,6057.0,C1=CC(=CC=C1CC(C(=O)O)N)O,PPB3,L-type amino acid transporter 1,,,,DNN(MHFP6),Homo sapiens,0.98,,,64
TYROSINE,Abrus precatorius,6057.0,C1=CC(=CC=C1CC(C(=O)O)N)O,PPB3,Carbonic anhydrase II,,,,DNN(MHFP6),Homo sapiens,0.49,,,65
TYROSINE,Abrus precatorius,6057.0,C1=CC(=CC=C1CC(C(=O)O)N)O,PPB3,Carbonic anhydrase VI,,,,DNN(MHFP6),Homo sapiens,0.44,,,66
TYROSINE,Abrus precatorius,6057.0,C1=CC(=CC=C1CC(C(=O)O)N)O,PPB3,Carbonic anhydrase I,,,,DNN(MHFP6),Homo sapiens,0.42,,,67
TYROSINE,Abrus precatorius,6057.0,C1=CC(=CC=C1CC(C(=O)O)N)O,PPB3,Carbonic anhydrase XII,,,,DNN(MHFP6),Homo sapiens,0.33,,,68
TYROSINE,Abrus precatorius,6057.0,C1=CC(=CC=C1CC(C(=O)O)N)O,PPB3,Bloom syndrome protein,,,,DNN(MHFP6),Homo sapiens,0.29,,,69
TYROSINE,Abrus precatorius,6057.0,C1=CC(=CC=C1CC(C(=O)O)N)O,PPB3,Nuclear factor NF-kappa-B p105 subunit,,,,DNN(MHFP6),Homo sapiens,0.22,,,70
TYROSINE,Abrus precatorius,6057.0,C1=CC(=CC=C1CC(C(=O)O)N)O,PPB3,Prelamin-A/C,,,,DNN(MHFP6),Homo sapiens,0.22,,,71
TYROSINE,Abrus precatorius,6057.0,C1=CC(=CC=C1CC(C(=O)O)N)O,PPB3,Thyroid stimulating hormone receptor,,,,DNN(MHFP6),Homo sapiens,0.16,,,72
TYROSINE,Abrus precatorius,6057.0,C1=CC(=CC=C1CC(C(=O)O)N)O,PPB3,Microtubule-associated protein tau,,,,DNN(MHFP6),Homo sapiens,0.16,,,73
TYROSINE,Abrus precatorius,6057.0,C1=CC(=CC=C1CC(C(=O)O)N)O,PPB3,Cholesterol 24-hydroxylase,,,,DNN(MHFP6),Homo sapiens,0.16,,,74
TYROSINE,Abrus precatorius,6057.0,C1=CC(=CC=C1CC(C(=O)O)N)O,PPB3,Solute carrier organic anion transporter family member 1B1,,,,DNN(MHFP6),Homo sapiens,0.13,,,75
TYROSINE,Abrus precatorius,6057.0,C1=CC(=CC=C1CC(C(=O)O)N)O,PPB3,Solute carrier organic anion transporter family member 1B3,,,,DNN(MHFP6),Homo sapiens,0.12,,,76
TYROSINE,Abrus precatorius,6057.0,C1=CC(=CC=C1CC(C(=O)O)N)O,PPB3,SLC16A10 protein,,,,DNN(ECFP6),Homo sapiens,0.97,,,77
TYROSINE,Abrus precatorius,6057.0,C1=CC(=CC=C1CC(C(=O)O)N)O,PPB3,L-type amino acid transporter 1,,,,DNN(ECFP6),Homo sapiens,0.9,,,78
TYROSINE,Abrus precatorius,6057.0,C1=CC(=CC=C1CC(C(=O)O)N)O,PPB3,Carbonic anhydrase VI,,,,DNN(ECFP6),Homo sapiens,0.88,,,79
TYROSINE,Abrus precatorius,6057.0,C1=CC(=CC=C1CC(C(=O)O)N)O,PPB3,Carbonic anhydrase II,,,,DNN(ECFP6),Homo sapiens,0.83,,,80
TYROSINE,Abrus precatorius,6057.0,C1=CC(=CC=C1CC(C(=O)O)N)O,PPB3,Carbonic anhydrase VB,,,,DNN(ECFP6),Homo sapiens,0.76,,,81
TYROSINE,Abrus precatorius,6057.0,C1=CC(=CC=C1CC(C(=O)O)N)O,PPB3,Carbonic anhydrase I,,,,DNN(ECFP6),Homo sapiens,0.68,,,82
TYROSINE,Abrus precatorius,6057.0,C1=CC(=CC=C1CC(C(=O)O)N)O,PPB3,Carbonic anhydrase VA,,,,DNN(ECFP6),Homo sapiens,0.57,,,83
TYROSINE,Abrus precatorius,6057.0,C1=CC(=CC=C1CC(C(=O)O)N)O,PPB3,Carbonic anhydrase XII,,,,DNN(ECFP6),Homo sapiens,0.5,,,84
TYROSINE,Abrus precatorius,6057.0,C1=CC(=CC=C1CC(C(=O)O)N)O,PPB3,Solute carrier organic anion transporter family member 1B3,,,,DNN(ECFP6),Homo sapiens,0.48,,,85
TYROSINE,Abrus precatorius,6057.0,C1=CC(=CC=C1CC(C(=O)O)N)O,PPB3,Solute carrier organic anion transporter family member 1B1,,,,DNN(ECFP6),Homo sapiens,0.46,,,86
TYROSINE,Abrus precatorius,6057.0,C1=CC(=CC=C1CC(C(=O)O)N)O,PPB3,Carbonic anhydrase VII,,,,DNN(ECFP6),Homo sapiens,0.45,,,87
TYROSINE,Abrus precatorius,6057.0,C1=CC(=CC=C1CC(C(=O)O)N)O,PPB3,Carbonic anhydrase XIV,,,,DNN(ECFP6),Homo sapiens,0.41,,,88
TYROSINE,Abrus precatorius,6057.0,C1=CC(=CC=C1CC(C(=O)O)N)O,PPB3,Carbonic anhydrase IV,,,,DNN(ECFP6),Homo sapiens,0.33,,,89
TYROSINE,Abrus precatorius,6057.0,C1=CC(=CC=C1CC(C(=O)O)N)O,PPB3,Carbonic anhydrase XIII,,,,DNN(ECFP6),Homo sapiens,0.22,,,90
TYROSINE,Abrus precatorius,6057.0,C1=CC(=CC=C1CC(C(=O)O)N)O,PPB3,Bloom syndrome protein,,,,DNN(ECFP6),Homo sapiens,0.21,,,91
TYROSINE,Abrus precatorius,6057.0,C1=CC(=CC=C1CC(C(=O)O)N)O,PPB3,L-type amino acid transporter 1,,,,DNN(AtomPair),Homo sapiens,0.98,,,92
TYROSINE,Abrus precatorius,6057.0,C1=CC(=CC=C1CC(C(=O)O)N)O,PPB3,SLC16A10 protein,,,,DNN(AtomPair),Homo sapiens,0.98,,,93
TYROSINE,Abrus precatorius,6057.0,C1=CC(=CC=C1CC(C(=O)O)N)O,PPB3,Carbonic anhydrase VI,,,,DNN(AtomPair),Homo sapiens,0.97,,,94
TYROSINE,Abrus precatorius,6057.0,C1=CC(=CC=C1CC(C(=O)O)N)O,PPB3,Carbonic anhydrase II,,,,DNN(AtomPair),Homo sapiens,0.71,,,95
TYROSINE,Abrus precatorius,6057.0,C1=CC(=CC=C1CC(C(=O)O)N)O,PPB3,Carbonic anhydrase I,,,,DNN(AtomPair),Homo sapiens,0.67,,,96
TYROSINE,Abrus precatorius,6057.0,C1=CC(=CC=C1CC(C(=O)O)N)O,PPB3,Cholesterol 24-hydroxylase,,,,DNN(AtomPair),Homo sapiens,0.66,,,97
TYROSINE,Abrus precatorius,6057.0,C1=CC(=CC=C1CC(C(=O)O)N)O,PPB3,Carbonic anhydrase VII,,,,DNN(AtomPair),Homo sapiens,0.6,,,98
TYROSINE,Abrus precatorius,6057.0,C1=CC(=CC=C1CC(C(=O)O)N)O,PPB3,Bloom syndrome protein,,,,DNN(AtomPair),Homo sapiens,0.58,,,99
TYROSINE,Abrus precatorius,6057.0,C1=CC(=CC=C1CC(C(=O)O)N)O,PPB3,Carbonic anhydrase IV,,,,DNN(AtomPair),Homo sapiens,0.57,,,100
TYROSINE,Abrus precatorius,6057.0,C1=CC(=CC=C1CC(C(=O)O)N)O,PPB3,Solute carrier organic anion transporter family member 1B3,,,,DNN(AtomPair),Homo sapiens,0.45,,,101
TYROSINE,Abrus precatorius,6057.0,C1=CC(=CC=C1CC(C(=O)O)N)O,PPB3,Carbonic anhydrase XIII,,,,DNN(AtomPair),Homo sapiens,0.43,,,102
TYROSINE,Abrus precatorius,6057.0,C1=CC(=CC=C1CC(C(=O)O)N)O,PPB3,Carbonic anhydrase XII,,,,DNN(AtomPair),Homo sapiens,0.41,,,103
TYROSINE,Abrus precatorius,6057.0,C1=CC(=CC=C1CC(C(=O)O)N)O,PPB3,Carbonic anhydrase IX,,,,DNN(AtomPair),Homo sapiens,0.37,,,104
TYROSINE,Abrus precatorius,6057.0,C1=CC(=CC=C1CC(C(=O)O)N)O,PPB3,Solute carrier organic anion transporter family member 1B1,,,,DNN(AtomPair),Homo sapiens,0.36,,,105
TYROSINE,Abrus precatorius,6057.0,C1=CC(=CC=C1CC(C(=O)O)N)O,PPB3,Carbonic anhydrase VB,,,,DNN(AtomPair),Homo sapiens,0.33,,,106
TYROSINE,Abrus precatorius,6057.0,C1=CC(=CC=C1CC(C(=O)O)N)O,PPB3,Prelamin-A/C,,,,DNN(AtomPair),Homo sapiens,0.28,,,107
TYROSINE,Abrus precatorius,6057.0,C1=CC(=CC=C1CC(C(=O)O)N)O,PPB3,Carbonic anhydrase VA,,,,DNN(AtomPair),Homo sapiens,0.28,,,108
TYROSINE,Abrus precatorius,6057.0,C1=CC(=CC=C1CC(C(=O)O)N)O,PPB3,SLC16A10 protein,,,,Consensus,Homo sapiens,0.99,,,109
TYROSINE,Abrus precatorius,6057.0,C1=CC(=CC=C1CC(C(=O)O)N)O,PPB3,L-type amino acid transporter 1,,,,Consensus,Homo sapiens,0.99,,,110
TYROSINE,Abrus precatorius,6057.0,C1=CC(=CC=C1CC(C(=O)O)N)O,PPB3,Carbonic anhydrase VI,,,,Consensus,Homo sapiens,0.98,,,111
TYROSINE,Abrus precatorius,6057.0,C1=CC(=CC=C1CC(C(=O)O)N)O,PPB3,Carbonic anhydrase II,,,,Consensus,Homo sapiens,0.98,,,112
TYROSINE,Abrus precatorius,6057.0,C1=CC(=CC=C1CC(C(=O)O)N)O,PPB3,Cholesterol 24-hydroxylase,,,,Consensus,Homo sapiens,0.97,,,113
TYROSINE,Abrus precatorius,6057.0,C1=CC(=CC=C1CC(C(=O)O)N)O,PPB3,Carbonic anhydrase I,,,,Consensus,Homo sapiens,0.89,,,114
TYROSINE,Abrus precatorius,6057.0,C1=CC(=CC=C1CC(C(=O)O)N)O,PPB3,Carbonic anhydrase VB,,,,Consensus,Homo sapiens,0.76,,,115
TYROSINE,Abrus precatorius,6057.0,C1=CC(=CC=C1CC(C(=O)O)N)O,PPB3,Carbonic anhydrase VA,,,,Consensus,Homo sapiens,0.72,,,116
TYROSINE,Abrus precatorius,6057.0,C1=CC(=CC=C1CC(C(=O)O)N)O,PPB3,Carbonic anhydrase VII,,,,Consensus,Homo sapiens,0.72,,,117
TYROSINE,Abrus precatorius,6057.0,C1=CC(=CC=C1CC(C(=O)O)N)O,PPB3,Solute carrier organic anion transporter family member 1B1,,,,Consensus,Homo sapiens,0.62,,,118
TYROSINE,Abrus precatorius,6057.0,C1=CC(=CC=C1CC(C(=O)O)N)O,PPB3,Solute carrier organic anion transporter family member 1B3,,,,Consensus,Homo sapiens,0.59,,,119
TYROSINE,Abrus precatorius,6057.0,C1=CC(=CC=C1CC(C(=O)O)N)O,PPB3,Bloom syndrome protein,,,,Consensus,Homo sapiens,0.58,,,120
TYROSINE,Abrus precatorius,6057.0,C1=CC(=CC=C1CC(C(=O)O)N)O,PPB3,Carbonic anhydrase IV,,,,Consensus,Homo sapiens,0.57,,,121
TYROSINE,Abrus precatorius,6057.0,C1=CC(=CC=C1CC(C(=O)O)N)O,PPB3,Carbonic anhydrase XII,,,,Consensus,Homo sapiens,0.55,,,122
TYROSINE,Abrus precatorius,6057.0,C1=CC(=CC=C1CC(C(=O)O)N)O,PPB3,Carbonic anhydrase XIV,,,,Consensus,Homo sapiens,0.55,,,123
TYROSINE,Abrus precatorius,6057.0,C1=CC(=CC=C1CC(C(=O)O)N)O,PPB3,Carbonic anhydrase IX,,,,Consensus,Homo sapiens,0.37,,,124
TYROSINE,Abrus precatorius,6057.0,C1=CC(=CC=C1CC(C(=O)O)N)O,SEA,YARS1,,SYYC_HUMAN,,"Tyrosine--tRNA ligase, cytoplasmic",SYYC_HUMAN,,3.284e-162,0.65,1
TYROSINE,Abrus precatorius,6057.0,C1=CC(=CC=C1CC(C(=O)O)N)O,SEA,TPH1,,TPH1_HUMAN,,Tryptophan 5-hydroxylase 1,TPH1_HUMAN,,2.942e-157,0.44,2
TYROSINE,Abrus precatorius,6057.0,C1=CC(=CC=C1CC(C(=O)O)N)O,SEA,SLC7A5,,LAT1_HUMAN,,Large neutral amino acids transporter small subunit 1,LAT1_HUMAN,,2.097e-94,0.53,3
TYROSINE,Abrus precatorius,6057.0,C1=CC(=CC=C1CC(C(=O)O)N)O,SEA,GRIA1,,GRIA1_HUMAN,,Glutamate receptor 1,GRIA1_HUMAN,,5.206e-94,0.41,4
TYROSINE,Abrus precatorius,6057.0,C1=CC(=CC=C1CC(C(=O)O)N)O,SEA,GRIK1,,GRIK1_HUMAN,,"Glutamate receptor ionotropic, kainate 1",GRIK1_HUMAN,,1.162e-80,0.39,5
TYROSINE,Abrus precatorius,6057.0,C1=CC(=CC=C1CC(C(=O)O)N)O,SEA,CPA1,,CBPA1_HUMAN,,Carboxypeptidase A1,CBPA1_HUMAN,,5.057e-77,0.41,6
TYROSINE,Abrus precatorius,6057.0,C1=CC(=CC=C1CC(C(=O)O)N)O,SEA,SLC15A1,,S15A1_HUMAN,,Solute carrier family 15 member 1,S15A1_HUMAN,,1.796e-69,0.47,7
TYROSINE,Abrus precatorius,6057.0,C1=CC(=CC=C1CC(C(=O)O)N)O,SEA,GRIK5,,GRIK5_HUMAN,,"Glutamate receptor ionotropic, kainate 5",GRIK5_HUMAN,,1.514e-67,0.39,8
TYROSINE,Abrus precatorius,6057.0,C1=CC(=CC=C1CC(C(=O)O)N)O,SEA,CPA3,,CBPA3_HUMAN,,Mast cell carboxypeptidase A,CBPA3_HUMAN,,1.099e-66,0.37,9
TYROSINE,Abrus precatorius,6057.0,C1=CC(=CC=C1CC(C(=O)O)N)O,SEA,GRIK2,,GRIK2_HUMAN,,"Glutamate receptor ionotropic, kainate 2",GRIK2_HUMAN,,5.506e-65,0.35,10
TYROSINE,Abrus precatorius,6057.0,C1=CC(=CC=C1CC(C(=O)O)N)O,SEA,KYNU,,KYNU_HUMAN,,Kynureninase,KYNU_HUMAN,,1.542e-64,0.41,11
TYROSINE,Abrus precatorius,6057.0,C1=CC(=CC=C1CC(C(=O)O)N)O,SEA,TPH2,,TPH2_HUMAN,,Tryptophan 5-hydroxylase 2,TPH2_HUMAN,,2.238e-60,0.30,12
TYROSINE,Abrus precatorius,6057.0,C1=CC(=CC=C1CC(C(=O)O)N)O,SEA,PCNA,,PCNA_HUMAN,,Proliferating cell nuclear antigen,PCNA_HUMAN,,5.272e-56,0.56,13
TYROSINE,Abrus precatorius,6057.0,C1=CC(=CC=C1CC(C(=O)O)N)O,SEA,ERAP2,,ERAP2_HUMAN,,Endoplasmic reticulum aminopeptidase 2,ERAP2_HUMAN,,2.393e-54,0.49,14
TYROSINE,Abrus precatorius,6057.0,C1=CC(=CC=C1CC(C(=O)O)N)O,SEA,MME,,NEP_HUMAN,,Neprilysin,NEP_HUMAN,,1.852e-51,0.41,15
TYROSINE,Abrus precatorius,6057.0,C1=CC(=CC=C1CC(C(=O)O)N)O,SEA,ARG1,,ARGI1_HUMAN,,Arginase-1,ARGI1_HUMAN,,1.795e-49,0.32,16
TYROSINE,Abrus precatorius,6057.0,C1=CC(=CC=C1CC(C(=O)O)N)O,SEA,ANPEP,,AMPN_HUMAN,,Aminopeptidase N,AMPN_HUMAN,,2.022e-49,0.44,17
TYROSINE,Abrus precatorius,6057.0,C1=CC(=CC=C1CC(C(=O)O)N)O,SEA,LAP3,,AMPL_HUMAN,,Cytosol aminopeptidase,AMPL_HUMAN,,2.458e-45,0.44,18
TYROSINE,Abrus precatorius,6057.0,C1=CC(=CC=C1CC(C(=O)O)N)O,SEA,SLC1A1,,EAA3_HUMAN,,Excitatory amino acid transporter 3,EAA3_HUMAN,,4.974e-45,0.40,19
TYROSINE,Abrus precatorius,6057.0,C1=CC(=CC=C1CC(C(=O)O)N)O,SEA,ACE2,,ACE2_HUMAN,,Angiotensin-converting enzyme 2,ACE2_HUMAN,,5.1e-45,0.41,20
TYROSINE,Abrus precatorius,6057.0,C1=CC(=CC=C1CC(C(=O)O)N)O,SEA,GRIA3,,GRIA3_HUMAN,,Glutamate receptor 3,GRIA3_HUMAN,,1.21e-43,0.36,21
TYROSINE,Abrus precatorius,6057.0,C1=CC(=CC=C1CC(C(=O)O)N)O,SEA,ARG2,,ARGI2_HUMAN,,"Arginase-2, mitochondrial",ARGI2_HUMAN,,6.678e-41,0.32,22
TYROSINE,Abrus precatorius,6057.0,C1=CC(=CC=C1CC(C(=O)O)N)O,SEA,OPRD1,,OPRD_HUMAN,,Delta-type opioid receptor,OPRD_HUMAN,,1.004e-40,0.46,23
TYROSINE,Abrus precatorius,6057.0,C1=CC(=CC=C1CC(C(=O)O)N)O,SEA,KIF11,,KIF11_HUMAN,,Kinesin-like protein KIF11,KIF11_HUMAN,,1.101e-39,0.47,24
TYROSINE,Abrus precatorius,6057.0,C1=CC(=CC=C1CC(C(=O)O)N)O,SEA,CSK,,CSK_HUMAN,,Tyrosine-protein kinase CSK,CSK_HUMAN,,4.105e-39,0.65,25
TYROSINE,Abrus precatorius,6057.0,C1=CC(=CC=C1CC(C(=O)O)N)O,SEA,GFPT1,,GFPT1_HUMAN,,Glutamine--fructose-6-phosphate aminotransferase [isomerizing] 1,GFPT1_HUMAN,,4.356e-39,0.34,26
TYROSINE,Abrus precatorius,6057.0,C1=CC(=CC=C1CC(C(=O)O)N)O,SEA,DNPEP,,DNPEP_HUMAN,,Aspartyl aminopeptidase,DNPEP_HUMAN,,5.211e-38,0.40,27
TYROSINE,Abrus precatorius,6057.0,C1=CC(=CC=C1CC(C(=O)O)N)O,SEA,USP4,,UBP4_HUMAN,,Ubiquitin carboxyl-terminal hydrolase 4,UBP4_HUMAN,,2.435e-37,0.30,28
TYROSINE,Abrus precatorius,6057.0,C1=CC(=CC=C1CC(C(=O)O)N)O,SEA,ALDH5A1,,SSDH_HUMAN,,"Succinate-semialdehyde dehydrogenase, mitochondrial",SSDH_HUMAN,,3.56e-37,0.29,29
TYROSINE,Abrus precatorius,6057.0,C1=CC(=CC=C1CC(C(=O)O)N)O,SEA,TH,,TY3H_HUMAN,,Tyrosine 3-monooxygenase,TY3H_HUMAN,,3.058e-36,0.59,30
TYROSINE,Abrus precatorius,6057.0,C1=CC(=CC=C1CC(C(=O)O)N)O,SEA,OTC,,OTC_HUMAN,,"Ornithine carbamoyltransferase, mitochondrial",OTC_HUMAN,,3.875e-36,0.29,31
TYROSINE,Abrus precatorius,6057.0,C1=CC(=CC=C1CC(C(=O)O)N)O,SEA,ACE,,ACE_HUMAN,,Angiotensin-converting enzyme,ACE_HUMAN,,9.068e-36,0.48,32
TYROSINE,Abrus precatorius,6057.0,C1=CC(=CC=C1CC(C(=O)O)N)O,SEA,BHMT2,,BHMT2_HUMAN,,S-methylmethionine--homocysteine S-methyltransferase BHMT2,BHMT2_HUMAN,,1.097e-35,0.28,33
TYROSINE,Abrus precatorius,6057.0,C1=CC(=CC=C1CC(C(=O)O)N)O,SEA,LNPEP,,LCAP_HUMAN,,Leucyl-cystinyl aminopeptidase,LCAP_HUMAN,,3.384e-30,0.46,34
TYROSINE,Abrus precatorius,6057.0,C1=CC(=CC=C1CC(C(=O)O)N)O,SEA,FAP,,SEPR_HUMAN,,Prolyl endopeptidase FAP,SEPR_HUMAN,,6.724e-30,0.33,35
TYROSINE,Abrus precatorius,6057.0,C1=CC(=CC=C1CC(C(=O)O)N)O,SEA,GRIA4,,GRIA4_HUMAN,,Glutamate receptor 4,GRIA4_HUMAN,,7.501e-30,0.39,36
TYROSINE,Abrus precatorius,6057.0,C1=CC(=CC=C1CC(C(=O)O)N)O,SEA,SLC1A5,,AAAT_HUMAN,,Neutral amino acid transporter B(0),AAAT_HUMAN,,1.85e-29,0.29,37
TYROSINE,Abrus precatorius,6057.0,C1=CC(=CC=C1CC(C(=O)O)N)O,SEA,RNPEP,,AMPB_HUMAN,,Aminopeptidase B,AMPB_HUMAN,,5.642e-28,0.40,38
TYROSINE,Abrus precatorius,6057.0,C1=CC(=CC=C1CC(C(=O)O)N)O,SEA,ERAP1,,ERAP1_HUMAN,,Endoplasmic reticulum aminopeptidase 1,ERAP1_HUMAN,,7.943e-28,0.44,39
TYROSINE,Abrus precatorius,6057.0,C1=CC(=CC=C1CC(C(=O)O)N)O,SEA,GRIK3,,GRIK3_HUMAN,,"Glutamate receptor ionotropic, kainate 3",GRIK3_HUMAN,,8.067e-28,0.39,40
TYROSINE,Abrus precatorius,6057.0,C1=CC(=CC=C1CC(C(=O)O)N)O,SEA,SLCO4C1,,SO4C1_HUMAN,,Solute carrier organic anion transporter family member 4C1,SO4C1_HUMAN,,1.237e-26,0.43,41
TYROSINE,Abrus precatorius,6057.0,C1=CC(=CC=C1CC(C(=O)O)N)O,SEA,NAALAD2,,NALD2_HUMAN,,N-acetylated-alpha-linked acidic dipeptidase 2,NALD2_HUMAN,,1.375e-25,0.45,42
TYROSINE,Abrus precatorius,6057.0,C1=CC(=CC=C1CC(C(=O)O)N)O,SEA,ENPEP,,AMPE_HUMAN,,Glutamyl aminopeptidase,AMPE_HUMAN,,2.486e-24,0.44,43
TYROSINE,Abrus precatorius,6057.0,C1=CC(=CC=C1CC(C(=O)O)N)O,SEA,USP5,,UBP5_HUMAN,,Ubiquitin carboxyl-terminal hydrolase 5,UBP5_HUMAN,,4.904e-24,0.30,44
TYROSINE,Abrus precatorius,6057.0,C1=CC(=CC=C1CC(C(=O)O)N)O,SEA,ABAT,,GABT_HUMAN,,"4-aminobutyrate aminotransferase, mitochondrial",GABT_HUMAN,,6.243e-24,0.29,45
TYROSINE,Abrus precatorius,6057.0,C1=CC(=CC=C1CC(C(=O)O)N)O,SEA,TMPRSS6,,TMPS6_HUMAN,,Transmembrane protease serine 6,TMPS6_HUMAN,,7.99e-23,0.34,46
TYROSINE,Abrus precatorius,6057.0,C1=CC(=CC=C1CC(C(=O)O)N)O,SEA,GRM8,,GRM8_HUMAN,,Metabotropic glutamate receptor 8,GRM8_HUMAN,,1.978e-22,0.32,47
TYROSINE,Abrus precatorius,6057.0,C1=CC(=CC=C1CC(C(=O)O)N)O,SEA,GRIA2,,GRIA2_HUMAN,,Glutamate receptor 2,GRIA2_HUMAN,,2.071e-22,0.41,48
TYROSINE,Abrus precatorius,6057.0,C1=CC(=CC=C1CC(C(=O)O)N)O,SEA,BHMT,,BHMT1_HUMAN,,Betaine--homocysteine S-methyltransferase 1,BHMT1_HUMAN,,2.104e-22,0.36,49
TYROSINE,Abrus precatorius,6057.0,C1=CC(=CC=C1CC(C(=O)O)N)O,SEA,SLC1A2,,EAA2_HUMAN,,Excitatory amino acid transporter 2,EAA2_HUMAN,,4.795e-22,0.39,50
TYROSINE,Abrus precatorius,6057.0,C1=CC(=CC=C1CC(C(=O)O)N)O,SEA,HLA-A,,HLAA_HUMAN,,"HLA class I histocompatibility antigen, A alpha chain",HLAA_HUMAN,,5.318e-20,0.30,51
TYROSINE,Abrus precatorius,6057.0,C1=CC(=CC=C1CC(C(=O)O)N)O,SEA,TYR,,TYRO_HUMAN,,Tyrosinase,TYRO_HUMAN,,6.321e-20,0.38,52
TYROSINE,Abrus precatorius,6057.0,C1=CC(=CC=C1CC(C(=O)O)N)O,SEA,GRM6,,GRM6_HUMAN,,Metabotropic glutamate receptor 6,GRM6_HUMAN,,1.639e-19,0.34,53
TYROSINE,Abrus precatorius,6057.0,C1=CC(=CC=C1CC(C(=O)O)N)O,SEA,AKT1S1,,AKTS1_HUMAN,,Proline-rich AKT1 substrate 1,AKTS1_HUMAN,,1.913e-19,0.31,54
TYROSINE,Abrus precatorius,6057.0,C1=CC(=CC=C1CC(C(=O)O)N)O,SEA,GNPAT,,GNPAT_HUMAN,,Dihydroxyacetone phosphate acyltransferase,GNPAT_HUMAN,,2.886e-19,0.31,55
TYROSINE,Abrus precatorius,6057.0,C1=CC(=CC=C1CC(C(=O)O)N)O,SEA,GSTM1,,GSTM1_HUMAN,,Glutathione S-transferase Mu 1,GSTM1_HUMAN,,4.11e-19,0.30,56
TYROSINE,Abrus precatorius,6057.0,C1=CC(=CC=C1CC(C(=O)O)N)O,SEA,GCLC,,GSH1_HUMAN,,Glutamate--cysteine ligase catalytic subunit,GSH1_HUMAN,,6.741e-19,0.30,57
TYROSINE,Abrus precatorius,6057.0,C1=CC(=CC=C1CC(C(=O)O)N)O,SEA,LY96,,LY96_HUMAN,,Lymphocyte antigen 96,LY96_HUMAN,,7.249e-19,0.36,58
TYROSINE,Abrus precatorius,6057.0,C1=CC(=CC=C1CC(C(=O)O)N)O,SEA,MB,,MYG_HUMAN,,Myoglobin,MYG_HUMAN,,5.693e-18,0.34,59
TYROSINE,Abrus precatorius,6057.0,C1=CC(=CC=C1CC(C(=O)O)N)O,SEA,OPRM1,,OPRM_HUMAN,,Mu-type opioid receptor,OPRM_HUMAN,,1.399e-17,0.46,60
TYROSINE,Abrus precatorius,6057.0,C1=CC(=CC=C1CC(C(=O)O)N)O,SEA,IL1B,,IL1B_HUMAN,,Interleukin-1 beta,IL1B_HUMAN,,1.11e-16,0.32,61
TYROSINE,Abrus precatorius,6057.0,C1=CC(=CC=C1CC(C(=O)O)N)O,SEA,NPY4R,,NPY4R_HUMAN,,Neuropeptide Y receptor type 4,NPY4R_HUMAN,,1.11e-16,0.34,62
TYROSINE,Abrus precatorius,6057.0,C1=CC(=CC=C1CC(C(=O)O)N)O,SEA,PPARA,,PPARA_HUMAN,,Peroxisome proliferator-activated receptor alpha,PPARA_HUMAN,,1.11e-16,0.36,63
TYROSINE,Abrus precatorius,6057.0,C1=CC(=CC=C1CC(C(=O)O)N)O,SEA,LTA4H,,LKHA4_HUMAN,,Leukotriene A-4 hydrolase,LKHA4_HUMAN,,2.22e-16,0.43,64
TYROSINE,Abrus precatorius,6057.0,C1=CC(=CC=C1CC(C(=O)O)N)O,SEA,SLC22A6,,S22A6_HUMAN,,Solute carrier family 22 member 6,S22A6_HUMAN,,3.331e-16,0.40,65
TYROSINE,Abrus precatorius,6057.0,C1=CC(=CC=C1CC(C(=O)O)N)O,SEA,CHRND,,ACHD_HUMAN,,Acetylcholine receptor subunit delta,ACHD_HUMAN,,9.992e-16,0.38,66
TYROSINE,Abrus precatorius,6057.0,C1=CC(=CC=C1CC(C(=O)O)N)O,SEA,MDM4,,MDM4_HUMAN,,Protein Mdm4,MDM4_HUMAN,,2.109e-15,0.44,67
TYROSINE,Abrus precatorius,6057.0,C1=CC(=CC=C1CC(C(=O)O)N)O,SEA,NOS2,,NOS2_HUMAN,,"Nitric oxide synthase, inducible",NOS2_HUMAN,,2.998e-15,0.44,68
TYROSINE,Abrus precatorius,6057.0,C1=CC(=CC=C1CC(C(=O)O)N)O,SEA,DPP7,,DPP2_HUMAN,,Dipeptidyl peptidase 2,DPP2_HUMAN,,7.772e-15,0.33,69
TYROSINE,Abrus precatorius,6057.0,C1=CC(=CC=C1CC(C(=O)O)N)O,SEA,DPP9,,DPP9_HUMAN,,Dipeptidyl peptidase 9,DPP9_HUMAN,,1.399e-14,0.33,70
TYROSINE,Abrus precatorius,6057.0,C1=CC(=CC=C1CC(C(=O)O)N)O,SEA,PPARG,,PPARG_HUMAN,,Peroxisome proliferator-activated receptor gamma,PPARG_HUMAN,,1.643e-14,0.60,71
TYROSINE,Abrus precatorius,6057.0,C1=CC(=CC=C1CC(C(=O)O)N)O,SEA,SCNN1A,,SCNNA_HUMAN,,Amiloride-sensitive sodium channel subunit alpha,SCNNA_HUMAN,,1.633e-13,0.31,72
TYROSINE,Abrus precatorius,6057.0,C1=CC(=CC=C1CC(C(=O)O)N)O,SEA,AKR1B10,,AK1BA_HUMAN,,Aldo-keto reductase family 1 member B10,AK1BA_HUMAN,,7.375e-13,0.34,73
TYROSINE,Abrus precatorius,6057.0,C1=CC(=CC=C1CC(C(=O)O)N)O,SEA,XIAP,,XIAP_HUMAN,,E3 ubiquitin-protein ligase XIAP,XIAP_HUMAN,,2.567e-12,0.40,74
TYROSINE,Abrus precatorius,6057.0,C1=CC(=CC=C1CC(C(=O)O)N)O,SEA,DPP8,,DPP8_HUMAN,,Dipeptidyl peptidase 8,DPP8_HUMAN,,7.53e-12,0.33,75
TYROSINE,Abrus precatorius,6057.0,C1=CC(=CC=C1CC(C(=O)O)N)O,SEA,FOLH1,,FOLH1_HUMAN,,Glutamate carboxypeptidase 2,FOLH1_HUMAN,,9.738e-12,0.45,76
TYROSINE,Abrus precatorius,6057.0,C1=CC(=CC=C1CC(C(=O)O)N)O,SEA,CA3,,CAH3_HUMAN,,Carbonic anhydrase 3,CAH3_HUMAN,,1.267e-11,0.38,77
TYROSINE,Abrus precatorius,6057.0,C1=CC(=CC=C1CC(C(=O)O)N)O,SEA,HMGCR,,HMDH_HUMAN,,3-hydroxy-3-methylglutaryl-coenzyme A reductase,HMDH_HUMAN,,3.416e-11,0.39,78
TYROSINE,Abrus precatorius,6057.0,C1=CC(=CC=C1CC(C(=O)O)N)O,SEA,CAPN2,,CAN2_HUMAN,,Calpain-2 catalytic subunit,CAN2_HUMAN,,7.686e-11,0.43,79
TYROSINE,Abrus precatorius,6057.0,C1=CC(=CC=C1CC(C(=O)O)N)O,SEA,SLC1A3,,EAA1_HUMAN,,Excitatory amino acid transporter 1,EAA1_HUMAN,,1.031e-10,0.34,80
TYROSINE,Abrus precatorius,6057.0,C1=CC(=CC=C1CC(C(=O)O)N)O,SEA,ESRRB,,ERR2_HUMAN,,Steroid hormone receptor ERR2,ERR2_HUMAN,,1.155e-10,0.36,81
TYROSINE,Abrus precatorius,6057.0,C1=CC(=CC=C1CC(C(=O)O)N)O,SEA,C3AR1,,C3AR_HUMAN,,C3a anaphylatoxin chemotactic receptor,C3AR_HUMAN,,1.465e-10,0.38,82
TYROSINE,Abrus precatorius,6057.0,C1=CC(=CC=C1CC(C(=O)O)N)O,SEA,PAM,,AMD_HUMAN,,Peptidyl-glycine alpha-amidating monooxygenase,AMD_HUMAN,,2.433e-10,0.33,83
TYROSINE,Abrus precatorius,6057.0,C1=CC(=CC=C1CC(C(=O)O)N)O,SEA,MMEL1,,MMEL1_HUMAN,,Membrane metallo-endopeptidase-like 1,MMEL1_HUMAN,,5.325e-10,0.31,84
TYROSINE,Abrus precatorius,6057.0,C1=CC(=CC=C1CC(C(=O)O)N)O,SEA,CTBP2,,CTBP2_HUMAN,,C-terminal-binding protein 2,CTBP2_HUMAN,,5.445e-10,0.40,85
TYROSINE,Abrus precatorius,6057.0,C1=CC(=CC=C1CC(C(=O)O)N)O,SEA,ESR2,,ESR2_HUMAN,,Estrogen receptor beta,ESR2_HUMAN,,6.727e-10,0.56,86
TYROSINE,Abrus precatorius,6057.0,C1=CC(=CC=C1CC(C(=O)O)N)O,SEA,GRM4,,GRM4_HUMAN,,Metabotropic glutamate receptor 4,GRM4_HUMAN,,1.337e-09,0.45,87
TYROSINE,Abrus precatorius,6057.0,C1=CC(=CC=C1CC(C(=O)O)N)O,SEA,PTPRA,,PTPRA_HUMAN,,Receptor-type tyrosine-protein phosphatase alpha,PTPRA_HUMAN,,2.212e-09,0.55,88
TYROSINE,Abrus precatorius,6057.0,C1=CC(=CC=C1CC(C(=O)O)N)O,SEA,KLK1,,KLK1_HUMAN,,Kallikrein-1,KLK1_HUMAN,,4.445e-09,0.33,89
TYROSINE,Abrus precatorius,6057.0,C1=CC(=CC=C1CC(C(=O)O)N)O,SEA,ESR1,,ESR1_HUMAN,,Estrogen receptor,ESR1_HUMAN,,4.585e-09,0.56,90
TYROSINE,Abrus precatorius,6057.0,C1=CC(=CC=C1CC(C(=O)O)N)O,SEA,CASP1,,CASP1_HUMAN,,Caspase-1,CASP1_HUMAN,,4.899e-09,0.37,91
TYROSINE,Abrus precatorius,6057.0,C1=CC(=CC=C1CC(C(=O)O)N)O,SEA,DPP4,,DPP4_HUMAN,,Dipeptidyl peptidase 4,DPP4_HUMAN,,7.504e-09,0.48,92
TYROSINE,Abrus precatorius,6057.0,C1=CC(=CC=C1CC(C(=O)O)N)O,SEA,OPRK1,,OPRK_HUMAN,,Kappa-type opioid receptor,OPRK_HUMAN,,8.314e-09,0.46,93
TYROSINE,Abrus precatorius,6057.0,C1=CC(=CC=C1CC(C(=O)O)N)O,SEA,NPPA,,ANF_HUMAN,,Natriuretic peptides A,ANF_HUMAN,,1.428e-08,0.30,94
TYROSINE,Abrus precatorius,6057.0,C1=CC(=CC=C1CC(C(=O)O)N)O,SEA,PSMA1,,PSA1_HUMAN,,Proteasome subunit alpha type-1,PSA1_HUMAN,,2.63e-08,0.31,95
TYROSINE,Abrus precatorius,6057.0,C1=CC(=CC=C1CC(C(=O)O)N)O,SEA,PSMA2,,PSA2_HUMAN,,Proteasome subunit alpha type-2,PSA2_HUMAN,,2.63e-08,0.31,96
TYROSINE,Abrus precatorius,6057.0,C1=CC(=CC=C1CC(C(=O)O)N)O,SEA,PSMA3,,PSA3_HUMAN,,Proteasome subunit alpha type-3,PSA3_HUMAN,,2.63e-08,0.31,97
TYROSINE,Abrus precatorius,6057.0,C1=CC(=CC=C1CC(C(=O)O)N)O,SEA,PSMA4,,PSA4_HUMAN,,Proteasome subunit alpha type-4,PSA4_HUMAN,,2.63e-08,0.31,98
TYROSINE,Abrus precatorius,6057.0,C1=CC(=CC=C1CC(C(=O)O)N)O,SEA,PSMA5,,PSA5_HUMAN,,Proteasome subunit alpha type-5,PSA5_HUMAN,,2.63e-08,0.31,99
TYROSINE,Abrus precatorius,6057.0,C1=CC(=CC=C1CC(C(=O)O)N)O,SEA,PSMA6,,PSA6_HUMAN,,Proteasome subunit alpha type-6,PSA6_HUMAN,,2.63e-08,0.31,100
TYROSINE,Abrus precatorius,6057.0,C1=CC(=CC=C1CC(C(=O)O)N)O,SEA,PSMA7,,PSA7_HUMAN,,Proteasome subunit alpha type-7,PSA7_HUMAN,,2.63e-08,0.31,101
TYROSINE,Abrus precatorius,6057.0,C1=CC(=CC=C1CC(C(=O)O)N)O,SEA,PSMB11,,PSB11_HUMAN,,Proteasome subunit beta type-11,PSB11_HUMAN,,2.63e-08,0.31,102
TYROSINE,Abrus precatorius,6057.0,C1=CC(=CC=C1CC(C(=O)O)N)O,SEA,PSMB3,,PSB3_HUMAN,,Proteasome subunit beta type-3,PSB3_HUMAN,,2.63e-08,0.31,103
TYROSINE,Abrus precatorius,6057.0,C1=CC(=CC=C1CC(C(=O)O)N)O,SEA,PSMB4,,PSB4_HUMAN,,Proteasome subunit beta type-4,PSB4_HUMAN,,2.63e-08,0.31,104
TYROSINE,Abrus precatorius,6057.0,C1=CC(=CC=C1CC(C(=O)O)N)O,SEA,PSMB6,,PSB6_HUMAN,,Proteasome subunit beta type-6,PSB6_HUMAN,,2.63e-08,0.31,105
TYROSINE,Abrus precatorius,6057.0,C1=CC(=CC=C1CC(C(=O)O)N)O,SEA,PSMB7,,PSB7_HUMAN,,Proteasome subunit beta type-7,PSB7_HUMAN,,2.63e-08,0.31,106
TYROSINE,Abrus precatorius,6057.0,C1=CC(=CC=C1CC(C(=O)O)N)O,SEA,PSMA8,,PSMA8_HUMAN,,Proteasome subunit alpha-type 8,PSMA8_HUMAN,,2.63e-08,0.31,107
TYROSINE,Abrus precatorius,6057.0,C1=CC(=CC=C1CC(C(=O)O)N)O,SEA,CA5B,,CAH5B_HUMAN,,"Carbonic anhydrase 5B, mitochondrial",CAH5B_HUMAN,,3.256e-08,0.38,108
TYROSINE,Abrus precatorius,6057.0,C1=CC(=CC=C1CC(C(=O)O)N)O,SEA,GLI1,,GLI1_HUMAN,,Zinc finger protein GLI1,GLI1_HUMAN,,3.386e-08,0.29,109
TYROSINE,Abrus precatorius,6057.0,C1=CC(=CC=C1CC(C(=O)O)N)O,SEA,PSMB10,,PSB10_HUMAN,,Proteasome subunit beta type-10,PSB10_HUMAN,,4.741e-08,0.31,110
TYROSINE,Abrus precatorius,6057.0,C1=CC(=CC=C1CC(C(=O)O)N)O,SEA,SLC7A11,,XCT_HUMAN,,Cystine/glutamate transporter,XCT_HUMAN,,5.175e-08,0.31,111
TYROSINE,Abrus precatorius,6057.0,C1=CC(=CC=C1CC(C(=O)O)N)O,SEA,CA6,,CAH6_HUMAN,,Carbonic anhydrase 6,CAH6_HUMAN,,5.962e-08,0.38,112
TYROSINE,Abrus precatorius,6057.0,C1=CC(=CC=C1CC(C(=O)O)N)O,SEA,NPEPPS,,PSA_HUMAN,,Puromycin-sensitive aminopeptidase,PSA_HUMAN,,6.354e-08,0.33,113
TYROSINE,Abrus precatorius,6057.0,C1=CC(=CC=C1CC(C(=O)O)N)O,SEA,PSMB1,,PSB1_HUMAN,,Proteasome subunit beta type-1,PSB1_HUMAN,,9.029e-08,0.33,114
TYROSINE,Abrus precatorius,6057.0,C1=CC(=CC=C1CC(C(=O)O)N)O,SEA,CASR,,CASR_HUMAN,,Extracellular calcium-sensing receptor,CASR_HUMAN,,1.301e-07,0.36,115
TYROSINE,Abrus precatorius,6057.0,C1=CC(=CC=C1CC(C(=O)O)N)O,SEA,THRA,,THA_HUMAN,,Thyroid hormone receptor alpha,THA_HUMAN,,1.48e-07,0.45,116
TYROSINE,Abrus precatorius,6057.0,C1=CC(=CC=C1CC(C(=O)O)N)O,SEA,PSMB2,,PSB2_HUMAN,,Proteasome subunit beta type-2,PSB2_HUMAN,,1.555e-07,0.31,117
TYROSINE,Abrus precatorius,6057.0,C1=CC(=CC=C1CC(C(=O)O)N)O,SEA,CA2,,CAH2_HUMAN,,Carbonic anhydrase 2,CAH2_HUMAN,,1.664e-07,0.43,118
TYROSINE,Abrus precatorius,6057.0,C1=CC(=CC=C1CC(C(=O)O)N)O,SEA,CA14,,CAH14_HUMAN,,Carbonic anhydrase 14,CAH14_HUMAN,,1.739e-07,0.38,119
TYROSINE,Abrus precatorius,6057.0,C1=CC(=CC=C1CC(C(=O)O)N)O,SEA,AKT3,,AKT3_HUMAN,,RAC-gamma serine/threonine-protein kinase,AKT3_HUMAN,,1.886e-07,0.33,120
TYROSINE,Abrus precatorius,6057.0,C1=CC(=CC=C1CC(C(=O)O)N)O,SEA,GPR142,,GP142_HUMAN,,Probable G-protein coupled receptor 142,GP142_HUMAN,,2.124e-07,0.30,121
TYROSINE,Abrus precatorius,6057.0,C1=CC(=CC=C1CC(C(=O)O)N)O,SEA,NOS3,,NOS3_HUMAN,,"Nitric oxide synthase, endothelial",NOS3_HUMAN,,2.13e-07,0.44,122
TYROSINE,Abrus precatorius,6057.0,C1=CC(=CC=C1CC(C(=O)O)N)O,SEA,CPB1,,CBPB1_HUMAN,,Carboxypeptidase B,CBPB1_HUMAN,,4.62e-07,0.37,123
TYROSINE,Abrus precatorius,6057.0,C1=CC(=CC=C1CC(C(=O)O)N)O,SEA,CA5A,,CAH5A_HUMAN,,"Carbonic anhydrase 5A, mitochondrial",CAH5A_HUMAN,,5.498e-07,0.38,124
TYROSINE,Abrus precatorius,6057.0,C1=CC(=CC=C1CC(C(=O)O)N)O,SEA,CA7,,CAH7_HUMAN,,Carbonic anhydrase 7,CAH7_HUMAN,,5.67e-07,0.38,125
TYROSINE,Abrus precatorius,6057.0,C1=CC(=CC=C1CC(C(=O)O)N)O,SEA,PRKCH,,KPCL_HUMAN,,Protein kinase C eta type,KPCL_HUMAN,,6.045e-07,0.32,126
TYROSINE,Abrus precatorius,6057.0,C1=CC(=CC=C1CC(C(=O)O)N)O,SEA,PSMB9,,PSB9_HUMAN,,Proteasome subunit beta type-9,PSB9_HUMAN,,7.381e-07,0.31,127
TYROSINE,Abrus precatorius,6057.0,C1=CC(=CC=C1CC(C(=O)O)N)O,SEA,NOS1,,NOS1_HUMAN,,"Nitric oxide synthase, brain",NOS1_HUMAN,,1.084e-06,0.44,128
TYROSINE,Abrus precatorius,6057.0,C1=CC(=CC=C1CC(C(=O)O)N)O,SEA,SCN4A,,SCN4A_HUMAN,,Sodium channel protein type 4 subunit alpha,SCN4A_HUMAN,,1.108e-06,0.29,129
TYROSINE,Abrus precatorius,6057.0,C1=CC(=CC=C1CC(C(=O)O)N)O,SEA,CTRB1,,CTRB1_HUMAN,,Chymotrypsinogen B,CTRB1_HUMAN,,1.275e-06,0.33,130
TYROSINE,Abrus precatorius,6057.0,C1=CC(=CC=C1CC(C(=O)O)N)O,SEA,CBX7,,CBX7_HUMAN,,Chromobox protein homolog 7,CBX7_HUMAN,,1.574e-06,0.30,131
TYROSINE,Abrus precatorius,6057.0,C1=CC(=CC=C1CC(C(=O)O)N)O,SEA,SLC6A5,,SC6A5_HUMAN,,Sodium- and chloride-dependent glycine transporter 2,SC6A5_HUMAN,,1.641e-06,0.29,132
TYROSINE,Abrus precatorius,6057.0,C1=CC(=CC=C1CC(C(=O)O)N)O,SEA,HSD17B3,,DHB3_HUMAN,,Testosterone 17-beta-dehydrogenase 3,DHB3_HUMAN,,1.936e-06,0.28,133
TYROSINE,Abrus precatorius,6057.0,C1=CC(=CC=C1CC(C(=O)O)N)O,SEA,CELA1,,CELA1_HUMAN,,Chymotrypsin-like elastase family member 1,CELA1_HUMAN,,1.995e-06,0.28,134
TYROSINE,Abrus precatorius,6057.0,C1=CC(=CC=C1CC(C(=O)O)N)O,SEA,MIF,,MIF_HUMAN,,Macrophage migration inhibitory factor,MIF_HUMAN,,2.095e-06,0.40,135
TYROSINE,Abrus precatorius,6057.0,C1=CC(=CC=C1CC(C(=O)O)N)O,SEA,CTSH,,CATH_HUMAN,,Pro-cathepsin H,CATH_HUMAN,,2.417e-06,0.33,136
TYROSINE,Abrus precatorius,6057.0,C1=CC(=CC=C1CC(C(=O)O)N)O,SEA,PARP10,,PAR10_HUMAN,,Protein mono-ADP-ribosyltransferase PARP10,PAR10_HUMAN,,2.527e-06,0.31,137
TYROSINE,Abrus precatorius,6057.0,C1=CC(=CC=C1CC(C(=O)O)N)O,SEA,CXCL8,,IL8_HUMAN,,Interleukin-8,IL8_HUMAN,,2.768e-06,0.40,138
TYROSINE,Abrus precatorius,6057.0,C1=CC(=CC=C1CC(C(=O)O)N)O,SEA,CAPN1,,CAN1_HUMAN,,Calpain-1 catalytic subunit,CAN1_HUMAN,,3.6e-06,0.36,139
TYROSINE,Abrus precatorius,6057.0,C1=CC(=CC=C1CC(C(=O)O)N)O,SEA,THRB,,THB_HUMAN,,Thyroid hormone receptor beta,THB_HUMAN,,3.65e-06,0.45,140
TYROSINE,Abrus precatorius,6057.0,C1=CC(=CC=C1CC(C(=O)O)N)O,SEA,KMO,,KMO_HUMAN,,Kynurenine 3-monooxygenase,KMO_HUMAN,,5.166e-06,0.35,141
TYROSINE,Abrus precatorius,6057.0,C1=CC(=CC=C1CC(C(=O)O)N)O,SEA,AKR1B1,,ALDR_HUMAN,,Aldo-keto reductase family 1 member B1,ALDR_HUMAN,,7.202e-06,0.34,142
TYROSINE,Abrus precatorius,6057.0,C1=CC(=CC=C1CC(C(=O)O)N)O,SwissTargetPrediction,Lysine-specific demethylase 4D-like,KDM4E,B2RXH2,CHEMBL1293226,Eraser,B2RXH2,0.212408695957,,,1
TYROSINE,Abrus precatorius,6057.0,C1=CC(=CC=C1CC(C(=O)O)N)O,SwissTargetPrediction,Tyrosine-protein kinase FYN,FYN,P06241,CHEMBL1841,Kinase,P06241,0.212408695957,,,2
TYROSINE,Abrus precatorius,6057.0,C1=CC(=CC=C1CC(C(=O)O)N)O,SwissTargetPrediction,Epidermal growth factor receptor erbB1,EGFR,P00533,CHEMBL203,Kinase,P00533,0.212408695957,,,3
TYROSINE,Abrus precatorius,6057.0,C1=CC(=CC=C1CC(C(=O)O)N)O,SwissTargetPrediction,Tyrosine-protein kinase LCK,LCK,P06239,CHEMBL258,Kinase,P06239,0.212408695957,,,4
TYROSINE,Abrus precatorius,6057.0,C1=CC(=CC=C1CC(C(=O)O)N)O,SwissTargetPrediction,Tyrosine 3-hydroxylase,TH,P07101,CHEMBL1969,Oxidoreductase,P07101,0.177302605236,,,5
TYROSINE,Abrus precatorius,6057.0,C1=CC(=CC=C1CC(C(=O)O)N)O,SwissTargetPrediction,Voltage-gated calcium channel alpha2/delta subunit 1 (by homology),CACNA2D1,P54289,CHEMBL1919,Calcium channel auxiliary subunit alpha2delta family,P54289,0.150923844771,,,6
TYROSINE,Abrus precatorius,6057.0,C1=CC(=CC=C1CC(C(=O)O)N)O,SwissTargetPrediction,Thyroid hormone receptor alpha,THRA,P10827,CHEMBL1860,Nuclear receptor,P10827,0.080569968052,,,7
TYROSINE,Abrus precatorius,6057.0,C1=CC(=CC=C1CC(C(=O)O)N)O,SwissTargetPrediction,Thyroid hormone receptor beta-1,THRB,P10828,CHEMBL1947,Nuclear receptor,P10828,0.080569968052,,,8
TYROSINE,Abrus precatorius,6057.0,C1=CC(=CC=C1CC(C(=O)O)N)O,SwissTargetPrediction,L-type amino acid transporter 1,SLC7A5,Q01650,CHEMBL4459,Electrochemical transporter,Q01650,0.080569968052,,,9
TYROSINE,Abrus precatorius,6057.0,C1=CC(=CC=C1CC(C(=O)O)N)O,SwissTargetPrediction,Bile acid receptor FXR,NR1H4,Q96RI1,CHEMBL2047,Nuclear receptor,Q96RI1,0.080569968052,,,10
TYROSINE,Abrus precatorius,6057.0,C1=CC(=CC=C1CC(C(=O)O)N)O,SwissTargetPrediction,DNA-(apurinic or apyrimidinic site) lyase,APEX1,P27695,CHEMBL5619,Enzyme,P27695,0.080569968052,,,11
TYROSINE,Abrus precatorius,6057.0,C1=CC(=CC=C1CC(C(=O)O)N)O,SwissTargetPrediction,Receptor-type tyrosine-protein phosphatase alpha,PTPRA,P18433,CHEMBL3918,Phosphatase,P18433,0.080569968052,,,12
TYROSINE,Abrus precatorius,6057.0,C1=CC(=CC=C1CC(C(=O)O)N)O,SwissTargetPrediction,Trace amine-associated receptor 1 (by homology),TAAR1,Q96RJ0,CHEMBL5857,Family A G protein-coupled receptor,Q96RJ0,0.080569968052,,,13
TYROSINE,Abrus precatorius,6057.0,C1=CC(=CC=C1CC(C(=O)O)N)O,SwissTargetPrediction,Kynurenine 3-monooxygenase,KMO,O15229,CHEMBL2145,Oxidoreductase,O15229,0.0717871625222,,,14
TYROSINE,Abrus precatorius,6057.0,C1=CC(=CC=C1CC(C(=O)O)N)O,SwissTargetPrediction,Lysine-specific demethylase 4C,KDM4C,Q9H3R0,CHEMBL6175,Eraser,Q9H3R0,0.0717871625222,,,15
