Phytochemical,Plant,CID,SMILES,Database,Target_Name,Gene_Symbol,UniProt_ID,ChEMBL_ID,Target_Class,Target_Key,Probability,P_Value,Max_Tc,Rank
(+)-Bornyl acetate,Abies alba,6950274.0,CC(=O)OC1CC2CCC1(C)C2(C)C,PPB3,HL-60,,,,DNN(ECFP4+MHFP6),Homo sapiens,0.12,,,1
(+)-Bornyl acetate,Abies alba,6950274.0,CC(=O)OC1CC2CCC1(C)C2(C)C,PPB3,Solute carrier organic anion transporter family member 1B1,,,,DNN(ECFP4+MHFP6),Homo sapiens,0.11,,,2
(+)-Bornyl acetate,Abies alba,6950274.0,CC(=O)OC1CC2CCC1(C)C2(C)C,PPB3,Solute carrier organic anion transporter family member 1B3,,,,DNN(ECFP4+MHFP6),Homo sapiens,0.08,,,3
(+)-Bornyl acetate,Abies alba,6950274.0,CC(=O)OC1CC2CCC1(C)C2(C)C,PPB3,Prelamin-A/C,,,,DNN(ECFP4+MHFP6),Homo sapiens,0.04,,,4
(+)-Bornyl acetate,Abies alba,6950274.0,CC(=O)OC1CC2CCC1(C)C2(C)C,PPB3,Aldehyde dehydrogenase 1A1,,,,DNN(ECFP4+MHFP6),Homo sapiens,0.01,,,5
(+)-Bornyl acetate,Abies alba,6950274.0,CC(=O)OC1CC2CCC1(C)C2(C)C,PPB3,DNA polymerase beta,,,,DNN(ECFP4+MHFP6),Homo sapiens,0.0,,,6
(+)-Bornyl acetate,Abies alba,6950274.0,CC(=O)OC1CC2CCC1(C)C2(C)C,PPB3,Microtubule-associated protein tau,,,,DNN(ECFP4+MHFP6),Homo sapiens,0.0,,,7
(+)-Bornyl acetate,Abies alba,6950274.0,CC(=O)OC1CC2CCC1(C)C2(C)C,PPB3,NAD-dependent protein deacetylase sirtuin-6,,,,DNN(ECFP4+MHFP6),Homo sapiens,0.0,,,8
(+)-Bornyl acetate,Abies alba,6950274.0,CC(=O)OC1CC2CCC1(C)C2(C)C,PPB3,Menin/Histone-lysine N-methyltransferase MLL,,,,DNN(ECFP4+MHFP6),Homo sapiens,0.0,,,9
(+)-Bornyl acetate,Abies alba,6950274.0,CC(=O)OC1CC2CCC1(C)C2(C)C,PPB3,Heat shock protein HSP 90-alpha,,,,DNN(ECFP4+MHFP6),Homo sapiens,0.0,,,10
(+)-Bornyl acetate,Abies alba,6950274.0,CC(=O)OC1CC2CCC1(C)C2(C)C,PPB3,SW872,,,,DNN(ECFP4+MHFP6),Homo sapiens,0.0,,,11
(+)-Bornyl acetate,Abies alba,6950274.0,CC(=O)OC1CC2CCC1(C)C2(C)C,PPB3,C8166,,,,DNN(ECFP4+MHFP6),Homo sapiens,0.0,,,12
(+)-Bornyl acetate,Abies alba,6950274.0,CC(=O)OC1CC2CCC1(C)C2(C)C,PPB3,A2780,,,,DNN(ECFP4),Homo sapiens,0.27,,,13
(+)-Bornyl acetate,Abies alba,6950274.0,CC(=O)OC1CC2CCC1(C)C2(C)C,PPB3,Prelamin-A/C,,,,DNN(ECFP4),Homo sapiens,0.19,,,14
(+)-Bornyl acetate,Abies alba,6950274.0,CC(=O)OC1CC2CCC1(C)C2(C)C,PPB3,Solute carrier organic anion transporter family member 1B3,,,,DNN(ECFP4),Homo sapiens,0.18,,,15
(+)-Bornyl acetate,Abies alba,6950274.0,CC(=O)OC1CC2CCC1(C)C2(C)C,PPB3,LoVo,,,,DNN(ECFP4),Homo sapiens,0.17,,,16
(+)-Bornyl acetate,Abies alba,6950274.0,CC(=O)OC1CC2CCC1(C)C2(C)C,PPB3,Cytochrome P450 2C19,,,,DNN(ECFP4),Homo sapiens,0.16,,,17
(+)-Bornyl acetate,Abies alba,6950274.0,CC(=O)OC1CC2CCC1(C)C2(C)C,PPB3,Solute carrier organic anion transporter family member 1B1,,,,DNN(ECFP4),Homo sapiens,0.16,,,18
(+)-Bornyl acetate,Abies alba,6950274.0,CC(=O)OC1CC2CCC1(C)C2(C)C,PPB3,MAP kinase ERK2,,,,DNN(ECFP4),Homo sapiens,0.16,,,19
(+)-Bornyl acetate,Abies alba,6950274.0,CC(=O)OC1CC2CCC1(C)C2(C)C,PPB3,5637,,,,DNN(ECFP4),Homo sapiens,0.13,,,20
(+)-Bornyl acetate,Abies alba,6950274.0,CC(=O)OC1CC2CCC1(C)C2(C)C,PPB3,KB,,,,DNN(ECFP4),Homo sapiens,0.11,,,21
(+)-Bornyl acetate,Abies alba,6950274.0,CC(=O)OC1CC2CCC1(C)C2(C)C,PPB3,NCI-H187,,,,DNN(ECFP4),Homo sapiens,0.11,,,22
(+)-Bornyl acetate,Abies alba,6950274.0,CC(=O)OC1CC2CCC1(C)C2(C)C,PPB3,Menin/Histone-lysine N-methyltransferase MLL,,,,DNN(ECFP4),Homo sapiens,0.11,,,23
(+)-Bornyl acetate,Abies alba,6950274.0,CC(=O)OC1CC2CCC1(C)C2(C)C,PPB3,Cytochrome P450 3A4,,,,DNN(ECFP4),Homo sapiens,0.11,,,24
(+)-Bornyl acetate,Abies alba,6950274.0,CC(=O)OC1CC2CCC1(C)C2(C)C,PPB3,Solute carrier organic anion transporter family member 1B3,,,,DNN(RDKit),Homo sapiens,0.09,,,25
(+)-Bornyl acetate,Abies alba,6950274.0,CC(=O)OC1CC2CCC1(C)C2(C)C,PPB3,Solute carrier organic anion transporter family member 1B1,,,,DNN(RDKit),Homo sapiens,0.09,,,26
(+)-Bornyl acetate,Abies alba,6950274.0,CC(=O)OC1CC2CCC1(C)C2(C)C,PPB3,Prelamin-A/C,,,,DNN(RDKit),Homo sapiens,0.07,,,27
(+)-Bornyl acetate,Abies alba,6950274.0,CC(=O)OC1CC2CCC1(C)C2(C)C,PPB3,Microtubule-associated protein tau,,,,DNN(RDKit),Homo sapiens,0.04,,,28
(+)-Bornyl acetate,Abies alba,6950274.0,CC(=O)OC1CC2CCC1(C)C2(C)C,PPB3,Bile acid transporter,,,,DNN(RDKit),Homo sapiens,0.04,,,29
(+)-Bornyl acetate,Abies alba,6950274.0,CC(=O)OC1CC2CCC1(C)C2(C)C,PPB3,H9,,,,DNN(RDKit),Homo sapiens,0.04,,,30
(+)-Bornyl acetate,Abies alba,6950274.0,CC(=O)OC1CC2CCC1(C)C2(C)C,PPB3,11-beta-hydroxysteroid dehydrogenase 2,,,,DNN(RDKit),Homo sapiens,0.04,,,31
(+)-Bornyl acetate,Abies alba,6950274.0,CC(=O)OC1CC2CCC1(C)C2(C)C,PPB3,Aldehyde dehydrogenase 1A1,,,,DNN(RDKit),Homo sapiens,0.04,,,32
(+)-Bornyl acetate,Abies alba,6950274.0,CC(=O)OC1CC2CCC1(C)C2(C)C,PPB3,G-protein coupled bile acid receptor 1,,,,DNN(RDKit),Homo sapiens,0.03,,,33
(+)-Bornyl acetate,Abies alba,6950274.0,CC(=O)OC1CC2CCC1(C)C2(C)C,PPB3,Survival motor neuron protein,,,,DNN(RDKit),Homo sapiens,0.03,,,34
(+)-Bornyl acetate,Abies alba,6950274.0,CC(=O)OC1CC2CCC1(C)C2(C)C,PPB3,HeLa,,,,DNN(RDKit),Homo sapiens,0.02,,,35
(+)-Bornyl acetate,Abies alba,6950274.0,CC(=O)OC1CC2CCC1(C)C2(C)C,PPB3,Solute carrier organic anion transporter family member 1B3,,,,DNN(Layered),Homo sapiens,0.15,,,36
(+)-Bornyl acetate,Abies alba,6950274.0,CC(=O)OC1CC2CCC1(C)C2(C)C,PPB3,Solute carrier organic anion transporter family member 1B1,,,,DNN(Layered),Homo sapiens,0.13,,,37
(+)-Bornyl acetate,Abies alba,6950274.0,CC(=O)OC1CC2CCC1(C)C2(C)C,PPB3,Ubiquitin carboxyl-terminal hydrolase 2,,,,DNN(Layered),Homo sapiens,0.1,,,38
(+)-Bornyl acetate,Abies alba,6950274.0,CC(=O)OC1CC2CCC1(C)C2(C)C,PPB3,Microtubule-associated protein tau,,,,DNN(Layered),Homo sapiens,0.07,,,39
(+)-Bornyl acetate,Abies alba,6950274.0,CC(=O)OC1CC2CCC1(C)C2(C)C,PPB3,Cytochrome P450 2C19,,,,DNN(Layered),Homo sapiens,0.07,,,40
(+)-Bornyl acetate,Abies alba,6950274.0,CC(=O)OC1CC2CCC1(C)C2(C)C,PPB3,Menin/Histone-lysine N-methyltransferase MLL,,,,DNN(Layered),Homo sapiens,0.06,,,41
(+)-Bornyl acetate,Abies alba,6950274.0,CC(=O)OC1CC2CCC1(C)C2(C)C,PPB3,Neuropeptide S receptor,,,,DNN(Layered),Homo sapiens,0.06,,,42
(+)-Bornyl acetate,Abies alba,6950274.0,CC(=O)OC1CC2CCC1(C)C2(C)C,PPB3,MAP kinase ERK2,,,,DNN(Layered),Homo sapiens,0.05,,,43
(+)-Bornyl acetate,Abies alba,6950274.0,CC(=O)OC1CC2CCC1(C)C2(C)C,PPB3,H9,,,,DNN(Layered),Homo sapiens,0.05,,,44
(+)-Bornyl acetate,Abies alba,6950274.0,CC(=O)OC1CC2CCC1(C)C2(C)C,PPB3,Thyroid stimulating hormone receptor,,,,DNN(Layered),Homo sapiens,0.05,,,45
(+)-Bornyl acetate,Abies alba,6950274.0,CC(=O)OC1CC2CCC1(C)C2(C)C,PPB3,Aldehyde dehydrogenase 1A1,,,,DNN(Layered),Homo sapiens,0.05,,,46
(+)-Bornyl acetate,Abies alba,6950274.0,CC(=O)OC1CC2CCC1(C)C2(C)C,PPB3,Prelamin-A/C,,,,DNN(Layered),Homo sapiens,0.05,,,47
(+)-Bornyl acetate,Abies alba,6950274.0,CC(=O)OC1CC2CCC1(C)C2(C)C,PPB3,Cytochrome P450 19A1,,,,DNN(MHFP6),Homo sapiens,0.08,,,48
(+)-Bornyl acetate,Abies alba,6950274.0,CC(=O)OC1CC2CCC1(C)C2(C)C,PPB3,Solute carrier organic anion transporter family member 1B3,,,,DNN(MHFP6),Homo sapiens,0.03,,,49
(+)-Bornyl acetate,Abies alba,6950274.0,CC(=O)OC1CC2CCC1(C)C2(C)C,PPB3,Tyrosyl-DNA phosphodiesterase 1,,,,DNN(MHFP6),Homo sapiens,0.02,,,50
(+)-Bornyl acetate,Abies alba,6950274.0,CC(=O)OC1CC2CCC1(C)C2(C)C,PPB3,Solute carrier organic anion transporter family member 1B1,,,,DNN(MHFP6),Homo sapiens,0.02,,,51
(+)-Bornyl acetate,Abies alba,6950274.0,CC(=O)OC1CC2CCC1(C)C2(C)C,PPB3,HUVEC,,,,DNN(MHFP6),Homo sapiens,0.02,,,52
(+)-Bornyl acetate,Abies alba,6950274.0,CC(=O)OC1CC2CCC1(C)C2(C)C,PPB3,Cannabinoid CB2 receptor,,,,DNN(MHFP6),Homo sapiens,0.02,,,53
(+)-Bornyl acetate,Abies alba,6950274.0,CC(=O)OC1CC2CCC1(C)C2(C)C,PPB3,Solute carrier organic anion transporter family member 1B3,,,,DNN(ECFP6),Homo sapiens,0.82,,,54
(+)-Bornyl acetate,Abies alba,6950274.0,CC(=O)OC1CC2CCC1(C)C2(C)C,PPB3,Solute carrier organic anion transporter family member 1B1,,,,DNN(ECFP6),Homo sapiens,0.77,,,55
(+)-Bornyl acetate,Abies alba,6950274.0,CC(=O)OC1CC2CCC1(C)C2(C)C,PPB3,Survival motor neuron protein,,,,DNN(ECFP6),Homo sapiens,0.06,,,56
(+)-Bornyl acetate,Abies alba,6950274.0,CC(=O)OC1CC2CCC1(C)C2(C)C,PPB3,Prelamin-A/C,,,,DNN(ECFP6),Homo sapiens,0.04,,,57
(+)-Bornyl acetate,Abies alba,6950274.0,CC(=O)OC1CC2CCC1(C)C2(C)C,PPB3,Menin/Histone-lysine N-methyltransferase MLL,,,,DNN(ECFP6),Homo sapiens,0.04,,,58
(+)-Bornyl acetate,Abies alba,6950274.0,CC(=O)OC1CC2CCC1(C)C2(C)C,PPB3,Huntingtin,,,,DNN(ECFP6),Homo sapiens,0.03,,,59
(+)-Bornyl acetate,Abies alba,6950274.0,CC(=O)OC1CC2CCC1(C)C2(C)C,PPB3,Thyroid hormone receptor beta-1,,,,DNN(ECFP6),Homo sapiens,0.03,,,60
(+)-Bornyl acetate,Abies alba,6950274.0,CC(=O)OC1CC2CCC1(C)C2(C)C,PPB3,Neuropeptide S receptor,,,,DNN(ECFP6),Homo sapiens,0.03,,,61
(+)-Bornyl acetate,Abies alba,6950274.0,CC(=O)OC1CC2CCC1(C)C2(C)C,PPB3,Microtubule-associated protein tau,,,,DNN(ECFP6),Homo sapiens,0.03,,,62
(+)-Bornyl acetate,Abies alba,6950274.0,CC(=O)OC1CC2CCC1(C)C2(C)C,PPB3,Bloom syndrome protein,,,,DNN(ECFP6),Homo sapiens,0.03,,,63
(+)-Bornyl acetate,Abies alba,6950274.0,CC(=O)OC1CC2CCC1(C)C2(C)C,PPB3,Nuclear factor NF-kappa-B p105 subunit,,,,DNN(ECFP6),Homo sapiens,0.02,,,64
(+)-Bornyl acetate,Abies alba,6950274.0,CC(=O)OC1CC2CCC1(C)C2(C)C,PPB3,Solute carrier organic anion transporter family member 1B1,,,,DNN(AtomPair),Homo sapiens,0.35,,,65
(+)-Bornyl acetate,Abies alba,6950274.0,CC(=O)OC1CC2CCC1(C)C2(C)C,PPB3,Solute carrier organic anion transporter family member 1B3,,,,DNN(AtomPair),Homo sapiens,0.31,,,66
(+)-Bornyl acetate,Abies alba,6950274.0,CC(=O)OC1CC2CCC1(C)C2(C)C,PPB3,Nuclear factor NF-kappa-B p105 subunit,,,,DNN(AtomPair),Homo sapiens,0.17,,,67
(+)-Bornyl acetate,Abies alba,6950274.0,CC(=O)OC1CC2CCC1(C)C2(C)C,PPB3,Thrombopoietin,,,,DNN(AtomPair),Homo sapiens,0.1,,,68
(+)-Bornyl acetate,Abies alba,6950274.0,CC(=O)OC1CC2CCC1(C)C2(C)C,PPB3,Carboxylesterase 2,,,,DNN(AtomPair),Homo sapiens,0.06,,,69
(+)-Bornyl acetate,Abies alba,6950274.0,CC(=O)OC1CC2CCC1(C)C2(C)C,PPB3,Prelamin-A/C,,,,DNN(AtomPair),Homo sapiens,0.05,,,70
(+)-Bornyl acetate,Abies alba,6950274.0,CC(=O)OC1CC2CCC1(C)C2(C)C,PPB3,Glycine receptor subunit alpha-1,,,,DNN(AtomPair),Homo sapiens,0.04,,,71
(+)-Bornyl acetate,Abies alba,6950274.0,CC(=O)OC1CC2CCC1(C)C2(C)C,PPB3,Serotonin 7 (5-HT7) receptor,,,,DNN(AtomPair),Homo sapiens,0.03,,,72
(+)-Bornyl acetate,Abies alba,6950274.0,CC(=O)OC1CC2CCC1(C)C2(C)C,PPB3,Aldehyde dehydrogenase 1A1,,,,DNN(AtomPair),Homo sapiens,0.03,,,73
(+)-Bornyl acetate,Abies alba,6950274.0,CC(=O)OC1CC2CCC1(C)C2(C)C,PPB3,Solute carrier organic anion transporter family member 1B3,,,,Consensus,Homo sapiens,0.82,,,74
(+)-Bornyl acetate,Abies alba,6950274.0,CC(=O)OC1CC2CCC1(C)C2(C)C,PPB3,Solute carrier organic anion transporter family member 1B1,,,,Consensus,Homo sapiens,0.77,,,75
(+)-Bornyl acetate,Abies alba,6950274.0,CC(=O)OC1CC2CCC1(C)C2(C)C,PPB3,A2780,,,,Consensus,Homo sapiens,0.27,,,76
(+)-Bornyl acetate,Abies alba,6950274.0,CC(=O)OC1CC2CCC1(C)C2(C)C,PPB3,Prelamin-A/C,,,,Consensus,Homo sapiens,0.19,,,77
(+)-Bornyl acetate,Abies alba,6950274.0,CC(=O)OC1CC2CCC1(C)C2(C)C,PPB3,LoVo,,,,Consensus,Homo sapiens,0.17,,,78
(+)-Bornyl acetate,Abies alba,6950274.0,CC(=O)OC1CC2CCC1(C)C2(C)C,PPB3,Nuclear factor NF-kappa-B p105 subunit,,,,Consensus,Homo sapiens,0.17,,,79
(+)-Bornyl acetate,Abies alba,6950274.0,CC(=O)OC1CC2CCC1(C)C2(C)C,PPB3,Cytochrome P450 2C19,,,,Consensus,Homo sapiens,0.16,,,80
(+)-Bornyl acetate,Abies alba,6950274.0,CC(=O)OC1CC2CCC1(C)C2(C)C,PPB3,MAP kinase ERK2,,,,Consensus,Homo sapiens,0.16,,,81
4-Hydroxycinnamic acid,Abrus precatorius,637542.0,OC(=O)/C=C/c1ccc(cc1)O,PPB3,Carbonic anhydrase VII,,,,DNN(ECFP4+MHFP6),Homo sapiens,1.0,,,1
4-Hydroxycinnamic acid,Abrus precatorius,637542.0,OC(=O)/C=C/c1ccc(cc1)O,PPB3,Carbonic anhydrase XIV,,,,DNN(ECFP4+MHFP6),Homo sapiens,0.99,,,2
4-Hydroxycinnamic acid,Abrus precatorius,637542.0,OC(=O)/C=C/c1ccc(cc1)O,PPB3,Carbonic anhydrase VI,,,,DNN(ECFP4+MHFP6),Homo sapiens,0.96,,,3
4-Hydroxycinnamic acid,Abrus precatorius,637542.0,OC(=O)/C=C/c1ccc(cc1)O,PPB3,Carbonic anhydrase VA,,,,DNN(ECFP4+MHFP6),Homo sapiens,0.96,,,4
4-Hydroxycinnamic acid,Abrus precatorius,637542.0,OC(=O)/C=C/c1ccc(cc1)O,PPB3,Carbonic anhydrase IX,,,,DNN(ECFP4+MHFP6),Homo sapiens,0.95,,,5
4-Hydroxycinnamic acid,Abrus precatorius,637542.0,OC(=O)/C=C/c1ccc(cc1)O,PPB3,Carbonic anhydrase IV,,,,DNN(ECFP4+MHFP6),Homo sapiens,0.94,,,6
4-Hydroxycinnamic acid,Abrus precatorius,637542.0,OC(=O)/C=C/c1ccc(cc1)O,PPB3,Carbonic anhydrase XII,,,,DNN(ECFP4+MHFP6),Homo sapiens,0.93,,,7
4-Hydroxycinnamic acid,Abrus precatorius,637542.0,OC(=O)/C=C/c1ccc(cc1)O,PPB3,Carbonic anhydrase III,,,,DNN(ECFP4+MHFP6),Homo sapiens,0.91,,,8
4-Hydroxycinnamic acid,Abrus precatorius,637542.0,OC(=O)/C=C/c1ccc(cc1)O,PPB3,Carbonic anhydrase I,,,,DNN(ECFP4+MHFP6),Homo sapiens,0.9,,,9
4-Hydroxycinnamic acid,Abrus precatorius,637542.0,OC(=O)/C=C/c1ccc(cc1)O,PPB3,Carbonic anhydrase II,,,,DNN(ECFP4+MHFP6),Homo sapiens,0.9,,,10
4-Hydroxycinnamic acid,Abrus precatorius,637542.0,OC(=O)/C=C/c1ccc(cc1)O,PPB3,Tyrosinase,,,,DNN(ECFP4+MHFP6),Homo sapiens,0.88,,,11
4-Hydroxycinnamic acid,Abrus precatorius,637542.0,OC(=O)/C=C/c1ccc(cc1)O,PPB3,Carbonic anhydrase VB,,,,DNN(ECFP4+MHFP6),Homo sapiens,0.78,,,12
4-Hydroxycinnamic acid,Abrus precatorius,637542.0,OC(=O)/C=C/c1ccc(cc1)O,PPB3,Aldose reductase,,,,DNN(ECFP4+MHFP6),Homo sapiens,0.74,,,13
4-Hydroxycinnamic acid,Abrus precatorius,637542.0,OC(=O)/C=C/c1ccc(cc1)O,PPB3,Carbonic anhydrase XIV,,,,DNN(ECFP4),Homo sapiens,0.97,,,14
4-Hydroxycinnamic acid,Abrus precatorius,637542.0,OC(=O)/C=C/c1ccc(cc1)O,PPB3,Carbonic anhydrase VII,,,,DNN(ECFP4),Homo sapiens,0.94,,,15
4-Hydroxycinnamic acid,Abrus precatorius,637542.0,OC(=O)/C=C/c1ccc(cc1)O,PPB3,Carbonic anhydrase VI,,,,DNN(ECFP4),Homo sapiens,0.94,,,16
4-Hydroxycinnamic acid,Abrus precatorius,637542.0,OC(=O)/C=C/c1ccc(cc1)O,PPB3,Carbonic anhydrase VA,,,,DNN(ECFP4),Homo sapiens,0.94,,,17
4-Hydroxycinnamic acid,Abrus precatorius,637542.0,OC(=O)/C=C/c1ccc(cc1)O,PPB3,Carbonic anhydrase XII,,,,DNN(ECFP4),Homo sapiens,0.88,,,18
4-Hydroxycinnamic acid,Abrus precatorius,637542.0,OC(=O)/C=C/c1ccc(cc1)O,PPB3,Carbonic anhydrase IX,,,,DNN(ECFP4),Homo sapiens,0.85,,,19
4-Hydroxycinnamic acid,Abrus precatorius,637542.0,OC(=O)/C=C/c1ccc(cc1)O,PPB3,Solute carrier organic anion transporter family member 1B3,,,,DNN(ECFP4),Homo sapiens,0.85,,,20
4-Hydroxycinnamic acid,Abrus precatorius,637542.0,OC(=O)/C=C/c1ccc(cc1)O,PPB3,Solute carrier organic anion transporter family member 1B1,,,,DNN(ECFP4),Homo sapiens,0.84,,,21
4-Hydroxycinnamic acid,Abrus precatorius,637542.0,OC(=O)/C=C/c1ccc(cc1)O,PPB3,Carbonic anhydrase VB,,,,DNN(ECFP4),Homo sapiens,0.76,,,22
4-Hydroxycinnamic acid,Abrus precatorius,637542.0,OC(=O)/C=C/c1ccc(cc1)O,PPB3,Carbonic anhydrase IV,,,,DNN(ECFP4),Homo sapiens,0.75,,,23
4-Hydroxycinnamic acid,Abrus precatorius,637542.0,OC(=O)/C=C/c1ccc(cc1)O,PPB3,Carbonic anhydrase II,,,,DNN(ECFP4),Homo sapiens,0.74,,,24
4-Hydroxycinnamic acid,Abrus precatorius,637542.0,OC(=O)/C=C/c1ccc(cc1)O,PPB3,Carbonic anhydrase III,,,,DNN(ECFP4),Homo sapiens,0.66,,,25
4-Hydroxycinnamic acid,Abrus precatorius,637542.0,OC(=O)/C=C/c1ccc(cc1)O,PPB3,Estrogen receptor alpha,,,,DNN(ECFP4),Homo sapiens,0.63,,,26
4-Hydroxycinnamic acid,Abrus precatorius,637542.0,OC(=O)/C=C/c1ccc(cc1)O,PPB3,Carbonic anhydrase I,,,,DNN(ECFP4),Homo sapiens,0.62,,,27
4-Hydroxycinnamic acid,Abrus precatorius,637542.0,OC(=O)/C=C/c1ccc(cc1)O,PPB3,Carbonic anhydrase XIV,,,,DNN(RDKit),Homo sapiens,0.98,,,28
4-Hydroxycinnamic acid,Abrus precatorius,637542.0,OC(=O)/C=C/c1ccc(cc1)O,PPB3,Carbonic anhydrase VI,,,,DNN(RDKit),Homo sapiens,0.98,,,29
4-Hydroxycinnamic acid,Abrus precatorius,637542.0,OC(=O)/C=C/c1ccc(cc1)O,PPB3,Carbonic anhydrase VII,,,,DNN(RDKit),Homo sapiens,0.98,,,30
4-Hydroxycinnamic acid,Abrus precatorius,637542.0,OC(=O)/C=C/c1ccc(cc1)O,PPB3,Carbonic anhydrase VA,,,,DNN(RDKit),Homo sapiens,0.96,,,31
4-Hydroxycinnamic acid,Abrus precatorius,637542.0,OC(=O)/C=C/c1ccc(cc1)O,PPB3,Carbonic anhydrase IX,,,,DNN(RDKit),Homo sapiens,0.95,,,32
4-Hydroxycinnamic acid,Abrus precatorius,637542.0,OC(=O)/C=C/c1ccc(cc1)O,PPB3,Carbonic anhydrase VB,,,,DNN(RDKit),Homo sapiens,0.95,,,33
4-Hydroxycinnamic acid,Abrus precatorius,637542.0,OC(=O)/C=C/c1ccc(cc1)O,PPB3,Carbonic anhydrase XII,,,,DNN(RDKit),Homo sapiens,0.94,,,34
4-Hydroxycinnamic acid,Abrus precatorius,637542.0,OC(=O)/C=C/c1ccc(cc1)O,PPB3,Carbonic anhydrase III,,,,DNN(RDKit),Homo sapiens,0.87,,,35
4-Hydroxycinnamic acid,Abrus precatorius,637542.0,OC(=O)/C=C/c1ccc(cc1)O,PPB3,Carbonic anhydrase I,,,,DNN(RDKit),Homo sapiens,0.78,,,36
4-Hydroxycinnamic acid,Abrus precatorius,637542.0,OC(=O)/C=C/c1ccc(cc1)O,PPB3,Carbonic anhydrase IV,,,,DNN(RDKit),Homo sapiens,0.76,,,37
4-Hydroxycinnamic acid,Abrus precatorius,637542.0,OC(=O)/C=C/c1ccc(cc1)O,PPB3,Xanthine dehydrogenase,,,,DNN(RDKit),Homo sapiens,0.75,,,38
4-Hydroxycinnamic acid,Abrus precatorius,637542.0,OC(=O)/C=C/c1ccc(cc1)O,PPB3,Solute carrier organic anion transporter family member 1B3,,,,DNN(RDKit),Homo sapiens,0.75,,,39
4-Hydroxycinnamic acid,Abrus precatorius,637542.0,OC(=O)/C=C/c1ccc(cc1)O,PPB3,Solute carrier organic anion transporter family member 1B1,,,,DNN(RDKit),Homo sapiens,0.73,,,40
4-Hydroxycinnamic acid,Abrus precatorius,637542.0,OC(=O)/C=C/c1ccc(cc1)O,PPB3,Carbonic anhydrase XIV,,,,DNN(Layered),Homo sapiens,0.96,,,41
4-Hydroxycinnamic acid,Abrus precatorius,637542.0,OC(=O)/C=C/c1ccc(cc1)O,PPB3,Carbonic anhydrase VII,,,,DNN(Layered),Homo sapiens,0.94,,,42
4-Hydroxycinnamic acid,Abrus precatorius,637542.0,OC(=O)/C=C/c1ccc(cc1)O,PPB3,Carbonic anhydrase VB,,,,DNN(Layered),Homo sapiens,0.9,,,43
4-Hydroxycinnamic acid,Abrus precatorius,637542.0,OC(=O)/C=C/c1ccc(cc1)O,PPB3,Carbonic anhydrase IX,,,,DNN(Layered),Homo sapiens,0.88,,,44
4-Hydroxycinnamic acid,Abrus precatorius,637542.0,OC(=O)/C=C/c1ccc(cc1)O,PPB3,Carbonic anhydrase II,,,,DNN(Layered),Homo sapiens,0.85,,,45
4-Hydroxycinnamic acid,Abrus precatorius,637542.0,OC(=O)/C=C/c1ccc(cc1)O,PPB3,Carbonic anhydrase XII,,,,DNN(Layered),Homo sapiens,0.84,,,46
4-Hydroxycinnamic acid,Abrus precatorius,637542.0,OC(=O)/C=C/c1ccc(cc1)O,PPB3,Carbonic anhydrase VI,,,,DNN(Layered),Homo sapiens,0.81,,,47
4-Hydroxycinnamic acid,Abrus precatorius,637542.0,OC(=O)/C=C/c1ccc(cc1)O,PPB3,Carbonic anhydrase I,,,,DNN(Layered),Homo sapiens,0.8,,,48
4-Hydroxycinnamic acid,Abrus precatorius,637542.0,OC(=O)/C=C/c1ccc(cc1)O,PPB3,Carbonic anhydrase VA,,,,DNN(Layered),Homo sapiens,0.79,,,49
4-Hydroxycinnamic acid,Abrus precatorius,637542.0,OC(=O)/C=C/c1ccc(cc1)O,PPB3,Carbonic anhydrase III,,,,DNN(Layered),Homo sapiens,0.7,,,50
4-Hydroxycinnamic acid,Abrus precatorius,637542.0,OC(=O)/C=C/c1ccc(cc1)O,PPB3,Carbonic anhydrase IV,,,,DNN(Layered),Homo sapiens,0.39,,,51
4-Hydroxycinnamic acid,Abrus precatorius,637542.0,OC(=O)/C=C/c1ccc(cc1)O,PPB3,Aldose reductase,,,,DNN(Layered),Homo sapiens,0.37,,,52
4-Hydroxycinnamic acid,Abrus precatorius,637542.0,OC(=O)/C=C/c1ccc(cc1)O,PPB3,Solute carrier organic anion transporter family member 1B3,,,,DNN(Layered),Homo sapiens,0.33,,,53
4-Hydroxycinnamic acid,Abrus precatorius,637542.0,OC(=O)/C=C/c1ccc(cc1)O,PPB3,Tyrosinase,,,,DNN(Layered),Homo sapiens,0.28,,,54
4-Hydroxycinnamic acid,Abrus precatorius,637542.0,OC(=O)/C=C/c1ccc(cc1)O,PPB3,Carbonic anhydrase XIV,,,,DNN(MHFP6),Homo sapiens,0.98,,,55
4-Hydroxycinnamic acid,Abrus precatorius,637542.0,OC(=O)/C=C/c1ccc(cc1)O,PPB3,Carbonic anhydrase VII,,,,DNN(MHFP6),Homo sapiens,0.97,,,56
4-Hydroxycinnamic acid,Abrus precatorius,637542.0,OC(=O)/C=C/c1ccc(cc1)O,PPB3,Carbonic anhydrase II,,,,DNN(MHFP6),Homo sapiens,0.96,,,57
4-Hydroxycinnamic acid,Abrus precatorius,637542.0,OC(=O)/C=C/c1ccc(cc1)O,PPB3,Carbonic anhydrase VA,,,,DNN(MHFP6),Homo sapiens,0.92,,,58
4-Hydroxycinnamic acid,Abrus precatorius,637542.0,OC(=O)/C=C/c1ccc(cc1)O,PPB3,Carbonic anhydrase IX,,,,DNN(MHFP6),Homo sapiens,0.9,,,59
4-Hydroxycinnamic acid,Abrus precatorius,637542.0,OC(=O)/C=C/c1ccc(cc1)O,PPB3,Carbonic anhydrase XII,,,,DNN(MHFP6),Homo sapiens,0.86,,,60
4-Hydroxycinnamic acid,Abrus precatorius,637542.0,OC(=O)/C=C/c1ccc(cc1)O,PPB3,Carbonic anhydrase I,,,,DNN(MHFP6),Homo sapiens,0.85,,,61
4-Hydroxycinnamic acid,Abrus precatorius,637542.0,OC(=O)/C=C/c1ccc(cc1)O,PPB3,Carbonic anhydrase VB,,,,DNN(MHFP6),Homo sapiens,0.81,,,62
4-Hydroxycinnamic acid,Abrus precatorius,637542.0,OC(=O)/C=C/c1ccc(cc1)O,PPB3,Tyrosinase,,,,DNN(MHFP6),Homo sapiens,0.75,,,63
4-Hydroxycinnamic acid,Abrus precatorius,637542.0,OC(=O)/C=C/c1ccc(cc1)O,PPB3,Carbonic anhydrase IV,,,,DNN(MHFP6),Homo sapiens,0.73,,,64
4-Hydroxycinnamic acid,Abrus precatorius,637542.0,OC(=O)/C=C/c1ccc(cc1)O,PPB3,Carbonic anhydrase III,,,,DNN(MHFP6),Homo sapiens,0.71,,,65
4-Hydroxycinnamic acid,Abrus precatorius,637542.0,OC(=O)/C=C/c1ccc(cc1)O,PPB3,Carbonic anhydrase VI,,,,DNN(MHFP6),Homo sapiens,0.59,,,66
4-Hydroxycinnamic acid,Abrus precatorius,637542.0,OC(=O)/C=C/c1ccc(cc1)O,PPB3,Aldose reductase,,,,DNN(MHFP6),Homo sapiens,0.58,,,67
4-Hydroxycinnamic acid,Abrus precatorius,637542.0,OC(=O)/C=C/c1ccc(cc1)O,PPB3,Solute carrier organic anion transporter family member 1B3,,,,DNN(MHFP6),Homo sapiens,0.57,,,68
4-Hydroxycinnamic acid,Abrus precatorius,637542.0,OC(=O)/C=C/c1ccc(cc1)O,PPB3,Carbonic anhydrase XIV,,,,DNN(ECFP6),Homo sapiens,0.99,,,69
4-Hydroxycinnamic acid,Abrus precatorius,637542.0,OC(=O)/C=C/c1ccc(cc1)O,PPB3,Carbonic anhydrase VII,,,,DNN(ECFP6),Homo sapiens,0.99,,,70
4-Hydroxycinnamic acid,Abrus precatorius,637542.0,OC(=O)/C=C/c1ccc(cc1)O,PPB3,Carbonic anhydrase VA,,,,DNN(ECFP6),Homo sapiens,0.97,,,71
4-Hydroxycinnamic acid,Abrus precatorius,637542.0,OC(=O)/C=C/c1ccc(cc1)O,PPB3,Carbonic anhydrase XII,,,,DNN(ECFP6),Homo sapiens,0.96,,,72
4-Hydroxycinnamic acid,Abrus precatorius,637542.0,OC(=O)/C=C/c1ccc(cc1)O,PPB3,Carbonic anhydrase IX,,,,DNN(ECFP6),Homo sapiens,0.96,,,73
4-Hydroxycinnamic acid,Abrus precatorius,637542.0,OC(=O)/C=C/c1ccc(cc1)O,PPB3,Carbonic anhydrase VB,,,,DNN(ECFP6),Homo sapiens,0.96,,,74
4-Hydroxycinnamic acid,Abrus precatorius,637542.0,OC(=O)/C=C/c1ccc(cc1)O,PPB3,Carbonic anhydrase VI,,,,DNN(ECFP6),Homo sapiens,0.94,,,75
4-Hydroxycinnamic acid,Abrus precatorius,637542.0,OC(=O)/C=C/c1ccc(cc1)O,PPB3,Carbonic anhydrase I,,,,DNN(ECFP6),Homo sapiens,0.93,,,76
4-Hydroxycinnamic acid,Abrus precatorius,637542.0,OC(=O)/C=C/c1ccc(cc1)O,PPB3,Carbonic anhydrase IV,,,,DNN(ECFP6),Homo sapiens,0.92,,,77
4-Hydroxycinnamic acid,Abrus precatorius,637542.0,OC(=O)/C=C/c1ccc(cc1)O,PPB3,Carbonic anhydrase III,,,,DNN(ECFP6),Homo sapiens,0.9,,,78
4-Hydroxycinnamic acid,Abrus precatorius,637542.0,OC(=O)/C=C/c1ccc(cc1)O,PPB3,Carbonic anhydrase II,,,,DNN(ECFP6),Homo sapiens,0.9,,,79
4-Hydroxycinnamic acid,Abrus precatorius,637542.0,OC(=O)/C=C/c1ccc(cc1)O,PPB3,Aldose reductase,,,,DNN(ECFP6),Homo sapiens,0.71,,,80
4-Hydroxycinnamic acid,Abrus precatorius,637542.0,OC(=O)/C=C/c1ccc(cc1)O,PPB3,Solute carrier organic anion transporter family member 1B1,,,,DNN(ECFP6),Homo sapiens,0.69,,,81
4-Hydroxycinnamic acid,Abrus precatorius,637542.0,OC(=O)/C=C/c1ccc(cc1)O,PPB3,Solute carrier organic anion transporter family member 1B3,,,,DNN(ECFP6),Homo sapiens,0.68,,,82
4-Hydroxycinnamic acid,Abrus precatorius,637542.0,OC(=O)/C=C/c1ccc(cc1)O,PPB3,Raji,,,,DNN(ECFP6),Homo sapiens,0.65,,,83
4-Hydroxycinnamic acid,Abrus precatorius,637542.0,OC(=O)/C=C/c1ccc(cc1)O,PPB3,Carbonic anhydrase VII,,,,DNN(AtomPair),Homo sapiens,0.96,,,84
4-Hydroxycinnamic acid,Abrus precatorius,637542.0,OC(=O)/C=C/c1ccc(cc1)O,PPB3,Carbonic anhydrase XII,,,,DNN(AtomPair),Homo sapiens,0.92,,,85
4-Hydroxycinnamic acid,Abrus precatorius,637542.0,OC(=O)/C=C/c1ccc(cc1)O,PPB3,Carbonic anhydrase XIV,,,,DNN(AtomPair),Homo sapiens,0.9,,,86
4-Hydroxycinnamic acid,Abrus precatorius,637542.0,OC(=O)/C=C/c1ccc(cc1)O,PPB3,Carbonic anhydrase VI,,,,DNN(AtomPair),Homo sapiens,0.88,,,87
4-Hydroxycinnamic acid,Abrus precatorius,637542.0,OC(=O)/C=C/c1ccc(cc1)O,PPB3,Carbonic anhydrase III,,,,DNN(AtomPair),Homo sapiens,0.81,,,88
4-Hydroxycinnamic acid,Abrus precatorius,637542.0,OC(=O)/C=C/c1ccc(cc1)O,PPB3,Carbonic anhydrase VA,,,,DNN(AtomPair),Homo sapiens,0.79,,,89
4-Hydroxycinnamic acid,Abrus precatorius,637542.0,OC(=O)/C=C/c1ccc(cc1)O,PPB3,Carbonic anhydrase IX,,,,DNN(AtomPair),Homo sapiens,0.78,,,90
4-Hydroxycinnamic acid,Abrus precatorius,637542.0,OC(=O)/C=C/c1ccc(cc1)O,PPB3,Carbonic anhydrase VB,,,,DNN(AtomPair),Homo sapiens,0.74,,,91
4-Hydroxycinnamic acid,Abrus precatorius,637542.0,OC(=O)/C=C/c1ccc(cc1)O,PPB3,Carbonic anhydrase I,,,,DNN(AtomPair),Homo sapiens,0.66,,,92
4-Hydroxycinnamic acid,Abrus precatorius,637542.0,OC(=O)/C=C/c1ccc(cc1)O,PPB3,Solute carrier organic anion transporter family member 1B3,,,,DNN(AtomPair),Homo sapiens,0.59,,,93
4-Hydroxycinnamic acid,Abrus precatorius,637542.0,OC(=O)/C=C/c1ccc(cc1)O,PPB3,Solute carrier organic anion transporter family member 1B1,,,,DNN(AtomPair),Homo sapiens,0.55,,,94
4-Hydroxycinnamic acid,Abrus precatorius,637542.0,OC(=O)/C=C/c1ccc(cc1)O,PPB3,Carbonic anhydrase II,,,,DNN(AtomPair),Homo sapiens,0.55,,,95
4-Hydroxycinnamic acid,Abrus precatorius,637542.0,OC(=O)/C=C/c1ccc(cc1)O,PPB3,Tyrosinase,,,,DNN(AtomPair),Homo sapiens,0.49,,,96
4-Hydroxycinnamic acid,Abrus precatorius,637542.0,OC(=O)/C=C/c1ccc(cc1)O,PPB3,Carbonic anhydrase VII,,,,Consensus,Homo sapiens,1.0,,,97
4-Hydroxycinnamic acid,Abrus precatorius,637542.0,OC(=O)/C=C/c1ccc(cc1)O,PPB3,Carbonic anhydrase XIV,,,,Consensus,Homo sapiens,0.99,,,98
4-Hydroxycinnamic acid,Abrus precatorius,637542.0,OC(=O)/C=C/c1ccc(cc1)O,PPB3,Carbonic anhydrase VI,,,,Consensus,Homo sapiens,0.98,,,99
4-Hydroxycinnamic acid,Abrus precatorius,637542.0,OC(=O)/C=C/c1ccc(cc1)O,PPB3,Carbonic anhydrase VA,,,,Consensus,Homo sapiens,0.97,,,100
4-Hydroxycinnamic acid,Abrus precatorius,637542.0,OC(=O)/C=C/c1ccc(cc1)O,PPB3,Carbonic anhydrase XII,,,,Consensus,Homo sapiens,0.96,,,101
4-Hydroxycinnamic acid,Abrus precatorius,637542.0,OC(=O)/C=C/c1ccc(cc1)O,PPB3,Carbonic anhydrase IX,,,,Consensus,Homo sapiens,0.96,,,102
4-Hydroxycinnamic acid,Abrus precatorius,637542.0,OC(=O)/C=C/c1ccc(cc1)O,PPB3,Carbonic anhydrase VB,,,,Consensus,Homo sapiens,0.96,,,103
4-Hydroxycinnamic acid,Abrus precatorius,637542.0,OC(=O)/C=C/c1ccc(cc1)O,PPB3,Carbonic anhydrase II,,,,Consensus,Homo sapiens,0.96,,,104
4-Hydroxycinnamic acid,Abrus precatorius,637542.0,OC(=O)/C=C/c1ccc(cc1)O,PPB3,Carbonic anhydrase IV,,,,Consensus,Homo sapiens,0.94,,,105
4-Hydroxycinnamic acid,Abrus precatorius,637542.0,OC(=O)/C=C/c1ccc(cc1)O,PPB3,Carbonic anhydrase I,,,,Consensus,Homo sapiens,0.93,,,106
4-Hydroxycinnamic acid,Abrus precatorius,637542.0,OC(=O)/C=C/c1ccc(cc1)O,PPB3,Carbonic anhydrase III,,,,Consensus,Homo sapiens,0.91,,,107
4-Hydroxycinnamic acid,Abrus precatorius,637542.0,OC(=O)/C=C/c1ccc(cc1)O,PPB3,Tyrosinase,,,,Consensus,Homo sapiens,0.88,,,108
4-Hydroxycinnamic acid,Abrus precatorius,637542.0,OC(=O)/C=C/c1ccc(cc1)O,PPB3,Solute carrier organic anion transporter family member 1B3,,,,Consensus,Homo sapiens,0.85,,,109
ABRUQUINONE-A,Abrus precatorius,172847.0,COC1=C(C=C2C(=C1)CC(CO2)C3=CC(=O)C(=C(C3=O)OC)OC)OC,PPB3,Arachidonate 5-lipoxygenase,,,,DNN(ECFP4+MHFP6),Homo sapiens,0.15,,,1
ABRUQUINONE-A,Abrus precatorius,172847.0,COC1=C(C=C2C(=C1)CC(CO2)C3=CC(=O)C(=C(C3=O)OC)OC)OC,PPB3,LNCaP,,,,DNN(ECFP4+MHFP6),Homo sapiens,0.09,,,2
ABRUQUINONE-A,Abrus precatorius,172847.0,COC1=C(C=C2C(=C1)CC(CO2)C3=CC(=O)C(=C(C3=O)OC)OC)OC,PPB3,Solute carrier organic anion transporter family member 1B1,,,,DNN(ECFP4+MHFP6),Homo sapiens,0.09,,,3
ABRUQUINONE-A,Abrus precatorius,172847.0,COC1=C(C=C2C(=C1)CC(CO2)C3=CC(=O)C(=C(C3=O)OC)OC)OC,PPB3,Solute carrier organic anion transporter family member 1B3,,,,DNN(ECFP4+MHFP6),Homo sapiens,0.08,,,4
ABRUQUINONE-A,Abrus precatorius,172847.0,COC1=C(C=C2C(=C1)CC(CO2)C3=CC(=O)C(=C(C3=O)OC)OC)OC,PPB3,Prostaglandin E synthase,,,,DNN(ECFP4+MHFP6),Homo sapiens,0.07,,,5
ABRUQUINONE-A,Abrus precatorius,172847.0,COC1=C(C=C2C(=C1)CC(CO2)C3=CC(=O)C(=C(C3=O)OC)OC)OC,PPB3,SH-SY5Y,,,,DNN(ECFP4+MHFP6),Homo sapiens,0.05,,,6
ABRUQUINONE-A,Abrus precatorius,172847.0,COC1=C(C=C2C(=C1)CC(CO2)C3=CC(=O)C(=C(C3=O)OC)OC)OC,PPB3,Arachidonate 12-lipoxygenase,,,,DNN(ECFP4+MHFP6),Homo sapiens,0.05,,,7
ABRUQUINONE-A,Abrus precatorius,172847.0,COC1=C(C=C2C(=C1)CC(CO2)C3=CC(=O)C(=C(C3=O)OC)OC)OC,PPB3,Cytochrome P450 3A4,,,,DNN(ECFP4+MHFP6),Homo sapiens,0.04,,,8
ABRUQUINONE-A,Abrus precatorius,172847.0,COC1=C(C=C2C(=C1)CC(CO2)C3=CC(=O)C(=C(C3=O)OC)OC)OC,PPB3,DLD-1,,,,DNN(ECFP4+MHFP6),Homo sapiens,0.01,,,9
ABRUQUINONE-A,Abrus precatorius,172847.0,COC1=C(C=C2C(=C1)CC(CO2)C3=CC(=O)C(=C(C3=O)OC)OC)OC,PPB3,MCF7,,,,DNN(ECFP4+MHFP6),Homo sapiens,0.01,,,10
ABRUQUINONE-A,Abrus precatorius,172847.0,COC1=C(C=C2C(=C1)CC(CO2)C3=CC(=O)C(=C(C3=O)OC)OC)OC,PPB3,MIA PaCa-2,,,,DNN(ECFP4+MHFP6),Homo sapiens,0.01,,,11
ABRUQUINONE-A,Abrus precatorius,172847.0,COC1=C(C=C2C(=C1)CC(CO2)C3=CC(=O)C(=C(C3=O)OC)OC)OC,PPB3,Arachidonate 15-lipoxygenase,,,,DNN(ECFP4),Homo sapiens,0.08,,,12
ABRUQUINONE-A,Abrus precatorius,172847.0,COC1=C(C=C2C(=C1)CC(CO2)C3=CC(=O)C(=C(C3=O)OC)OC)OC,PPB3,Glyceraldehyde-3-phosphate dehydrogenase liver,,,,DNN(ECFP4),Homo sapiens,0.04,,,13
ABRUQUINONE-A,Abrus precatorius,172847.0,COC1=C(C=C2C(=C1)CC(CO2)C3=CC(=O)C(=C(C3=O)OC)OC)OC,PPB3,CEM-SS,,,,DNN(ECFP4),Homo sapiens,0.01,,,14
ABRUQUINONE-A,Abrus precatorius,172847.0,COC1=C(C=C2C(=C1)CC(CO2)C3=CC(=O)C(=C(C3=O)OC)OC)OC,PPB3,Arachidonate 12-lipoxygenase,,,,DNN(ECFP4),Homo sapiens,0.01,,,15
ABRUQUINONE-A,Abrus precatorius,172847.0,COC1=C(C=C2C(=C1)CC(CO2)C3=CC(=O)C(=C(C3=O)OC)OC)OC,PPB3,Estrogen receptor beta,,,,DNN(ECFP4),Homo sapiens,0.0,,,16
ABRUQUINONE-A,Abrus precatorius,172847.0,COC1=C(C=C2C(=C1)CC(CO2)C3=CC(=O)C(=C(C3=O)OC)OC)OC,PPB3,Quinone reductase 1,,,,DNN(ECFP4),Homo sapiens,0.0,,,17
ABRUQUINONE-A,Abrus precatorius,172847.0,COC1=C(C=C2C(=C1)CC(CO2)C3=CC(=O)C(=C(C3=O)OC)OC)OC,PPB3,Histone deacetylase 1,,,,DNN(ECFP4),Homo sapiens,0.0,,,18
ABRUQUINONE-A,Abrus precatorius,172847.0,COC1=C(C=C2C(=C1)CC(CO2)C3=CC(=O)C(=C(C3=O)OC)OC)OC,PPB3,HL-60,,,,DNN(RDKit),Homo sapiens,0.07,,,19
ABRUQUINONE-A,Abrus precatorius,172847.0,COC1=C(C=C2C(=C1)CC(CO2)C3=CC(=O)C(=C(C3=O)OC)OC)OC,PPB3,HepG2,,,,DNN(RDKit),Homo sapiens,0.05,,,20
ABRUQUINONE-A,Abrus precatorius,172847.0,COC1=C(C=C2C(=C1)CC(CO2)C3=CC(=O)C(=C(C3=O)OC)OC)OC,PPB3,A549,,,,DNN(RDKit),Homo sapiens,0.02,,,21
ABRUQUINONE-A,Abrus precatorius,172847.0,COC1=C(C=C2C(=C1)CC(CO2)C3=CC(=O)C(=C(C3=O)OC)OC)OC,PPB3,Acetylcholinesterase,,,,DNN(RDKit),Homo sapiens,0.02,,,22
ABRUQUINONE-A,Abrus precatorius,172847.0,COC1=C(C=C2C(=C1)CC(CO2)C3=CC(=O)C(=C(C3=O)OC)OC)OC,PPB3,MCF7,,,,DNN(RDKit),Homo sapiens,0.01,,,23
ABRUQUINONE-A,Abrus precatorius,172847.0,COC1=C(C=C2C(=C1)CC(CO2)C3=CC(=O)C(=C(C3=O)OC)OC)OC,PPB3,Estrogen receptor alpha,,,,DNN(RDKit),Homo sapiens,0.01,,,24
ABRUQUINONE-A,Abrus precatorius,172847.0,COC1=C(C=C2C(=C1)CC(CO2)C3=CC(=O)C(=C(C3=O)OC)OC)OC,PPB3,NB-4,,,,DNN(RDKit),Homo sapiens,0.01,,,25
ABRUQUINONE-A,Abrus precatorius,172847.0,COC1=C(C=C2C(=C1)CC(CO2)C3=CC(=O)C(=C(C3=O)OC)OC)OC,PPB3,HUVEC,,,,DNN(RDKit),Homo sapiens,0.01,,,26
ABRUQUINONE-A,Abrus precatorius,172847.0,COC1=C(C=C2C(=C1)CC(CO2)C3=CC(=O)C(=C(C3=O)OC)OC)OC,PPB3,Raji,,,,DNN(RDKit),Homo sapiens,0.01,,,27
ABRUQUINONE-A,Abrus precatorius,172847.0,COC1=C(C=C2C(=C1)CC(CO2)C3=CC(=O)C(=C(C3=O)OC)OC)OC,PPB3,HCT-116,,,,DNN(RDKit),Homo sapiens,0.01,,,28
ABRUQUINONE-A,Abrus precatorius,172847.0,COC1=C(C=C2C(=C1)CC(CO2)C3=CC(=O)C(=C(C3=O)OC)OC)OC,PPB3,Arachidonate 5-lipoxygenase,,,,DNN(RDKit),Homo sapiens,0.01,,,29
ABRUQUINONE-A,Abrus precatorius,172847.0,COC1=C(C=C2C(=C1)CC(CO2)C3=CC(=O)C(=C(C3=O)OC)OC)OC,PPB3,A549,,,,DNN(Layered),Homo sapiens,0.08,,,30
ABRUQUINONE-A,Abrus precatorius,172847.0,COC1=C(C=C2C(=C1)CC(CO2)C3=CC(=O)C(=C(C3=O)OC)OC)OC,PPB3,K562,,,,DNN(Layered),Homo sapiens,0.04,,,31
ABRUQUINONE-A,Abrus precatorius,172847.0,COC1=C(C=C2C(=C1)CC(CO2)C3=CC(=O)C(=C(C3=O)OC)OC)OC,PPB3,HCT-116,,,,DNN(Layered),Homo sapiens,0.04,,,32
ABRUQUINONE-A,Abrus precatorius,172847.0,COC1=C(C=C2C(=C1)CC(CO2)C3=CC(=O)C(=C(C3=O)OC)OC)OC,PPB3,HeLa,,,,DNN(Layered),Homo sapiens,0.03,,,33
ABRUQUINONE-A,Abrus precatorius,172847.0,COC1=C(C=C2C(=C1)CC(CO2)C3=CC(=O)C(=C(C3=O)OC)OC)OC,PPB3,PC-3,,,,DNN(Layered),Homo sapiens,0.03,,,34
ABRUQUINONE-A,Abrus precatorius,172847.0,COC1=C(C=C2C(=C1)CC(CO2)C3=CC(=O)C(=C(C3=O)OC)OC)OC,PPB3,KB,,,,DNN(Layered),Homo sapiens,0.03,,,35
ABRUQUINONE-A,Abrus precatorius,172847.0,COC1=C(C=C2C(=C1)CC(CO2)C3=CC(=O)C(=C(C3=O)OC)OC)OC,PPB3,MCF7,,,,DNN(Layered),Homo sapiens,0.03,,,36
ABRUQUINONE-A,Abrus precatorius,172847.0,COC1=C(C=C2C(=C1)CC(CO2)C3=CC(=O)C(=C(C3=O)OC)OC)OC,PPB3,NCI-H460,,,,DNN(Layered),Homo sapiens,0.03,,,37
ABRUQUINONE-A,Abrus precatorius,172847.0,COC1=C(C=C2C(=C1)CC(CO2)C3=CC(=O)C(=C(C3=O)OC)OC)OC,PPB3,P-glycoprotein 1,,,,DNN(Layered),Homo sapiens,0.02,,,38
ABRUQUINONE-A,Abrus precatorius,172847.0,COC1=C(C=C2C(=C1)CC(CO2)C3=CC(=O)C(=C(C3=O)OC)OC)OC,PPB3,MDA-MB-231,,,,DNN(Layered),Homo sapiens,0.02,,,39
ABRUQUINONE-A,Abrus precatorius,172847.0,COC1=C(C=C2C(=C1)CC(CO2)C3=CC(=O)C(=C(C3=O)OC)OC)OC,PPB3,HepG2,,,,DNN(Layered),Homo sapiens,0.02,,,40
ABRUQUINONE-A,Abrus precatorius,172847.0,COC1=C(C=C2C(=C1)CC(CO2)C3=CC(=O)C(=C(C3=O)OC)OC)OC,PPB3,HaCaT,,,,DNN(Layered),Homo sapiens,0.02,,,41
ABRUQUINONE-A,Abrus precatorius,172847.0,COC1=C(C=C2C(=C1)CC(CO2)C3=CC(=O)C(=C(C3=O)OC)OC)OC,PPB3,HL-60,,,,DNN(Layered),Homo sapiens,0.02,,,42
ABRUQUINONE-A,Abrus precatorius,172847.0,COC1=C(C=C2C(=C1)CC(CO2)C3=CC(=O)C(=C(C3=O)OC)OC)OC,PPB3,Cannabinoid CB2 receptor,,,,DNN(MHFP6),Homo sapiens,0.35,,,43
ABRUQUINONE-A,Abrus precatorius,172847.0,COC1=C(C=C2C(=C1)CC(CO2)C3=CC(=O)C(=C(C3=O)OC)OC)OC,PPB3,Arachidonate 5-lipoxygenase,,,,DNN(MHFP6),Homo sapiens,0.06,,,44
ABRUQUINONE-A,Abrus precatorius,172847.0,COC1=C(C=C2C(=C1)CC(CO2)C3=CC(=O)C(=C(C3=O)OC)OC)OC,PPB3,HeLa,,,,DNN(MHFP6),Homo sapiens,0.03,,,45
ABRUQUINONE-A,Abrus precatorius,172847.0,COC1=C(C=C2C(=C1)CC(CO2)C3=CC(=O)C(=C(C3=O)OC)OC)OC,PPB3,Butyrylcholinesterase,,,,DNN(MHFP6),Homo sapiens,0.01,,,46
ABRUQUINONE-A,Abrus precatorius,172847.0,COC1=C(C=C2C(=C1)CC(CO2)C3=CC(=O)C(=C(C3=O)OC)OC)OC,PPB3,MCF7,,,,DNN(MHFP6),Homo sapiens,0.01,,,47
ABRUQUINONE-A,Abrus precatorius,172847.0,COC1=C(C=C2C(=C1)CC(CO2)C3=CC(=O)C(=C(C3=O)OC)OC)OC,PPB3,A549,,,,DNN(MHFP6),Homo sapiens,0.01,,,48
ABRUQUINONE-A,Abrus precatorius,172847.0,COC1=C(C=C2C(=C1)CC(CO2)C3=CC(=O)C(=C(C3=O)OC)OC)OC,PPB3,HepG2,,,,DNN(MHFP6),Homo sapiens,0.01,,,49
ABRUQUINONE-A,Abrus precatorius,172847.0,COC1=C(C=C2C(=C1)CC(CO2)C3=CC(=O)C(=C(C3=O)OC)OC)OC,PPB3,N9,,,,DNN(MHFP6),Homo sapiens,0.01,,,50
ABRUQUINONE-A,Abrus precatorius,172847.0,COC1=C(C=C2C(=C1)CC(CO2)C3=CC(=O)C(=C(C3=O)OC)OC)OC,PPB3,KB,,,,DNN(MHFP6),Homo sapiens,0.0,,,51
ABRUQUINONE-A,Abrus precatorius,172847.0,COC1=C(C=C2C(=C1)CC(CO2)C3=CC(=O)C(=C(C3=O)OC)OC)OC,PPB3,MDA-MB-231,,,,DNN(MHFP6),Homo sapiens,0.0,,,52
ABRUQUINONE-A,Abrus precatorius,172847.0,COC1=C(C=C2C(=C1)CC(CO2)C3=CC(=O)C(=C(C3=O)OC)OC)OC,PPB3,K562,,,,DNN(MHFP6),Homo sapiens,0.0,,,53
ABRUQUINONE-A,Abrus precatorius,172847.0,COC1=C(C=C2C(=C1)CC(CO2)C3=CC(=O)C(=C(C3=O)OC)OC)OC,PPB3,U-251,,,,DNN(MHFP6),Homo sapiens,0.0,,,54
ABRUQUINONE-A,Abrus precatorius,172847.0,COC1=C(C=C2C(=C1)CC(CO2)C3=CC(=O)C(=C(C3=O)OC)OC)OC,PPB3,SH-SY5Y,,,,DNN(MHFP6),Homo sapiens,0.0,,,55
ABRUQUINONE-A,Abrus precatorius,172847.0,COC1=C(C=C2C(=C1)CC(CO2)C3=CC(=O)C(=C(C3=O)OC)OC)OC,PPB3,HaCaT,,,,DNN(MHFP6),Homo sapiens,0.0,,,56
ABRUQUINONE-A,Abrus precatorius,172847.0,COC1=C(C=C2C(=C1)CC(CO2)C3=CC(=O)C(=C(C3=O)OC)OC)OC,PPB3,T47D,,,,DNN(MHFP6),Homo sapiens,0.0,,,57
ABRUQUINONE-A,Abrus precatorius,172847.0,COC1=C(C=C2C(=C1)CC(CO2)C3=CC(=O)C(=C(C3=O)OC)OC)OC,PPB3,Epoxide hydratase,,,,DNN(MHFP6),Homo sapiens,0.0,,,58
ABRUQUINONE-A,Abrus precatorius,172847.0,COC1=C(C=C2C(=C1)CC(CO2)C3=CC(=O)C(=C(C3=O)OC)OC)OC,PPB3,HT-29,,,,DNN(ECFP6),Homo sapiens,0.02,,,59
ABRUQUINONE-A,Abrus precatorius,172847.0,COC1=C(C=C2C(=C1)CC(CO2)C3=CC(=O)C(=C(C3=O)OC)OC)OC,PPB3,MCF7,,,,DNN(ECFP6),Homo sapiens,0.02,,,60
ABRUQUINONE-A,Abrus precatorius,172847.0,COC1=C(C=C2C(=C1)CC(CO2)C3=CC(=O)C(=C(C3=O)OC)OC)OC,PPB3,HeLa,,,,DNN(ECFP6),Homo sapiens,0.02,,,61
ABRUQUINONE-A,Abrus precatorius,172847.0,COC1=C(C=C2C(=C1)CC(CO2)C3=CC(=O)C(=C(C3=O)OC)OC)OC,PPB3,Cytochrome P450 19A1,,,,DNN(ECFP6),Homo sapiens,0.01,,,62
ABRUQUINONE-A,Abrus precatorius,172847.0,COC1=C(C=C2C(=C1)CC(CO2)C3=CC(=O)C(=C(C3=O)OC)OC)OC,PPB3,ATP-dependent DNA helicase Q1,,,,DNN(ECFP6),Homo sapiens,0.01,,,63
ABRUQUINONE-A,Abrus precatorius,172847.0,COC1=C(C=C2C(=C1)CC(CO2)C3=CC(=O)C(=C(C3=O)OC)OC)OC,PPB3,SW480,,,,DNN(ECFP6),Homo sapiens,0.0,,,64
ABRUQUINONE-A,Abrus precatorius,172847.0,COC1=C(C=C2C(=C1)CC(CO2)C3=CC(=O)C(=C(C3=O)OC)OC)OC,PPB3,15-hydroxyprostaglandin dehydrogenase [NAD+],,,,DNN(ECFP6),Homo sapiens,0.0,,,65
ABRUQUINONE-A,Abrus precatorius,172847.0,COC1=C(C=C2C(=C1)CC(CO2)C3=CC(=O)C(=C(C3=O)OC)OC)OC,PPB3,A549,,,,DNN(ECFP6),Homo sapiens,0.0,,,66
ABRUQUINONE-A,Abrus precatorius,172847.0,COC1=C(C=C2C(=C1)CC(CO2)C3=CC(=O)C(=C(C3=O)OC)OC)OC,PPB3,Ectonucleotide pyrophosphatase/phosphodiesterase family member 1,,,,DNN(ECFP6),Homo sapiens,0.0,,,67
ABRUQUINONE-A,Abrus precatorius,172847.0,COC1=C(C=C2C(=C1)CC(CO2)C3=CC(=O)C(=C(C3=O)OC)OC)OC,PPB3,Panel NCI-60 (60 carcinoma cell lines),,,,DNN(ECFP6),Homo sapiens,0.0,,,68
ABRUQUINONE-A,Abrus precatorius,172847.0,COC1=C(C=C2C(=C1)CC(CO2)C3=CC(=O)C(=C(C3=O)OC)OC)OC,PPB3,Tyrosyl-DNA phosphodiesterase 1,,,,DNN(ECFP6),Homo sapiens,0.0,,,69
ABRUQUINONE-A,Abrus precatorius,172847.0,COC1=C(C=C2C(=C1)CC(CO2)C3=CC(=O)C(=C(C3=O)OC)OC)OC,PPB3,Microtubule-associated protein tau,,,,DNN(ECFP6),Homo sapiens,0.0,,,70
ABRUQUINONE-A,Abrus precatorius,172847.0,COC1=C(C=C2C(=C1)CC(CO2)C3=CC(=O)C(=C(C3=O)OC)OC)OC,PPB3,Epidermal growth factor receptor erbB1,,,,DNN(ECFP6),Homo sapiens,0.0,,,71
ABRUQUINONE-A,Abrus precatorius,172847.0,COC1=C(C=C2C(=C1)CC(CO2)C3=CC(=O)C(=C(C3=O)OC)OC)OC,PPB3,Jurkat,,,,DNN(ECFP6),Homo sapiens,0.0,,,72
ABRUQUINONE-A,Abrus precatorius,172847.0,COC1=C(C=C2C(=C1)CC(CO2)C3=CC(=O)C(=C(C3=O)OC)OC)OC,PPB3,Solute carrier organic anion transporter family member 1B1,,,,DNN(AtomPair),Homo sapiens,0.14,,,73
ABRUQUINONE-A,Abrus precatorius,172847.0,COC1=C(C=C2C(=C1)CC(CO2)C3=CC(=O)C(=C(C3=O)OC)OC)OC,PPB3,Solute carrier organic anion transporter family member 1B3,,,,DNN(AtomPair),Homo sapiens,0.14,,,74
ABRUQUINONE-A,Abrus precatorius,172847.0,COC1=C(C=C2C(=C1)CC(CO2)C3=CC(=O)C(=C(C3=O)OC)OC)OC,PPB3,Cytochrome P450 1A2,,,,DNN(AtomPair),Homo sapiens,0.11,,,75
ABRUQUINONE-A,Abrus precatorius,172847.0,COC1=C(C=C2C(=C1)CC(CO2)C3=CC(=O)C(=C(C3=O)OC)OC)OC,PPB3,HL-60,,,,DNN(AtomPair),Homo sapiens,0.06,,,76
ABRUQUINONE-A,Abrus precatorius,172847.0,COC1=C(C=C2C(=C1)CC(CO2)C3=CC(=O)C(=C(C3=O)OC)OC)OC,PPB3,KB,,,,DNN(AtomPair),Homo sapiens,0.05,,,77
ABRUQUINONE-A,Abrus precatorius,172847.0,COC1=C(C=C2C(=C1)CC(CO2)C3=CC(=O)C(=C(C3=O)OC)OC)OC,PPB3,HT-29,,,,DNN(AtomPair),Homo sapiens,0.05,,,78
ABRUQUINONE-A,Abrus precatorius,172847.0,COC1=C(C=C2C(=C1)CC(CO2)C3=CC(=O)C(=C(C3=O)OC)OC)OC,PPB3,K562,,,,DNN(AtomPair),Homo sapiens,0.04,,,79
ABRUQUINONE-A,Abrus precatorius,172847.0,COC1=C(C=C2C(=C1)CC(CO2)C3=CC(=O)C(=C(C3=O)OC)OC)OC,PPB3,HepG2,,,,DNN(AtomPair),Homo sapiens,0.04,,,80
ABRUQUINONE-A,Abrus precatorius,172847.0,COC1=C(C=C2C(=C1)CC(CO2)C3=CC(=O)C(=C(C3=O)OC)OC)OC,PPB3,Cytochrome P450 19A1,,,,DNN(AtomPair),Homo sapiens,0.03,,,81
ABRUQUINONE-A,Abrus precatorius,172847.0,COC1=C(C=C2C(=C1)CC(CO2)C3=CC(=O)C(=C(C3=O)OC)OC)OC,PPB3,MDA-MB-231,,,,DNN(AtomPair),Homo sapiens,0.03,,,82
ABRUQUINONE-A,Abrus precatorius,172847.0,COC1=C(C=C2C(=C1)CC(CO2)C3=CC(=O)C(=C(C3=O)OC)OC)OC,PPB3,Cytochrome P450 1A1,,,,DNN(AtomPair),Homo sapiens,0.03,,,83
ABRUQUINONE-A,Abrus precatorius,172847.0,COC1=C(C=C2C(=C1)CC(CO2)C3=CC(=O)C(=C(C3=O)OC)OC)OC,PPB3,Survival motor neuron protein,,,,DNN(AtomPair),Homo sapiens,0.03,,,84
ABRUQUINONE-A,Abrus precatorius,172847.0,COC1=C(C=C2C(=C1)CC(CO2)C3=CC(=O)C(=C(C3=O)OC)OC)OC,PPB3,NCI-H460,,,,DNN(AtomPair),Homo sapiens,0.03,,,85
ABRUQUINONE-A,Abrus precatorius,172847.0,COC1=C(C=C2C(=C1)CC(CO2)C3=CC(=O)C(=C(C3=O)OC)OC)OC,PPB3,Cannabinoid CB2 receptor,,,,Consensus,Homo sapiens,0.35,,,86
ABRUQUINONE-A,Abrus precatorius,172847.0,COC1=C(C=C2C(=C1)CC(CO2)C3=CC(=O)C(=C(C3=O)OC)OC)OC,PPB3,Arachidonate 5-lipoxygenase,,,,Consensus,Homo sapiens,0.15,,,87
ABRUQUINONE-A,Abrus precatorius,172847.0,COC1=C(C=C2C(=C1)CC(CO2)C3=CC(=O)C(=C(C3=O)OC)OC)OC,PPB3,Solute carrier organic anion transporter family member 1B1,,,,Consensus,Homo sapiens,0.14,,,88
ABRUQUINONE-A,Abrus precatorius,172847.0,COC1=C(C=C2C(=C1)CC(CO2)C3=CC(=O)C(=C(C3=O)OC)OC)OC,PPB3,Solute carrier organic anion transporter family member 1B3,,,,Consensus,Homo sapiens,0.14,,,89
ABRUQUINONE-A,Abrus precatorius,172847.0,COC1=C(C=C2C(=C1)CC(CO2)C3=CC(=O)C(=C(C3=O)OC)OC)OC,PPB3,Cytochrome P450 1A2,,,,Consensus,Homo sapiens,0.11,,,90
ABRUQUINONE-A,Abrus precatorius,172847.0,COC1=C(C=C2C(=C1)CC(CO2)C3=CC(=O)C(=C(C3=O)OC)OC)OC,PPB3,LNCaP,,,,Consensus,Homo sapiens,0.09,,,91
ABRUQUINONE-A,Abrus precatorius,172847.0,COC1=C(C=C2C(=C1)CC(CO2)C3=CC(=O)C(=C(C3=O)OC)OC)OC,PPB3,A549,,,,Consensus,Homo sapiens,0.08,,,92
ABRUQUINONE-A,Abrus precatorius,172847.0,COC1=C(C=C2C(=C1)CC(CO2)C3=CC(=O)C(=C(C3=O)OC)OC)OC,PPB3,Arachidonate 15-lipoxygenase,,,,Consensus,Homo sapiens,0.08,,,93
ABRUQUINONE-A,Abrus precatorius,172847.0,COC1=C(C=C2C(=C1)CC(CO2)C3=CC(=O)C(=C(C3=O)OC)OC)OC,PPB3,HL-60,,,,Consensus,Homo sapiens,0.07,,,94
ABRUQUINONE-A,Abrus precatorius,172847.0,COC1=C(C=C2C(=C1)CC(CO2)C3=CC(=O)C(=C(C3=O)OC)OC)OC,PPB3,Prostaglandin E synthase,,,,Consensus,Homo sapiens,0.07,,,95
ABRUQUINONE-B,Abrus precatorius,3009614.0,COC1=C(C(=C2C(=C1)CC(CO2)C3=CC(=O)C(=C(C3=O)OC)OC)OC)OC,PPB3,HeLa,,,,DNN(ECFP4+MHFP6),Homo sapiens,0.04,,,1
ABRUQUINONE-B,Abrus precatorius,3009614.0,COC1=C(C(=C2C(=C1)CC(CO2)C3=CC(=O)C(=C(C3=O)OC)OC)OC)OC,PPB3,KB,,,,DNN(ECFP4+MHFP6),Homo sapiens,0.02,,,2
ABRUQUINONE-B,Abrus precatorius,3009614.0,COC1=C(C(=C2C(=C1)CC(CO2)C3=CC(=O)C(=C(C3=O)OC)OC)OC)OC,PPB3,HepG2,,,,DNN(ECFP4+MHFP6),Homo sapiens,0.02,,,3
ABRUQUINONE-B,Abrus precatorius,3009614.0,COC1=C(C(=C2C(=C1)CC(CO2)C3=CC(=O)C(=C(C3=O)OC)OC)OC)OC,PPB3,Butyrylcholinesterase,,,,DNN(ECFP4+MHFP6),Homo sapiens,0.0,,,4
ABRUQUINONE-B,Abrus precatorius,3009614.0,COC1=C(C(=C2C(=C1)CC(CO2)C3=CC(=O)C(=C(C3=O)OC)OC)OC)OC,PPB3,NFF,,,,DNN(ECFP4+MHFP6),Homo sapiens,0.0,,,5
ABRUQUINONE-B,Abrus precatorius,3009614.0,COC1=C(C(=C2C(=C1)CC(CO2)C3=CC(=O)C(=C(C3=O)OC)OC)OC)OC,PPB3,MDA-MB-435,,,,DNN(ECFP4+MHFP6),Homo sapiens,0.0,,,6
ABRUQUINONE-B,Abrus precatorius,3009614.0,COC1=C(C(=C2C(=C1)CC(CO2)C3=CC(=O)C(=C(C3=O)OC)OC)OC)OC,PPB3,NCI-H1975,,,,DNN(ECFP4+MHFP6),Homo sapiens,0.0,,,7
ABRUQUINONE-B,Abrus precatorius,3009614.0,COC1=C(C(=C2C(=C1)CC(CO2)C3=CC(=O)C(=C(C3=O)OC)OC)OC)OC,PPB3,MCF7,,,,DNN(ECFP4+MHFP6),Homo sapiens,0.0,,,8
ABRUQUINONE-B,Abrus precatorius,3009614.0,COC1=C(C(=C2C(=C1)CC(CO2)C3=CC(=O)C(=C(C3=O)OC)OC)OC)OC,PPB3,Microtubule-associated protein tau,,,,DNN(ECFP4+MHFP6),Homo sapiens,0.0,,,9
ABRUQUINONE-B,Abrus precatorius,3009614.0,COC1=C(C(=C2C(=C1)CC(CO2)C3=CC(=O)C(=C(C3=O)OC)OC)OC)OC,PPB3,Serotonin 1a (5-HT1a) receptor,,,,DNN(ECFP4+MHFP6),Homo sapiens,0.0,,,10
ABRUQUINONE-B,Abrus precatorius,3009614.0,COC1=C(C(=C2C(=C1)CC(CO2)C3=CC(=O)C(=C(C3=O)OC)OC)OC)OC,PPB3,Acetylcholinesterase,,,,DNN(ECFP4),Homo sapiens,0.01,,,11
ABRUQUINONE-B,Abrus precatorius,3009614.0,COC1=C(C(=C2C(=C1)CC(CO2)C3=CC(=O)C(=C(C3=O)OC)OC)OC)OC,PPB3,MDA-MB-231,,,,DNN(ECFP4),Homo sapiens,0.01,,,12
ABRUQUINONE-B,Abrus precatorius,3009614.0,COC1=C(C(=C2C(=C1)CC(CO2)C3=CC(=O)C(=C(C3=O)OC)OC)OC)OC,PPB3,MCF7,,,,DNN(ECFP4),Homo sapiens,0.01,,,13
ABRUQUINONE-B,Abrus precatorius,3009614.0,COC1=C(C(=C2C(=C1)CC(CO2)C3=CC(=O)C(=C(C3=O)OC)OC)OC)OC,PPB3,Panel NCI-60 (60 carcinoma cell lines),,,,DNN(ECFP4),Homo sapiens,0.01,,,14
ABRUQUINONE-B,Abrus precatorius,3009614.0,COC1=C(C(=C2C(=C1)CC(CO2)C3=CC(=O)C(=C(C3=O)OC)OC)OC)OC,PPB3,PC-3,,,,DNN(ECFP4),Homo sapiens,0.01,,,15
ABRUQUINONE-B,Abrus precatorius,3009614.0,COC1=C(C(=C2C(=C1)CC(CO2)C3=CC(=O)C(=C(C3=O)OC)OC)OC)OC,PPB3,KB,,,,DNN(ECFP4),Homo sapiens,0.01,,,16
ABRUQUINONE-B,Abrus precatorius,3009614.0,COC1=C(C(=C2C(=C1)CC(CO2)C3=CC(=O)C(=C(C3=O)OC)OC)OC)OC,PPB3,K562,,,,DNN(ECFP4),Homo sapiens,0.01,,,17
ABRUQUINONE-B,Abrus precatorius,3009614.0,COC1=C(C(=C2C(=C1)CC(CO2)C3=CC(=O)C(=C(C3=O)OC)OC)OC)OC,PPB3,HeLa,,,,DNN(ECFP4),Homo sapiens,0.01,,,18
ABRUQUINONE-B,Abrus precatorius,3009614.0,COC1=C(C(=C2C(=C1)CC(CO2)C3=CC(=O)C(=C(C3=O)OC)OC)OC)OC,PPB3,HCT-116,,,,DNN(ECFP4),Homo sapiens,0.01,,,19
ABRUQUINONE-B,Abrus precatorius,3009614.0,COC1=C(C(=C2C(=C1)CC(CO2)C3=CC(=O)C(=C(C3=O)OC)OC)OC)OC,PPB3,HL-60,,,,DNN(RDKit),Homo sapiens,0.06,,,20
ABRUQUINONE-B,Abrus precatorius,3009614.0,COC1=C(C(=C2C(=C1)CC(CO2)C3=CC(=O)C(=C(C3=O)OC)OC)OC)OC,PPB3,MCF7,,,,DNN(RDKit),Homo sapiens,0.03,,,21
ABRUQUINONE-B,Abrus precatorius,3009614.0,COC1=C(C(=C2C(=C1)CC(CO2)C3=CC(=O)C(=C(C3=O)OC)OC)OC)OC,PPB3,HepG2,,,,DNN(RDKit),Homo sapiens,0.03,,,22
ABRUQUINONE-B,Abrus precatorius,3009614.0,COC1=C(C(=C2C(=C1)CC(CO2)C3=CC(=O)C(=C(C3=O)OC)OC)OC)OC,PPB3,A549,,,,DNN(RDKit),Homo sapiens,0.02,,,23
ABRUQUINONE-B,Abrus precatorius,3009614.0,COC1=C(C(=C2C(=C1)CC(CO2)C3=CC(=O)C(=C(C3=O)OC)OC)OC)OC,PPB3,HUVEC,,,,DNN(RDKit),Homo sapiens,0.02,,,24
ABRUQUINONE-B,Abrus precatorius,3009614.0,COC1=C(C(=C2C(=C1)CC(CO2)C3=CC(=O)C(=C(C3=O)OC)OC)OC)OC,PPB3,HeLa,,,,DNN(RDKit),Homo sapiens,0.01,,,25
ABRUQUINONE-B,Abrus precatorius,3009614.0,COC1=C(C(=C2C(=C1)CC(CO2)C3=CC(=O)C(=C(C3=O)OC)OC)OC)OC,PPB3,MDA-MB-231,,,,DNN(RDKit),Homo sapiens,0.01,,,26
ABRUQUINONE-B,Abrus precatorius,3009614.0,COC1=C(C(=C2C(=C1)CC(CO2)C3=CC(=O)C(=C(C3=O)OC)OC)OC)OC,PPB3,PC-3,,,,DNN(RDKit),Homo sapiens,0.01,,,27
ABRUQUINONE-B,Abrus precatorius,3009614.0,COC1=C(C(=C2C(=C1)CC(CO2)C3=CC(=O)C(=C(C3=O)OC)OC)OC)OC,PPB3,Raji,,,,DNN(RDKit),Homo sapiens,0.01,,,28
ABRUQUINONE-B,Abrus precatorius,3009614.0,COC1=C(C(=C2C(=C1)CC(CO2)C3=CC(=O)C(=C(C3=O)OC)OC)OC)OC,PPB3,HCT-116,,,,DNN(RDKit),Homo sapiens,0.01,,,29
ABRUQUINONE-B,Abrus precatorius,3009614.0,COC1=C(C(=C2C(=C1)CC(CO2)C3=CC(=O)C(=C(C3=O)OC)OC)OC)OC,PPB3,A549,,,,DNN(Layered),Homo sapiens,0.2,,,30
ABRUQUINONE-B,Abrus precatorius,3009614.0,COC1=C(C(=C2C(=C1)CC(CO2)C3=CC(=O)C(=C(C3=O)OC)OC)OC)OC,PPB3,KB,,,,DNN(Layered),Homo sapiens,0.17,,,31
ABRUQUINONE-B,Abrus precatorius,3009614.0,COC1=C(C(=C2C(=C1)CC(CO2)C3=CC(=O)C(=C(C3=O)OC)OC)OC)OC,PPB3,MCF7,,,,DNN(Layered),Homo sapiens,0.13,,,32
ABRUQUINONE-B,Abrus precatorius,3009614.0,COC1=C(C(=C2C(=C1)CC(CO2)C3=CC(=O)C(=C(C3=O)OC)OC)OC)OC,PPB3,K562,,,,DNN(Layered),Homo sapiens,0.07,,,33
ABRUQUINONE-B,Abrus precatorius,3009614.0,COC1=C(C(=C2C(=C1)CC(CO2)C3=CC(=O)C(=C(C3=O)OC)OC)OC)OC,PPB3,PC-3,,,,DNN(Layered),Homo sapiens,0.07,,,34
ABRUQUINONE-B,Abrus precatorius,3009614.0,COC1=C(C(=C2C(=C1)CC(CO2)C3=CC(=O)C(=C(C3=O)OC)OC)OC)OC,PPB3,HL-60,,,,DNN(Layered),Homo sapiens,0.06,,,35
ABRUQUINONE-B,Abrus precatorius,3009614.0,COC1=C(C(=C2C(=C1)CC(CO2)C3=CC(=O)C(=C(C3=O)OC)OC)OC)OC,PPB3,MDA-MB-231,,,,DNN(Layered),Homo sapiens,0.06,,,36
ABRUQUINONE-B,Abrus precatorius,3009614.0,COC1=C(C(=C2C(=C1)CC(CO2)C3=CC(=O)C(=C(C3=O)OC)OC)OC)OC,PPB3,HepG2,,,,DNN(Layered),Homo sapiens,0.05,,,37
ABRUQUINONE-B,Abrus precatorius,3009614.0,COC1=C(C(=C2C(=C1)CC(CO2)C3=CC(=O)C(=C(C3=O)OC)OC)OC)OC,PPB3,HeLa,,,,DNN(Layered),Homo sapiens,0.05,,,38
ABRUQUINONE-B,Abrus precatorius,3009614.0,COC1=C(C(=C2C(=C1)CC(CO2)C3=CC(=O)C(=C(C3=O)OC)OC)OC)OC,PPB3,HCT-116,,,,DNN(Layered),Homo sapiens,0.04,,,39
ABRUQUINONE-B,Abrus precatorius,3009614.0,COC1=C(C(=C2C(=C1)CC(CO2)C3=CC(=O)C(=C(C3=O)OC)OC)OC)OC,PPB3,KB,,,,DNN(MHFP6),Homo sapiens,0.03,,,40
ABRUQUINONE-B,Abrus precatorius,3009614.0,COC1=C(C(=C2C(=C1)CC(CO2)C3=CC(=O)C(=C(C3=O)OC)OC)OC)OC,PPB3,Cannabinoid CB2 receptor,,,,DNN(MHFP6),Homo sapiens,0.03,,,41
ABRUQUINONE-B,Abrus precatorius,3009614.0,COC1=C(C(=C2C(=C1)CC(CO2)C3=CC(=O)C(=C(C3=O)OC)OC)OC)OC,PPB3,NCI-H187,,,,DNN(MHFP6),Homo sapiens,0.01,,,42
ABRUQUINONE-B,Abrus precatorius,3009614.0,COC1=C(C(=C2C(=C1)CC(CO2)C3=CC(=O)C(=C(C3=O)OC)OC)OC)OC,PPB3,U-251,,,,DNN(MHFP6),Homo sapiens,0.01,,,43
ABRUQUINONE-B,Abrus precatorius,3009614.0,COC1=C(C(=C2C(=C1)CC(CO2)C3=CC(=O)C(=C(C3=O)OC)OC)OC)OC,PPB3,Cathepsin L2,,,,DNN(MHFP6),Homo sapiens,0.01,,,44
ABRUQUINONE-B,Abrus precatorius,3009614.0,COC1=C(C(=C2C(=C1)CC(CO2)C3=CC(=O)C(=C(C3=O)OC)OC)OC)OC,PPB3,M14,,,,DNN(MHFP6),Homo sapiens,0.0,,,45
ABRUQUINONE-B,Abrus precatorius,3009614.0,COC1=C(C(=C2C(=C1)CC(CO2)C3=CC(=O)C(=C(C3=O)OC)OC)OC)OC,PPB3,Quinone reductase 2,,,,DNN(MHFP6),Homo sapiens,0.0,,,46
ABRUQUINONE-B,Abrus precatorius,3009614.0,COC1=C(C(=C2C(=C1)CC(CO2)C3=CC(=O)C(=C(C3=O)OC)OC)OC)OC,PPB3,MIA PaCa-2,,,,DNN(MHFP6),Homo sapiens,0.0,,,47
ABRUQUINONE-B,Abrus precatorius,3009614.0,COC1=C(C(=C2C(=C1)CC(CO2)C3=CC(=O)C(=C(C3=O)OC)OC)OC)OC,PPB3,MDA-MB-231,,,,DNN(MHFP6),Homo sapiens,0.0,,,48
ABRUQUINONE-B,Abrus precatorius,3009614.0,COC1=C(C(=C2C(=C1)CC(CO2)C3=CC(=O)C(=C(C3=O)OC)OC)OC)OC,PPB3,HT-29,,,,DNN(MHFP6),Homo sapiens,0.0,,,49
ABRUQUINONE-B,Abrus precatorius,3009614.0,COC1=C(C(=C2C(=C1)CC(CO2)C3=CC(=O)C(=C(C3=O)OC)OC)OC)OC,PPB3,HeLa,,,,DNN(MHFP6),Homo sapiens,0.0,,,50
ABRUQUINONE-B,Abrus precatorius,3009614.0,COC1=C(C(=C2C(=C1)CC(CO2)C3=CC(=O)C(=C(C3=O)OC)OC)OC)OC,PPB3,PBMC,,,,DNN(MHFP6),Homo sapiens,0.0,,,51
ABRUQUINONE-B,Abrus precatorius,3009614.0,COC1=C(C(=C2C(=C1)CC(CO2)C3=CC(=O)C(=C(C3=O)OC)OC)OC)OC,PPB3,HEK293,,,,DNN(MHFP6),Homo sapiens,0.0,,,52
ABRUQUINONE-B,Abrus precatorius,3009614.0,COC1=C(C(=C2C(=C1)CC(CO2)C3=CC(=O)C(=C(C3=O)OC)OC)OC)OC,PPB3,Arachidonate 5-lipoxygenase,,,,DNN(MHFP6),Homo sapiens,0.0,,,53
ABRUQUINONE-B,Abrus precatorius,3009614.0,COC1=C(C(=C2C(=C1)CC(CO2)C3=CC(=O)C(=C(C3=O)OC)OC)OC)OC,PPB3,MCF7,,,,DNN(MHFP6),Homo sapiens,0.0,,,54
ABRUQUINONE-B,Abrus precatorius,3009614.0,COC1=C(C(=C2C(=C1)CC(CO2)C3=CC(=O)C(=C(C3=O)OC)OC)OC)OC,PPB3,KB,,,,DNN(ECFP6),Homo sapiens,0.03,,,55
ABRUQUINONE-B,Abrus precatorius,3009614.0,COC1=C(C(=C2C(=C1)CC(CO2)C3=CC(=O)C(=C(C3=O)OC)OC)OC)OC,PPB3,A-431,,,,DNN(ECFP6),Homo sapiens,0.02,,,56
ABRUQUINONE-B,Abrus precatorius,3009614.0,COC1=C(C(=C2C(=C1)CC(CO2)C3=CC(=O)C(=C(C3=O)OC)OC)OC)OC,PPB3,HUVEC,,,,DNN(ECFP6),Homo sapiens,0.01,,,57
ABRUQUINONE-B,Abrus precatorius,3009614.0,COC1=C(C(=C2C(=C1)CC(CO2)C3=CC(=O)C(=C(C3=O)OC)OC)OC)OC,PPB3,Arachidonate 5-lipoxygenase,,,,DNN(ECFP6),Homo sapiens,0.0,,,58
ABRUQUINONE-B,Abrus precatorius,3009614.0,COC1=C(C(=C2C(=C1)CC(CO2)C3=CC(=O)C(=C(C3=O)OC)OC)OC)OC,PPB3,Prelamin-A/C,,,,DNN(ECFP6),Homo sapiens,0.0,,,59
ABRUQUINONE-B,Abrus precatorius,3009614.0,COC1=C(C(=C2C(=C1)CC(CO2)C3=CC(=O)C(=C(C3=O)OC)OC)OC)OC,PPB3,HeLa,,,,DNN(ECFP6),Homo sapiens,0.0,,,60
ABRUQUINONE-B,Abrus precatorius,3009614.0,COC1=C(C(=C2C(=C1)CC(CO2)C3=CC(=O)C(=C(C3=O)OC)OC)OC)OC,PPB3,Microtubule-associated protein tau,,,,DNN(ECFP6),Homo sapiens,0.0,,,61
ABRUQUINONE-B,Abrus precatorius,3009614.0,COC1=C(C(=C2C(=C1)CC(CO2)C3=CC(=O)C(=C(C3=O)OC)OC)OC)OC,PPB3,MCF7,,,,DNN(ECFP6),Homo sapiens,0.0,,,62
ABRUQUINONE-B,Abrus precatorius,3009614.0,COC1=C(C(=C2C(=C1)CC(CO2)C3=CC(=O)C(=C(C3=O)OC)OC)OC)OC,PPB3,A549,,,,DNN(ECFP6),Homo sapiens,0.0,,,63
ABRUQUINONE-B,Abrus precatorius,3009614.0,COC1=C(C(=C2C(=C1)CC(CO2)C3=CC(=O)C(=C(C3=O)OC)OC)OC)OC,PPB3,KB,,,,DNN(AtomPair),Homo sapiens,0.3,,,64
ABRUQUINONE-B,Abrus precatorius,3009614.0,COC1=C(C(=C2C(=C1)CC(CO2)C3=CC(=O)C(=C(C3=O)OC)OC)OC)OC,PPB3,HL-60,,,,DNN(AtomPair),Homo sapiens,0.14,,,65
ABRUQUINONE-B,Abrus precatorius,3009614.0,COC1=C(C(=C2C(=C1)CC(CO2)C3=CC(=O)C(=C(C3=O)OC)OC)OC)OC,PPB3,MDA-MB-231,,,,DNN(AtomPair),Homo sapiens,0.08,,,66
ABRUQUINONE-B,Abrus precatorius,3009614.0,COC1=C(C(=C2C(=C1)CC(CO2)C3=CC(=O)C(=C(C3=O)OC)OC)OC)OC,PPB3,A549,,,,DNN(AtomPair),Homo sapiens,0.06,,,67
ABRUQUINONE-B,Abrus precatorius,3009614.0,COC1=C(C(=C2C(=C1)CC(CO2)C3=CC(=O)C(=C(C3=O)OC)OC)OC)OC,PPB3,HT-29,,,,DNN(AtomPair),Homo sapiens,0.04,,,68
ABRUQUINONE-B,Abrus precatorius,3009614.0,COC1=C(C(=C2C(=C1)CC(CO2)C3=CC(=O)C(=C(C3=O)OC)OC)OC)OC,PPB3,SF-295,,,,DNN(AtomPair),Homo sapiens,0.04,,,69
ABRUQUINONE-B,Abrus precatorius,3009614.0,COC1=C(C(=C2C(=C1)CC(CO2)C3=CC(=O)C(=C(C3=O)OC)OC)OC)OC,PPB3,A498,,,,DNN(AtomPair),Homo sapiens,0.03,,,70
ABRUQUINONE-B,Abrus precatorius,3009614.0,COC1=C(C(=C2C(=C1)CC(CO2)C3=CC(=O)C(=C(C3=O)OC)OC)OC)OC,PPB3,K562,,,,DNN(AtomPair),Homo sapiens,0.03,,,71
ABRUQUINONE-B,Abrus precatorius,3009614.0,COC1=C(C(=C2C(=C1)CC(CO2)C3=CC(=O)C(=C(C3=O)OC)OC)OC)OC,PPB3,PBMC,,,,DNN(AtomPair),Homo sapiens,0.03,,,72
ABRUQUINONE-B,Abrus precatorius,3009614.0,COC1=C(C(=C2C(=C1)CC(CO2)C3=CC(=O)C(=C(C3=O)OC)OC)OC)OC,PPB3,Acetylcholinesterase,,,,DNN(AtomPair),Homo sapiens,0.03,,,73
ABRUQUINONE-B,Abrus precatorius,3009614.0,COC1=C(C(=C2C(=C1)CC(CO2)C3=CC(=O)C(=C(C3=O)OC)OC)OC)OC,PPB3,Solute carrier organic anion transporter family member 1B1,,,,DNN(AtomPair),Homo sapiens,0.03,,,74
ABRUQUINONE-B,Abrus precatorius,3009614.0,COC1=C(C(=C2C(=C1)CC(CO2)C3=CC(=O)C(=C(C3=O)OC)OC)OC)OC,PPB3,HepG2,,,,DNN(AtomPair),Homo sapiens,0.03,,,75
ABRUQUINONE-B,Abrus precatorius,3009614.0,COC1=C(C(=C2C(=C1)CC(CO2)C3=CC(=O)C(=C(C3=O)OC)OC)OC)OC,PPB3,HCT-116,,,,DNN(AtomPair),Homo sapiens,0.02,,,76
ABRUQUINONE-B,Abrus precatorius,3009614.0,COC1=C(C(=C2C(=C1)CC(CO2)C3=CC(=O)C(=C(C3=O)OC)OC)OC)OC,PPB3,Cytochrome P450 1A2,,,,DNN(AtomPair),Homo sapiens,0.02,,,77
ABRUQUINONE-B,Abrus precatorius,3009614.0,COC1=C(C(=C2C(=C1)CC(CO2)C3=CC(=O)C(=C(C3=O)OC)OC)OC)OC,PPB3,HeLa,,,,DNN(AtomPair),Homo sapiens,0.02,,,78
ABRUQUINONE-B,Abrus precatorius,3009614.0,COC1=C(C(=C2C(=C1)CC(CO2)C3=CC(=O)C(=C(C3=O)OC)OC)OC)OC,PPB3,KB,,,,Consensus,Homo sapiens,0.3,,,79
ABRUQUINONE-B,Abrus precatorius,3009614.0,COC1=C(C(=C2C(=C1)CC(CO2)C3=CC(=O)C(=C(C3=O)OC)OC)OC)OC,PPB3,A549,,,,Consensus,Homo sapiens,0.2,,,80
ABRUQUINONE-B,Abrus precatorius,3009614.0,COC1=C(C(=C2C(=C1)CC(CO2)C3=CC(=O)C(=C(C3=O)OC)OC)OC)OC,PPB3,HL-60,,,,Consensus,Homo sapiens,0.14,,,81
ABRUQUINONE-B,Abrus precatorius,3009614.0,COC1=C(C(=C2C(=C1)CC(CO2)C3=CC(=O)C(=C(C3=O)OC)OC)OC)OC,PPB3,MCF7,,,,Consensus,Homo sapiens,0.13,,,82
ABRUQUINONE-B,Abrus precatorius,3009614.0,COC1=C(C(=C2C(=C1)CC(CO2)C3=CC(=O)C(=C(C3=O)OC)OC)OC)OC,PPB3,MDA-MB-231,,,,Consensus,Homo sapiens,0.08,,,83
ABRUQUINONE-B,Abrus precatorius,3009614.0,COC1=C(C(=C2C(=C1)CC(CO2)C3=CC(=O)C(=C(C3=O)OC)OC)OC)OC,PPB3,K562,,,,Consensus,Homo sapiens,0.07,,,84
ABRUQUINONE-B,Abrus precatorius,3009614.0,COC1=C(C(=C2C(=C1)CC(CO2)C3=CC(=O)C(=C(C3=O)OC)OC)OC)OC,PPB3,PC-3,,,,Consensus,Homo sapiens,0.07,,,85
ABRUQUINONE-B,Abrus precatorius,3009614.0,COC1=C(C(=C2C(=C1)CC(CO2)C3=CC(=O)C(=C(C3=O)OC)OC)OC)OC,PPB3,HepG2,,,,Consensus,Homo sapiens,0.05,,,86
ABRUQUINONE-B,Abrus precatorius,3009614.0,COC1=C(C(=C2C(=C1)CC(CO2)C3=CC(=O)C(=C(C3=O)OC)OC)OC)OC,PPB3,HeLa,,,,Consensus,Homo sapiens,0.05,,,87
ABRUQUINONE-B,Abrus precatorius,3009614.0,COC1=C(C(=C2C(=C1)CC(CO2)C3=CC(=O)C(=C(C3=O)OC)OC)OC)OC,PPB3,HT-29,,,,Consensus,Homo sapiens,0.04,,,88
Abrectorin,Abrus precatorius,44257585.0,COc1ccc(cc1O)c1cc(=O)c2c(o1)cc(c(c2)OC)O,PPB3,HL-60,,,,DNN(ECFP4+MHFP6),Homo sapiens,0.09,,,1
Abrectorin,Abrus precatorius,44257585.0,COc1ccc(cc1O)c1cc(=O)c2c(o1)cc(c(c2)OC)O,PPB3,HUVEC,,,,DNN(ECFP4+MHFP6),Homo sapiens,0.09,,,2
Abrectorin,Abrus precatorius,44257585.0,COc1ccc(cc1O)c1cc(=O)c2c(o1)cc(c(c2)OC)O,PPB3,Protein-tyrosine phosphatase 1B,,,,DNN(ECFP4+MHFP6),Homo sapiens,0.05,,,3
Abrectorin,Abrus precatorius,44257585.0,COc1ccc(cc1O)c1cc(=O)c2c(o1)cc(c(c2)OC)O,PPB3,HCT-8,,,,DNN(ECFP4+MHFP6),Homo sapiens,0.05,,,4
Abrectorin,Abrus precatorius,44257585.0,COc1ccc(cc1O)c1cc(=O)c2c(o1)cc(c(c2)OC)O,PPB3,KB,,,,DNN(ECFP4+MHFP6),Homo sapiens,0.04,,,5
Abrectorin,Abrus precatorius,44257585.0,COc1ccc(cc1O)c1cc(=O)c2c(o1)cc(c(c2)OC)O,PPB3,HepG2,,,,DNN(ECFP4+MHFP6),Homo sapiens,0.02,,,6
Abrectorin,Abrus precatorius,44257585.0,COc1ccc(cc1O)c1cc(=O)c2c(o1)cc(c(c2)OC)O,PPB3,A549,,,,DNN(ECFP4+MHFP6),Homo sapiens,0.02,,,7
Abrectorin,Abrus precatorius,44257585.0,COc1ccc(cc1O)c1cc(=O)c2c(o1)cc(c(c2)OC)O,PPB3,HBL-100,,,,DNN(ECFP4+MHFP6),Homo sapiens,0.02,,,8
Abrectorin,Abrus precatorius,44257585.0,COc1ccc(cc1O)c1cc(=O)c2c(o1)cc(c(c2)OC)O,PPB3,A-431,,,,DNN(ECFP4+MHFP6),Homo sapiens,0.02,,,9
Abrectorin,Abrus precatorius,44257585.0,COc1ccc(cc1O)c1cc(=O)c2c(o1)cc(c(c2)OC)O,PPB3,MCF7,,,,DNN(ECFP4+MHFP6),Homo sapiens,0.02,,,10
Abrectorin,Abrus precatorius,44257585.0,COc1ccc(cc1O)c1cc(=O)c2c(o1)cc(c(c2)OC)O,PPB3,Cellular tumor antigen p53,,,,DNN(ECFP4+MHFP6),Homo sapiens,0.01,,,11
Abrectorin,Abrus precatorius,44257585.0,COc1ccc(cc1O)c1cc(=O)c2c(o1)cc(c(c2)OC)O,PPB3,Niemann-Pick C1 protein,,,,DNN(ECFP4+MHFP6),Homo sapiens,0.01,,,12
Abrectorin,Abrus precatorius,44257585.0,COc1ccc(cc1O)c1cc(=O)c2c(o1)cc(c(c2)OC)O,PPB3,Thyroid stimulating hormone receptor,,,,DNN(ECFP4+MHFP6),Homo sapiens,0.01,,,13
Abrectorin,Abrus precatorius,44257585.0,COc1ccc(cc1O)c1cc(=O)c2c(o1)cc(c(c2)OC)O,PPB3,"NACHT, LRR and PYD domains-containing protein 3",,,,DNN(ECFP4+MHFP6),Homo sapiens,0.01,,,14
Abrectorin,Abrus precatorius,44257585.0,COc1ccc(cc1O)c1cc(=O)c2c(o1)cc(c(c2)OC)O,PPB3,Corticotropin-releasing factor receptor 2/Corticotropin-releasing factor-binding protein,,,,DNN(ECFP4+MHFP6),Homo sapiens,0.01,,,15
Abrectorin,Abrus precatorius,44257585.0,COc1ccc(cc1O)c1cc(=O)c2c(o1)cc(c(c2)OC)O,PPB3,Arachidonate 5-lipoxygenase,,,,DNN(ECFP4),Homo sapiens,0.05,,,16
Abrectorin,Abrus precatorius,44257585.0,COc1ccc(cc1O)c1cc(=O)c2c(o1)cc(c(c2)OC)O,PPB3,Cytochrome P450 1A2,,,,DNN(ECFP4),Homo sapiens,0.04,,,17
Abrectorin,Abrus precatorius,44257585.0,COc1ccc(cc1O)c1cc(=O)c2c(o1)cc(c(c2)OC)O,PPB3,Casein kinase II,,,,DNN(ECFP4),Homo sapiens,0.03,,,18
Abrectorin,Abrus precatorius,44257585.0,COc1ccc(cc1O)c1cc(=O)c2c(o1)cc(c(c2)OC)O,PPB3,KB,,,,DNN(ECFP4),Homo sapiens,0.03,,,19
Abrectorin,Abrus precatorius,44257585.0,COc1ccc(cc1O)c1cc(=O)c2c(o1)cc(c(c2)OC)O,PPB3,Monocyte,,,,DNN(ECFP4),Homo sapiens,0.03,,,20
Abrectorin,Abrus precatorius,44257585.0,COc1ccc(cc1O)c1cc(=O)c2c(o1)cc(c(c2)OC)O,PPB3,HepG2,,,,DNN(ECFP4),Homo sapiens,0.02,,,21
Abrectorin,Abrus precatorius,44257585.0,COc1ccc(cc1O)c1cc(=O)c2c(o1)cc(c(c2)OC)O,PPB3,microRNA 21,,,,DNN(ECFP4),Homo sapiens,0.02,,,22
Abrectorin,Abrus precatorius,44257585.0,COc1ccc(cc1O)c1cc(=O)c2c(o1)cc(c(c2)OC)O,PPB3,Androgen Receptor,,,,DNN(ECFP4),Homo sapiens,0.02,,,23
Abrectorin,Abrus precatorius,44257585.0,COc1ccc(cc1O)c1cc(=O)c2c(o1)cc(c(c2)OC)O,PPB3,Cytochrome P450 3A4,,,,DNN(ECFP4),Homo sapiens,0.02,,,24
Abrectorin,Abrus precatorius,44257585.0,COc1ccc(cc1O)c1cc(=O)c2c(o1)cc(c(c2)OC)O,PPB3,Cytochrome P450 2C19,,,,DNN(ECFP4),Homo sapiens,0.02,,,25
Abrectorin,Abrus precatorius,44257585.0,COc1ccc(cc1O)c1cc(=O)c2c(o1)cc(c(c2)OC)O,PPB3,Solute carrier organic anion transporter family member 1B1,,,,DNN(ECFP4),Homo sapiens,0.02,,,26
Abrectorin,Abrus precatorius,44257585.0,COc1ccc(cc1O)c1cc(=O)c2c(o1)cc(c(c2)OC)O,PPB3,K562,,,,DNN(ECFP4),Homo sapiens,0.02,,,27
Abrectorin,Abrus precatorius,44257585.0,COc1ccc(cc1O)c1cc(=O)c2c(o1)cc(c(c2)OC)O,PPB3,MCF7,,,,DNN(ECFP4),Homo sapiens,0.01,,,28
Abrectorin,Abrus precatorius,44257585.0,COc1ccc(cc1O)c1cc(=O)c2c(o1)cc(c(c2)OC)O,PPB3,Microtubule-associated protein tau,,,,DNN(ECFP4),Homo sapiens,0.01,,,29
Abrectorin,Abrus precatorius,44257585.0,COc1ccc(cc1O)c1cc(=O)c2c(o1)cc(c(c2)OC)O,PPB3,Cellular tumor antigen p53,,,,DNN(ECFP4),Homo sapiens,0.01,,,30
Abrectorin,Abrus precatorius,44257585.0,COc1ccc(cc1O)c1cc(=O)c2c(o1)cc(c(c2)OC)O,PPB3,Solute carrier organic anion transporter family member 1B3,,,,DNN(ECFP4),Homo sapiens,0.01,,,31
Abrectorin,Abrus precatorius,44257585.0,COc1ccc(cc1O)c1cc(=O)c2c(o1)cc(c(c2)OC)O,PPB3,Microtubule-associated protein tau,,,,DNN(RDKit),Homo sapiens,0.07,,,32
Abrectorin,Abrus precatorius,44257585.0,COc1ccc(cc1O)c1cc(=O)c2c(o1)cc(c(c2)OC)O,PPB3,Lysine-specific demethylase 4D-like,,,,DNN(RDKit),Homo sapiens,0.06,,,33
Abrectorin,Abrus precatorius,44257585.0,COc1ccc(cc1O)c1cc(=O)c2c(o1)cc(c(c2)OC)O,PPB3,Cytochrome P450 3A4,,,,DNN(RDKit),Homo sapiens,0.05,,,34
Abrectorin,Abrus precatorius,44257585.0,COc1ccc(cc1O)c1cc(=O)c2c(o1)cc(c(c2)OC)O,PPB3,Acetylcholinesterase,,,,DNN(RDKit),Homo sapiens,0.04,,,35
Abrectorin,Abrus precatorius,44257585.0,COc1ccc(cc1O)c1cc(=O)c2c(o1)cc(c(c2)OC)O,PPB3,PBMC,,,,DNN(RDKit),Homo sapiens,0.04,,,36
Abrectorin,Abrus precatorius,44257585.0,COc1ccc(cc1O)c1cc(=O)c2c(o1)cc(c(c2)OC)O,PPB3,Cytochrome P450 2C19,,,,DNN(RDKit),Homo sapiens,0.04,,,37
Abrectorin,Abrus precatorius,44257585.0,COc1ccc(cc1O)c1cc(=O)c2c(o1)cc(c(c2)OC)O,PPB3,Cytochrome P450 1A2,,,,DNN(RDKit),Homo sapiens,0.04,,,38
Abrectorin,Abrus precatorius,44257585.0,COc1ccc(cc1O)c1cc(=O)c2c(o1)cc(c(c2)OC)O,PPB3,Casein kinase II,,,,DNN(RDKit),Homo sapiens,0.04,,,39
Abrectorin,Abrus precatorius,44257585.0,COc1ccc(cc1O)c1cc(=O)c2c(o1)cc(c(c2)OC)O,PPB3,Histone deacetylase 6,,,,DNN(RDKit),Homo sapiens,0.04,,,40
Abrectorin,Abrus precatorius,44257585.0,COc1ccc(cc1O)c1cc(=O)c2c(o1)cc(c(c2)OC)O,PPB3,Lysosomal alpha-glucosidase,,,,DNN(RDKit),Homo sapiens,0.03,,,41
Abrectorin,Abrus precatorius,44257585.0,COc1ccc(cc1O)c1cc(=O)c2c(o1)cc(c(c2)OC)O,PPB3,Monocyte,,,,DNN(RDKit),Homo sapiens,0.03,,,42
Abrectorin,Abrus precatorius,44257585.0,COc1ccc(cc1O)c1cc(=O)c2c(o1)cc(c(c2)OC)O,PPB3,ATP-dependent DNA helicase Q1,,,,DNN(RDKit),Homo sapiens,0.03,,,43
Abrectorin,Abrus precatorius,44257585.0,COc1ccc(cc1O)c1cc(=O)c2c(o1)cc(c(c2)OC)O,PPB3,Beta-secretase 1,,,,DNN(RDKit),Homo sapiens,0.03,,,44
Abrectorin,Abrus precatorius,44257585.0,COc1ccc(cc1O)c1cc(=O)c2c(o1)cc(c(c2)OC)O,PPB3,Cytochrome P450 1A1,,,,DNN(RDKit),Homo sapiens,0.03,,,45
Abrectorin,Abrus precatorius,44257585.0,COc1ccc(cc1O)c1cc(=O)c2c(o1)cc(c(c2)OC)O,PPB3,Survival motor neuron protein,,,,DNN(RDKit),Homo sapiens,0.03,,,46
Abrectorin,Abrus precatorius,44257585.0,COc1ccc(cc1O)c1cc(=O)c2c(o1)cc(c(c2)OC)O,PPB3,Cytochrome P450 2C9,,,,DNN(RDKit),Homo sapiens,0.03,,,47
Abrectorin,Abrus precatorius,44257585.0,COc1ccc(cc1O)c1cc(=O)c2c(o1)cc(c(c2)OC)O,PPB3,Acetylcholinesterase,,,,DNN(Layered),Homo sapiens,0.21,,,48
Abrectorin,Abrus precatorius,44257585.0,COc1ccc(cc1O)c1cc(=O)c2c(o1)cc(c(c2)OC)O,PPB3,Butyrylcholinesterase,,,,DNN(Layered),Homo sapiens,0.11,,,49
Abrectorin,Abrus precatorius,44257585.0,COc1ccc(cc1O)c1cc(=O)c2c(o1)cc(c(c2)OC)O,PPB3,HepG2,,,,DNN(Layered),Homo sapiens,0.09,,,50
Abrectorin,Abrus precatorius,44257585.0,COc1ccc(cc1O)c1cc(=O)c2c(o1)cc(c(c2)OC)O,PPB3,HL-60,,,,DNN(Layered),Homo sapiens,0.09,,,51
Abrectorin,Abrus precatorius,44257585.0,COc1ccc(cc1O)c1cc(=O)c2c(o1)cc(c(c2)OC)O,PPB3,Cytochrome P450 1B1,,,,DNN(Layered),Homo sapiens,0.07,,,52
Abrectorin,Abrus precatorius,44257585.0,COc1ccc(cc1O)c1cc(=O)c2c(o1)cc(c(c2)OC)O,PPB3,HeLa,,,,DNN(Layered),Homo sapiens,0.06,,,53
Abrectorin,Abrus precatorius,44257585.0,COc1ccc(cc1O)c1cc(=O)c2c(o1)cc(c(c2)OC)O,PPB3,KB,,,,DNN(Layered),Homo sapiens,0.05,,,54
Abrectorin,Abrus precatorius,44257585.0,COc1ccc(cc1O)c1cc(=O)c2c(o1)cc(c(c2)OC)O,PPB3,Solute carrier organic anion transporter family member 1B3,,,,DNN(Layered),Homo sapiens,0.05,,,55
Abrectorin,Abrus precatorius,44257585.0,COc1ccc(cc1O)c1cc(=O)c2c(o1)cc(c(c2)OC)O,PPB3,Tyrosinase,,,,DNN(Layered),Homo sapiens,0.05,,,56
Abrectorin,Abrus precatorius,44257585.0,COc1ccc(cc1O)c1cc(=O)c2c(o1)cc(c(c2)OC)O,PPB3,Beta-secretase 1,,,,DNN(Layered),Homo sapiens,0.05,,,57
Abrectorin,Abrus precatorius,44257585.0,COc1ccc(cc1O)c1cc(=O)c2c(o1)cc(c(c2)OC)O,PPB3,K562,,,,DNN(Layered),Homo sapiens,0.05,,,58
Abrectorin,Abrus precatorius,44257585.0,COc1ccc(cc1O)c1cc(=O)c2c(o1)cc(c(c2)OC)O,PPB3,Monoamine oxidase A,,,,DNN(Layered),Homo sapiens,0.04,,,59
Abrectorin,Abrus precatorius,44257585.0,COc1ccc(cc1O)c1cc(=O)c2c(o1)cc(c(c2)OC)O,PPB3,Solute carrier organic anion transporter family member 1B1,,,,DNN(Layered),Homo sapiens,0.04,,,60
Abrectorin,Abrus precatorius,44257585.0,COc1ccc(cc1O)c1cc(=O)c2c(o1)cc(c(c2)OC)O,PPB3,K562,,,,DNN(MHFP6),Homo sapiens,0.56,,,61
Abrectorin,Abrus precatorius,44257585.0,COc1ccc(cc1O)c1cc(=O)c2c(o1)cc(c(c2)OC)O,PPB3,HepG2,,,,DNN(MHFP6),Homo sapiens,0.2,,,62
Abrectorin,Abrus precatorius,44257585.0,COc1ccc(cc1O)c1cc(=O)c2c(o1)cc(c(c2)OC)O,PPB3,HCT-116,,,,DNN(MHFP6),Homo sapiens,0.16,,,63
Abrectorin,Abrus precatorius,44257585.0,COc1ccc(cc1O)c1cc(=O)c2c(o1)cc(c(c2)OC)O,PPB3,MDA-MB-231,,,,DNN(MHFP6),Homo sapiens,0.16,,,64
Abrectorin,Abrus precatorius,44257585.0,COc1ccc(cc1O)c1cc(=O)c2c(o1)cc(c(c2)OC)O,PPB3,MCF7,,,,DNN(MHFP6),Homo sapiens,0.14,,,65
Abrectorin,Abrus precatorius,44257585.0,COc1ccc(cc1O)c1cc(=O)c2c(o1)cc(c(c2)OC)O,PPB3,HL-60,,,,DNN(MHFP6),Homo sapiens,0.12,,,66
Abrectorin,Abrus precatorius,44257585.0,COc1ccc(cc1O)c1cc(=O)c2c(o1)cc(c(c2)OC)O,PPB3,Jurkat,,,,DNN(MHFP6),Homo sapiens,0.11,,,67
Abrectorin,Abrus precatorius,44257585.0,COc1ccc(cc1O)c1cc(=O)c2c(o1)cc(c(c2)OC)O,PPB3,PBMC,,,,DNN(MHFP6),Homo sapiens,0.11,,,68
Abrectorin,Abrus precatorius,44257585.0,COc1ccc(cc1O)c1cc(=O)c2c(o1)cc(c(c2)OC)O,PPB3,PC-3,,,,DNN(MHFP6),Homo sapiens,0.1,,,69
Abrectorin,Abrus precatorius,44257585.0,COc1ccc(cc1O)c1cc(=O)c2c(o1)cc(c(c2)OC)O,PPB3,Cytochrome P450 1A1,,,,DNN(MHFP6),Homo sapiens,0.09,,,70
Abrectorin,Abrus precatorius,44257585.0,COc1ccc(cc1O)c1cc(=O)c2c(o1)cc(c(c2)OC)O,PPB3,A549,,,,DNN(MHFP6),Homo sapiens,0.09,,,71
Abrectorin,Abrus precatorius,44257585.0,COc1ccc(cc1O)c1cc(=O)c2c(o1)cc(c(c2)OC)O,PPB3,HEK293,,,,DNN(MHFP6),Homo sapiens,0.08,,,72
Abrectorin,Abrus precatorius,44257585.0,COc1ccc(cc1O)c1cc(=O)c2c(o1)cc(c(c2)OC)O,PPB3,HT-29,,,,DNN(MHFP6),Homo sapiens,0.07,,,73
Abrectorin,Abrus precatorius,44257585.0,COc1ccc(cc1O)c1cc(=O)c2c(o1)cc(c(c2)OC)O,PPB3,Cytochrome P450 1B1,,,,DNN(MHFP6),Homo sapiens,0.06,,,74
Abrectorin,Abrus precatorius,44257585.0,COc1ccc(cc1O)c1cc(=O)c2c(o1)cc(c(c2)OC)O,PPB3,SW480,,,,DNN(MHFP6),Homo sapiens,0.06,,,75
Abrectorin,Abrus precatorius,44257585.0,COc1ccc(cc1O)c1cc(=O)c2c(o1)cc(c(c2)OC)O,PPB3,Arachidonate 5-lipoxygenase,,,,DNN(MHFP6),Homo sapiens,0.05,,,76
Abrectorin,Abrus precatorius,44257585.0,COc1ccc(cc1O)c1cc(=O)c2c(o1)cc(c(c2)OC)O,PPB3,BJ,,,,DNN(MHFP6),Homo sapiens,0.04,,,77
Abrectorin,Abrus precatorius,44257585.0,COc1ccc(cc1O)c1cc(=O)c2c(o1)cc(c(c2)OC)O,PPB3,A2780,,,,DNN(MHFP6),Homo sapiens,0.04,,,78
Abrectorin,Abrus precatorius,44257585.0,COc1ccc(cc1O)c1cc(=O)c2c(o1)cc(c(c2)OC)O,PPB3,SK-N-SH,,,,DNN(ECFP6),Homo sapiens,0.57,,,79
Abrectorin,Abrus precatorius,44257585.0,COc1ccc(cc1O)c1cc(=O)c2c(o1)cc(c(c2)OC)O,PPB3,HL-60,,,,DNN(ECFP6),Homo sapiens,0.5,,,80
Abrectorin,Abrus precatorius,44257585.0,COc1ccc(cc1O)c1cc(=O)c2c(o1)cc(c(c2)OC)O,PPB3,MKN-28,,,,DNN(ECFP6),Homo sapiens,0.46,,,81
Abrectorin,Abrus precatorius,44257585.0,COc1ccc(cc1O)c1cc(=O)c2c(o1)cc(c(c2)OC)O,PPB3,KB,,,,DNN(ECFP6),Homo sapiens,0.43,,,82
Abrectorin,Abrus precatorius,44257585.0,COc1ccc(cc1O)c1cc(=O)c2c(o1)cc(c(c2)OC)O,PPB3,HEp-2,,,,DNN(ECFP6),Homo sapiens,0.43,,,83
Abrectorin,Abrus precatorius,44257585.0,COc1ccc(cc1O)c1cc(=O)c2c(o1)cc(c(c2)OC)O,PPB3,SH-SY5Y,,,,DNN(ECFP6),Homo sapiens,0.35,,,84
Abrectorin,Abrus precatorius,44257585.0,COc1ccc(cc1O)c1cc(=O)c2c(o1)cc(c(c2)OC)O,PPB3,Raji,,,,DNN(ECFP6),Homo sapiens,0.24,,,85
Abrectorin,Abrus precatorius,44257585.0,COc1ccc(cc1O)c1cc(=O)c2c(o1)cc(c(c2)OC)O,PPB3,Amyloid-beta A4 protein,,,,DNN(ECFP6),Homo sapiens,0.19,,,86
Abrectorin,Abrus precatorius,44257585.0,COc1ccc(cc1O)c1cc(=O)c2c(o1)cc(c(c2)OC)O,PPB3,PC-9,,,,DNN(ECFP6),Homo sapiens,0.19,,,87
Abrectorin,Abrus precatorius,44257585.0,COc1ccc(cc1O)c1cc(=O)c2c(o1)cc(c(c2)OC)O,PPB3,K562,,,,DNN(ECFP6),Homo sapiens,0.17,,,88
Abrectorin,Abrus precatorius,44257585.0,COc1ccc(cc1O)c1cc(=O)c2c(o1)cc(c(c2)OC)O,PPB3,Solute carrier organic anion transporter family member 1B3,,,,DNN(ECFP6),Homo sapiens,0.17,,,89
Abrectorin,Abrus precatorius,44257585.0,COc1ccc(cc1O)c1cc(=O)c2c(o1)cc(c(c2)OC)O,PPB3,HepG2,,,,DNN(ECFP6),Homo sapiens,0.16,,,90
Abrectorin,Abrus precatorius,44257585.0,COc1ccc(cc1O)c1cc(=O)c2c(o1)cc(c(c2)OC)O,PPB3,Telomerase reverse transcriptase,,,,DNN(ECFP6),Homo sapiens,0.15,,,91
Abrectorin,Abrus precatorius,44257585.0,COc1ccc(cc1O)c1cc(=O)c2c(o1)cc(c(c2)OC)O,PPB3,Solute carrier organic anion transporter family member 1B1,,,,DNN(ECFP6),Homo sapiens,0.14,,,92
Abrectorin,Abrus precatorius,44257585.0,COc1ccc(cc1O)c1cc(=O)c2c(o1)cc(c(c2)OC)O,PPB3,MCF7,,,,DNN(ECFP6),Homo sapiens,0.12,,,93
Abrectorin,Abrus precatorius,44257585.0,COc1ccc(cc1O)c1cc(=O)c2c(o1)cc(c(c2)OC)O,PPB3,A-375,,,,DNN(ECFP6),Homo sapiens,0.12,,,94
Abrectorin,Abrus precatorius,44257585.0,COc1ccc(cc1O)c1cc(=O)c2c(o1)cc(c(c2)OC)O,PPB3,H9,,,,DNN(ECFP6),Homo sapiens,0.12,,,95
Abrectorin,Abrus precatorius,44257585.0,COc1ccc(cc1O)c1cc(=O)c2c(o1)cc(c(c2)OC)O,PPB3,Ras-related protein Rab-9A,,,,DNN(AtomPair),Homo sapiens,0.25,,,96
Abrectorin,Abrus precatorius,44257585.0,COc1ccc(cc1O)c1cc(=O)c2c(o1)cc(c(c2)OC)O,PPB3,Microtubule-associated protein tau,,,,DNN(AtomPair),Homo sapiens,0.18,,,97
Abrectorin,Abrus precatorius,44257585.0,COc1ccc(cc1O)c1cc(=O)c2c(o1)cc(c(c2)OC)O,PPB3,microRNA 21,,,,DNN(AtomPair),Homo sapiens,0.17,,,98
Abrectorin,Abrus precatorius,44257585.0,COc1ccc(cc1O)c1cc(=O)c2c(o1)cc(c(c2)OC)O,PPB3,Niemann-Pick C1 protein,,,,DNN(AtomPair),Homo sapiens,0.15,,,99
Abrectorin,Abrus precatorius,44257585.0,COc1ccc(cc1O)c1cc(=O)c2c(o1)cc(c(c2)OC)O,PPB3,N9,,,,DNN(AtomPair),Homo sapiens,0.12,,,100
Abrectorin,Abrus precatorius,44257585.0,COc1ccc(cc1O)c1cc(=O)c2c(o1)cc(c(c2)OC)O,PPB3,Solute carrier organic anion transporter family member 1B3,,,,DNN(AtomPair),Homo sapiens,0.07,,,101
Abrectorin,Abrus precatorius,44257585.0,COc1ccc(cc1O)c1cc(=O)c2c(o1)cc(c(c2)OC)O,PPB3,MCF7,,,,DNN(AtomPair),Homo sapiens,0.06,,,102
Abrectorin,Abrus precatorius,44257585.0,COc1ccc(cc1O)c1cc(=O)c2c(o1)cc(c(c2)OC)O,PPB3,Cellular tumor antigen p53,,,,DNN(AtomPair),Homo sapiens,0.06,,,103
Abrectorin,Abrus precatorius,44257585.0,COc1ccc(cc1O)c1cc(=O)c2c(o1)cc(c(c2)OC)O,PPB3,Tyrosyl-DNA phosphodiesterase 1,,,,DNN(AtomPair),Homo sapiens,0.06,,,104
Abrectorin,Abrus precatorius,44257585.0,COc1ccc(cc1O)c1cc(=O)c2c(o1)cc(c(c2)OC)O,PPB3,HCT-116,,,,DNN(AtomPair),Homo sapiens,0.06,,,105
Abrectorin,Abrus precatorius,44257585.0,COc1ccc(cc1O)c1cc(=O)c2c(o1)cc(c(c2)OC)O,PPB3,T47D,,,,DNN(AtomPair),Homo sapiens,0.06,,,106
Abrectorin,Abrus precatorius,44257585.0,COc1ccc(cc1O)c1cc(=O)c2c(o1)cc(c(c2)OC)O,PPB3,Menin/Histone-lysine N-methyltransferase MLL,,,,DNN(AtomPair),Homo sapiens,0.06,,,107
Abrectorin,Abrus precatorius,44257585.0,COc1ccc(cc1O)c1cc(=O)c2c(o1)cc(c(c2)OC)O,PPB3,Solute carrier organic anion transporter family member 1B1,,,,DNN(AtomPair),Homo sapiens,0.06,,,108
Abrectorin,Abrus precatorius,44257585.0,COc1ccc(cc1O)c1cc(=O)c2c(o1)cc(c(c2)OC)O,PPB3,DNA polymerase beta,,,,DNN(AtomPair),Homo sapiens,0.05,,,109
Abrectorin,Abrus precatorius,44257585.0,COc1ccc(cc1O)c1cc(=O)c2c(o1)cc(c(c2)OC)O,PPB3,Survival motor neuron protein,,,,DNN(AtomPair),Homo sapiens,0.05,,,110
Abrectorin,Abrus precatorius,44257585.0,COc1ccc(cc1O)c1cc(=O)c2c(o1)cc(c(c2)OC)O,PPB3,HeLa,,,,DNN(AtomPair),Homo sapiens,0.05,,,111
Abrectorin,Abrus precatorius,44257585.0,COc1ccc(cc1O)c1cc(=O)c2c(o1)cc(c(c2)OC)O,PPB3,SK-N-SH,,,,Consensus,Homo sapiens,0.57,,,112
Abrectorin,Abrus precatorius,44257585.0,COc1ccc(cc1O)c1cc(=O)c2c(o1)cc(c(c2)OC)O,PPB3,K562,,,,Consensus,Homo sapiens,0.56,,,113
Abrectorin,Abrus precatorius,44257585.0,COc1ccc(cc1O)c1cc(=O)c2c(o1)cc(c(c2)OC)O,PPB3,HL-60,,,,Consensus,Homo sapiens,0.5,,,114
Abrectorin,Abrus precatorius,44257585.0,COc1ccc(cc1O)c1cc(=O)c2c(o1)cc(c(c2)OC)O,PPB3,MKN-28,,,,Consensus,Homo sapiens,0.46,,,115
Abrectorin,Abrus precatorius,44257585.0,COc1ccc(cc1O)c1cc(=O)c2c(o1)cc(c(c2)OC)O,PPB3,KB,,,,Consensus,Homo sapiens,0.43,,,116
Abrectorin,Abrus precatorius,44257585.0,COc1ccc(cc1O)c1cc(=O)c2c(o1)cc(c(c2)OC)O,PPB3,HEp-2,,,,Consensus,Homo sapiens,0.43,,,117
Abrectorin,Abrus precatorius,44257585.0,COc1ccc(cc1O)c1cc(=O)c2c(o1)cc(c(c2)OC)O,PPB3,SH-SY5Y,,,,Consensus,Homo sapiens,0.35,,,118
Abrectorin,Abrus precatorius,44257585.0,COc1ccc(cc1O)c1cc(=O)c2c(o1)cc(c(c2)OC)O,PPB3,Ras-related protein Rab-9A,,,,Consensus,Homo sapiens,0.25,,,119
Abrectorin,Abrus precatorius,44257585.0,COc1ccc(cc1O)c1cc(=O)c2c(o1)cc(c(c2)OC)O,PPB3,Raji,,,,Consensus,Homo sapiens,0.24,,,120
Abrectorin,Abrus precatorius,44257585.0,COc1ccc(cc1O)c1cc(=O)c2c(o1)cc(c(c2)OC)O,PPB3,Acetylcholinesterase,,,,Consensus,Homo sapiens,0.21,,,121
Abrectorin,Abrus precatorius,44257585.0,COc1ccc(cc1O)c1cc(=O)c2c(o1)cc(c(c2)OC)O,PPB3,HepG2,,,,Consensus,Homo sapiens,0.2,,,122
Abrectorin,Abrus precatorius,44257585.0,COc1ccc(cc1O)c1cc(=O)c2c(o1)cc(c(c2)OC)O,PPB3,Amyloid-beta A4 protein,,,,Consensus,Homo sapiens,0.19,,,123
Abrectorin,Abrus precatorius,44257585.0,COc1ccc(cc1O)c1cc(=O)c2c(o1)cc(c(c2)OC)O,PPB3,PC-9,,,,Consensus,Homo sapiens,0.19,,,124
Abrectorin,Abrus precatorius,44257585.0,COc1ccc(cc1O)c1cc(=O)c2c(o1)cc(c(c2)OC)O,PPB3,Microtubule-associated protein tau,,,,Consensus,Homo sapiens,0.18,,,125
Abrectorin,Abrus precatorius,44257585.0,COc1ccc(cc1O)c1cc(=O)c2c(o1)cc(c(c2)OC)O,PPB3,Solute carrier organic anion transporter family member 1B3,,,,Consensus,Homo sapiens,0.17,,,126
Abrectorin,Abrus precatorius,44257585.0,COc1ccc(cc1O)c1cc(=O)c2c(o1)cc(c(c2)OC)O,PPB3,microRNA 21,,,,Consensus,Homo sapiens,0.17,,,127
Abrectorin,Abrus precatorius,44257585.0,COc1ccc(cc1O)c1cc(=O)c2c(o1)cc(c(c2)OC)O,PPB3,HCT-116,,,,Consensus,Homo sapiens,0.16,,,128
Abrectorin,Abrus precatorius,44257585.0,COc1ccc(cc1O)c1cc(=O)c2c(o1)cc(c(c2)OC)O,PPB3,MDA-MB-231,,,,Consensus,Homo sapiens,0.16,,,129
Abrine,Abrus precatorius,160511.0,CN[C@H](C(=O)O)Cc1c[nH]c2c1cccc2,PPB3,SLC16A10 protein,,,,DNN(ECFP4+MHFP6),Homo sapiens,0.99,,,1
Abrine,Abrus precatorius,160511.0,CN[C@H](C(=O)O)Cc1c[nH]c2c1cccc2,PPB3,Solute carrier organic anion transporter family member 1B1,,,,DNN(ECFP4+MHFP6),Homo sapiens,0.99,,,2
Abrine,Abrus precatorius,160511.0,CN[C@H](C(=O)O)Cc1c[nH]c2c1cccc2,PPB3,Solute carrier organic anion transporter family member 1B3,,,,DNN(ECFP4+MHFP6),Homo sapiens,0.99,,,3
Abrine,Abrus precatorius,160511.0,CN[C@H](C(=O)O)Cc1c[nH]c2c1cccc2,PPB3,Prelamin-A/C,,,,DNN(ECFP4+MHFP6),Homo sapiens,0.12,,,4
Abrine,Abrus precatorius,160511.0,CN[C@H](C(=O)O)Cc1c[nH]c2c1cccc2,PPB3,Microtubule-associated protein tau,,,,DNN(ECFP4+MHFP6),Homo sapiens,0.11,,,5
Abrine,Abrus precatorius,160511.0,CN[C@H](C(=O)O)Cc1c[nH]c2c1cccc2,PPB3,Tyrosyl-DNA phosphodiesterase 1,,,,DNN(ECFP4+MHFP6),Homo sapiens,0.07,,,6
Abrine,Abrus precatorius,160511.0,CN[C@H](C(=O)O)Cc1c[nH]c2c1cccc2,PPB3,Menin/Histone-lysine N-methyltransferase MLL,,,,DNN(ECFP4+MHFP6),Homo sapiens,0.07,,,7
Abrine,Abrus precatorius,160511.0,CN[C@H](C(=O)O)Cc1c[nH]c2c1cccc2,PPB3,ATP-dependent DNA helicase Q1,,,,DNN(ECFP4+MHFP6),Homo sapiens,0.04,,,8
Abrine,Abrus precatorius,160511.0,CN[C@H](C(=O)O)Cc1c[nH]c2c1cccc2,PPB3,Thyroid stimulating hormone receptor,,,,DNN(ECFP4+MHFP6),Homo sapiens,0.04,,,9
Abrine,Abrus precatorius,160511.0,CN[C@H](C(=O)O)Cc1c[nH]c2c1cccc2,PPB3,Cytochrome P450 1A2,,,,DNN(ECFP4+MHFP6),Homo sapiens,0.02,,,10
Abrine,Abrus precatorius,160511.0,CN[C@H](C(=O)O)Cc1c[nH]c2c1cccc2,PPB3,Keap1/Nrf2,,,,DNN(ECFP4+MHFP6),Homo sapiens,0.02,,,11
Abrine,Abrus precatorius,160511.0,CN[C@H](C(=O)O)Cc1c[nH]c2c1cccc2,PPB3,MAP kinase ERK2,,,,DNN(ECFP4+MHFP6),Homo sapiens,0.02,,,12
Abrine,Abrus precatorius,160511.0,CN[C@H](C(=O)O)Cc1c[nH]c2c1cccc2,PPB3,Ubiquitin carboxyl-terminal hydrolase 2,,,,DNN(ECFP4+MHFP6),Homo sapiens,0.02,,,13
Abrine,Abrus precatorius,160511.0,CN[C@H](C(=O)O)Cc1c[nH]c2c1cccc2,PPB3,SLC16A10 protein,,,,DNN(ECFP4),Homo sapiens,1.0,,,14
Abrine,Abrus precatorius,160511.0,CN[C@H](C(=O)O)Cc1c[nH]c2c1cccc2,PPB3,Solute carrier organic anion transporter family member 1B3,,,,DNN(ECFP4),Homo sapiens,0.78,,,15
Abrine,Abrus precatorius,160511.0,CN[C@H](C(=O)O)Cc1c[nH]c2c1cccc2,PPB3,Solute carrier organic anion transporter family member 1B1,,,,DNN(ECFP4),Homo sapiens,0.75,,,16
Abrine,Abrus precatorius,160511.0,CN[C@H](C(=O)O)Cc1c[nH]c2c1cccc2,PPB3,Prelamin-A/C,,,,DNN(ECFP4),Homo sapiens,0.16,,,17
Abrine,Abrus precatorius,160511.0,CN[C@H](C(=O)O)Cc1c[nH]c2c1cccc2,PPB3,Thyroid stimulating hormone receptor,,,,DNN(ECFP4),Homo sapiens,0.13,,,18
Abrine,Abrus precatorius,160511.0,CN[C@H](C(=O)O)Cc1c[nH]c2c1cccc2,PPB3,Carbonic anhydrase VI,,,,DNN(ECFP4),Homo sapiens,0.08,,,19
Abrine,Abrus precatorius,160511.0,CN[C@H](C(=O)O)Cc1c[nH]c2c1cccc2,PPB3,Arachidonate 15-lipoxygenase,,,,DNN(ECFP4),Homo sapiens,0.06,,,20
Abrine,Abrus precatorius,160511.0,CN[C@H](C(=O)O)Cc1c[nH]c2c1cccc2,PPB3,MAP kinase ERK2,,,,DNN(ECFP4),Homo sapiens,0.06,,,21
Abrine,Abrus precatorius,160511.0,CN[C@H](C(=O)O)Cc1c[nH]c2c1cccc2,PPB3,Aldehyde dehydrogenase 1A1,,,,DNN(ECFP4),Homo sapiens,0.05,,,22
Abrine,Abrus precatorius,160511.0,CN[C@H](C(=O)O)Cc1c[nH]c2c1cccc2,PPB3,Carbonic anhydrase VB,,,,DNN(ECFP4),Homo sapiens,0.05,,,23
Abrine,Abrus precatorius,160511.0,CN[C@H](C(=O)O)Cc1c[nH]c2c1cccc2,PPB3,Homo sapiens,,,,DNN(ECFP4),Homo sapiens,0.04,,,24
Abrine,Abrus precatorius,160511.0,CN[C@H](C(=O)O)Cc1c[nH]c2c1cccc2,PPB3,Carbonic anhydrase VA,,,,DNN(ECFP4),Homo sapiens,0.04,,,25
Abrine,Abrus precatorius,160511.0,CN[C@H](C(=O)O)Cc1c[nH]c2c1cccc2,PPB3,Endoplasmic reticulum-associated amyloid beta-peptide-binding protein,,,,DNN(ECFP4),Homo sapiens,0.04,,,26
Abrine,Abrus precatorius,160511.0,CN[C@H](C(=O)O)Cc1c[nH]c2c1cccc2,PPB3,Survival motor neuron protein,,,,DNN(ECFP4),Homo sapiens,0.04,,,27
Abrine,Abrus precatorius,160511.0,CN[C@H](C(=O)O)Cc1c[nH]c2c1cccc2,PPB3,SLC16A10 protein,,,,DNN(RDKit),Homo sapiens,0.98,,,28
Abrine,Abrus precatorius,160511.0,CN[C@H](C(=O)O)Cc1c[nH]c2c1cccc2,PPB3,Thyroid stimulating hormone receptor,,,,DNN(RDKit),Homo sapiens,0.13,,,29
Abrine,Abrus precatorius,160511.0,CN[C@H](C(=O)O)Cc1c[nH]c2c1cccc2,PPB3,Cytochrome P450 1A2,,,,DNN(RDKit),Homo sapiens,0.12,,,30
Abrine,Abrus precatorius,160511.0,CN[C@H](C(=O)O)Cc1c[nH]c2c1cccc2,PPB3,Solute carrier organic anion transporter family member 1B3,,,,DNN(RDKit),Homo sapiens,0.12,,,31
Abrine,Abrus precatorius,160511.0,CN[C@H](C(=O)O)Cc1c[nH]c2c1cccc2,PPB3,Cytochrome P450 2C19,,,,DNN(RDKit),Homo sapiens,0.12,,,32
Abrine,Abrus precatorius,160511.0,CN[C@H](C(=O)O)Cc1c[nH]c2c1cccc2,PPB3,Prelamin-A/C,,,,DNN(RDKit),Homo sapiens,0.07,,,33
Abrine,Abrus precatorius,160511.0,CN[C@H](C(=O)O)Cc1c[nH]c2c1cccc2,PPB3,Solute carrier organic anion transporter family member 1B1,,,,DNN(RDKit),Homo sapiens,0.07,,,34
Abrine,Abrus precatorius,160511.0,CN[C@H](C(=O)O)Cc1c[nH]c2c1cccc2,PPB3,Cytochrome P450 2D6,,,,DNN(RDKit),Homo sapiens,0.06,,,35
Abrine,Abrus precatorius,160511.0,CN[C@H](C(=O)O)Cc1c[nH]c2c1cccc2,PPB3,Carbonic anhydrase IV,,,,DNN(RDKit),Homo sapiens,0.04,,,36
Abrine,Abrus precatorius,160511.0,CN[C@H](C(=O)O)Cc1c[nH]c2c1cccc2,PPB3,L-type amino acid transporter 1,,,,DNN(RDKit),Homo sapiens,0.04,,,37
Abrine,Abrus precatorius,160511.0,CN[C@H](C(=O)O)Cc1c[nH]c2c1cccc2,PPB3,Survival motor neuron protein,,,,DNN(RDKit),Homo sapiens,0.03,,,38
Abrine,Abrus precatorius,160511.0,CN[C@H](C(=O)O)Cc1c[nH]c2c1cccc2,PPB3,Cytochrome P450 3A4,,,,DNN(RDKit),Homo sapiens,0.03,,,39
Abrine,Abrus precatorius,160511.0,CN[C@H](C(=O)O)Cc1c[nH]c2c1cccc2,PPB3,Microtubule-associated protein tau,,,,DNN(RDKit),Homo sapiens,0.03,,,40
Abrine,Abrus precatorius,160511.0,CN[C@H](C(=O)O)Cc1c[nH]c2c1cccc2,PPB3,Aldehyde dehydrogenase 1A1,,,,DNN(RDKit),Homo sapiens,0.02,,,41
Abrine,Abrus precatorius,160511.0,CN[C@H](C(=O)O)Cc1c[nH]c2c1cccc2,PPB3,Menin/Histone-lysine N-methyltransferase MLL,,,,DNN(RDKit),Homo sapiens,0.02,,,42
Abrine,Abrus precatorius,160511.0,CN[C@H](C(=O)O)Cc1c[nH]c2c1cccc2,PPB3,Cytochrome P450 2C9,,,,DNN(RDKit),Homo sapiens,0.02,,,43
Abrine,Abrus precatorius,160511.0,CN[C@H](C(=O)O)Cc1c[nH]c2c1cccc2,PPB3,SLC16A10 protein,,,,DNN(Layered),Homo sapiens,0.88,,,44
Abrine,Abrus precatorius,160511.0,CN[C@H](C(=O)O)Cc1c[nH]c2c1cccc2,PPB3,Solute carrier organic anion transporter family member 1B3,,,,DNN(Layered),Homo sapiens,0.46,,,45
Abrine,Abrus precatorius,160511.0,CN[C@H](C(=O)O)Cc1c[nH]c2c1cccc2,PPB3,Solute carrier organic anion transporter family member 1B1,,,,DNN(Layered),Homo sapiens,0.42,,,46
Abrine,Abrus precatorius,160511.0,CN[C@H](C(=O)O)Cc1c[nH]c2c1cccc2,PPB3,Myeloperoxidase,,,,DNN(Layered),Homo sapiens,0.07,,,47
Abrine,Abrus precatorius,160511.0,CN[C@H](C(=O)O)Cc1c[nH]c2c1cccc2,PPB3,Prelamin-A/C,,,,DNN(Layered),Homo sapiens,0.07,,,48
Abrine,Abrus precatorius,160511.0,CN[C@H](C(=O)O)Cc1c[nH]c2c1cccc2,PPB3,Nuclear factor NF-kappa-B p105 subunit,,,,DNN(Layered),Homo sapiens,0.07,,,49
Abrine,Abrus precatorius,160511.0,CN[C@H](C(=O)O)Cc1c[nH]c2c1cccc2,PPB3,Survival motor neuron protein,,,,DNN(Layered),Homo sapiens,0.06,,,50
Abrine,Abrus precatorius,160511.0,CN[C@H](C(=O)O)Cc1c[nH]c2c1cccc2,PPB3,Cytochrome P450 2C19,,,,DNN(Layered),Homo sapiens,0.05,,,51
Abrine,Abrus precatorius,160511.0,CN[C@H](C(=O)O)Cc1c[nH]c2c1cccc2,PPB3,Aldehyde dehydrogenase 1A1,,,,DNN(Layered),Homo sapiens,0.05,,,52
Abrine,Abrus precatorius,160511.0,CN[C@H](C(=O)O)Cc1c[nH]c2c1cccc2,PPB3,Menin/Histone-lysine N-methyltransferase MLL,,,,DNN(Layered),Homo sapiens,0.05,,,53
Abrine,Abrus precatorius,160511.0,CN[C@H](C(=O)O)Cc1c[nH]c2c1cccc2,PPB3,Tyrosyl-DNA phosphodiesterase 1,,,,DNN(Layered),Homo sapiens,0.04,,,54
Abrine,Abrus precatorius,160511.0,CN[C@H](C(=O)O)Cc1c[nH]c2c1cccc2,PPB3,Bloom syndrome protein,,,,DNN(Layered),Homo sapiens,0.04,,,55
Abrine,Abrus precatorius,160511.0,CN[C@H](C(=O)O)Cc1c[nH]c2c1cccc2,PPB3,Thyroid stimulating hormone receptor,,,,DNN(Layered),Homo sapiens,0.04,,,56
Abrine,Abrus precatorius,160511.0,CN[C@H](C(=O)O)Cc1c[nH]c2c1cccc2,PPB3,Pyruvate kinase isozymes M1/M2,,,,DNN(Layered),Homo sapiens,0.04,,,57
Abrine,Abrus precatorius,160511.0,CN[C@H](C(=O)O)Cc1c[nH]c2c1cccc2,PPB3,Huntingtin,,,,DNN(Layered),Homo sapiens,0.04,,,58
Abrine,Abrus precatorius,160511.0,CN[C@H](C(=O)O)Cc1c[nH]c2c1cccc2,PPB3,SLC16A10 protein,,,,DNN(MHFP6),Homo sapiens,0.99,,,59
Abrine,Abrus precatorius,160511.0,CN[C@H](C(=O)O)Cc1c[nH]c2c1cccc2,PPB3,Solute carrier organic anion transporter family member 1B3,,,,DNN(MHFP6),Homo sapiens,0.95,,,60
Abrine,Abrus precatorius,160511.0,CN[C@H](C(=O)O)Cc1c[nH]c2c1cccc2,PPB3,Solute carrier organic anion transporter family member 1B1,,,,DNN(MHFP6),Homo sapiens,0.93,,,61
Abrine,Abrus precatorius,160511.0,CN[C@H](C(=O)O)Cc1c[nH]c2c1cccc2,PPB3,Prelamin-A/C,,,,DNN(MHFP6),Homo sapiens,0.11,,,62
Abrine,Abrus precatorius,160511.0,CN[C@H](C(=O)O)Cc1c[nH]c2c1cccc2,PPB3,Angiotensin-converting enzyme,,,,DNN(MHFP6),Homo sapiens,0.1,,,63
Abrine,Abrus precatorius,160511.0,CN[C@H](C(=O)O)Cc1c[nH]c2c1cccc2,PPB3,Thyroid stimulating hormone receptor,,,,DNN(MHFP6),Homo sapiens,0.09,,,64
Abrine,Abrus precatorius,160511.0,CN[C@H](C(=O)O)Cc1c[nH]c2c1cccc2,PPB3,Cytochrome P450 2C19,,,,DNN(MHFP6),Homo sapiens,0.08,,,65
Abrine,Abrus precatorius,160511.0,CN[C@H](C(=O)O)Cc1c[nH]c2c1cccc2,PPB3,Aldehyde dehydrogenase 1A1,,,,DNN(MHFP6),Homo sapiens,0.05,,,66
Abrine,Abrus precatorius,160511.0,CN[C@H](C(=O)O)Cc1c[nH]c2c1cccc2,PPB3,15-hydroxyprostaglandin dehydrogenase [NAD+],,,,DNN(MHFP6),Homo sapiens,0.05,,,67
Abrine,Abrus precatorius,160511.0,CN[C@H](C(=O)O)Cc1c[nH]c2c1cccc2,PPB3,Survival motor neuron protein,,,,DNN(MHFP6),Homo sapiens,0.05,,,68
Abrine,Abrus precatorius,160511.0,CN[C@H](C(=O)O)Cc1c[nH]c2c1cccc2,PPB3,Cytochrome P450 1A2,,,,DNN(MHFP6),Homo sapiens,0.05,,,69
Abrine,Abrus precatorius,160511.0,CN[C@H](C(=O)O)Cc1c[nH]c2c1cccc2,PPB3,Endoplasmic reticulum-associated amyloid beta-peptide-binding protein,,,,DNN(MHFP6),Homo sapiens,0.05,,,70
Abrine,Abrus precatorius,160511.0,CN[C@H](C(=O)O)Cc1c[nH]c2c1cccc2,PPB3,Cytochrome P450 2C9,,,,DNN(MHFP6),Homo sapiens,0.05,,,71
Abrine,Abrus precatorius,160511.0,CN[C@H](C(=O)O)Cc1c[nH]c2c1cccc2,PPB3,Neuropeptide S receptor,,,,DNN(MHFP6),Homo sapiens,0.04,,,72
Abrine,Abrus precatorius,160511.0,CN[C@H](C(=O)O)Cc1c[nH]c2c1cccc2,PPB3,SLC16A10 protein,,,,DNN(ECFP6),Homo sapiens,0.99,,,73
Abrine,Abrus precatorius,160511.0,CN[C@H](C(=O)O)Cc1c[nH]c2c1cccc2,PPB3,Solute carrier organic anion transporter family member 1B1,,,,DNN(ECFP6),Homo sapiens,0.83,,,74
Abrine,Abrus precatorius,160511.0,CN[C@H](C(=O)O)Cc1c[nH]c2c1cccc2,PPB3,Solute carrier organic anion transporter family member 1B3,,,,DNN(ECFP6),Homo sapiens,0.82,,,75
Abrine,Abrus precatorius,160511.0,CN[C@H](C(=O)O)Cc1c[nH]c2c1cccc2,PPB3,Microtubule-associated protein tau,,,,DNN(ECFP6),Homo sapiens,0.22,,,76
Abrine,Abrus precatorius,160511.0,CN[C@H](C(=O)O)Cc1c[nH]c2c1cccc2,PPB3,Prelamin-A/C,,,,DNN(ECFP6),Homo sapiens,0.2,,,77
Abrine,Abrus precatorius,160511.0,CN[C@H](C(=O)O)Cc1c[nH]c2c1cccc2,PPB3,Survival motor neuron protein,,,,DNN(ECFP6),Homo sapiens,0.17,,,78
Abrine,Abrus precatorius,160511.0,CN[C@H](C(=O)O)Cc1c[nH]c2c1cccc2,PPB3,Cytochrome P450 2C19,,,,DNN(ECFP6),Homo sapiens,0.11,,,79
Abrine,Abrus precatorius,160511.0,CN[C@H](C(=O)O)Cc1c[nH]c2c1cccc2,PPB3,Arachidonate 5-lipoxygenase,,,,DNN(ECFP6),Homo sapiens,0.09,,,80
Abrine,Abrus precatorius,160511.0,CN[C@H](C(=O)O)Cc1c[nH]c2c1cccc2,PPB3,Cytochrome P450 1A2,,,,DNN(ECFP6),Homo sapiens,0.09,,,81
Abrine,Abrus precatorius,160511.0,CN[C@H](C(=O)O)Cc1c[nH]c2c1cccc2,PPB3,Cytochrome P450 2C9,,,,DNN(ECFP6),Homo sapiens,0.08,,,82
Abrine,Abrus precatorius,160511.0,CN[C@H](C(=O)O)Cc1c[nH]c2c1cccc2,PPB3,Lysosomal alpha-glucosidase,,,,DNN(ECFP6),Homo sapiens,0.07,,,83
Abrine,Abrus precatorius,160511.0,CN[C@H](C(=O)O)Cc1c[nH]c2c1cccc2,PPB3,DNA-(apurinic or apyrimidinic site) lyase,,,,DNN(ECFP6),Homo sapiens,0.07,,,84
Abrine,Abrus precatorius,160511.0,CN[C@H](C(=O)O)Cc1c[nH]c2c1cccc2,PPB3,Cyclooxygenase-1,,,,DNN(ECFP6),Homo sapiens,0.07,,,85
Abrine,Abrus precatorius,160511.0,CN[C@H](C(=O)O)Cc1c[nH]c2c1cccc2,PPB3,Aldehyde dehydrogenase 1A1,,,,DNN(ECFP6),Homo sapiens,0.06,,,86
Abrine,Abrus precatorius,160511.0,CN[C@H](C(=O)O)Cc1c[nH]c2c1cccc2,PPB3,ATP-dependent DNA helicase Q1,,,,DNN(ECFP6),Homo sapiens,0.06,,,87
Abrine,Abrus precatorius,160511.0,CN[C@H](C(=O)O)Cc1c[nH]c2c1cccc2,PPB3,SLC16A10 protein,,,,DNN(AtomPair),Homo sapiens,0.98,,,88
Abrine,Abrus precatorius,160511.0,CN[C@H](C(=O)O)Cc1c[nH]c2c1cccc2,PPB3,Solute carrier organic anion transporter family member 1B3,,,,DNN(AtomPair),Homo sapiens,0.34,,,89
Abrine,Abrus precatorius,160511.0,CN[C@H](C(=O)O)Cc1c[nH]c2c1cccc2,PPB3,Solute carrier organic anion transporter family member 1B1,,,,DNN(AtomPair),Homo sapiens,0.29,,,90
Abrine,Abrus precatorius,160511.0,CN[C@H](C(=O)O)Cc1c[nH]c2c1cccc2,PPB3,Bloom syndrome protein,,,,DNN(AtomPair),Homo sapiens,0.13,,,91
Abrine,Abrus precatorius,160511.0,CN[C@H](C(=O)O)Cc1c[nH]c2c1cccc2,PPB3,Serotonin 2a (5-HT2a) receptor,,,,DNN(AtomPair),Homo sapiens,0.11,,,92
Abrine,Abrus precatorius,160511.0,CN[C@H](C(=O)O)Cc1c[nH]c2c1cccc2,PPB3,Prelamin-A/C,,,,DNN(AtomPair),Homo sapiens,0.09,,,93
Abrine,Abrus precatorius,160511.0,CN[C@H](C(=O)O)Cc1c[nH]c2c1cccc2,PPB3,Survival motor neuron protein,,,,DNN(AtomPair),Homo sapiens,0.07,,,94
Abrine,Abrus precatorius,160511.0,CN[C@H](C(=O)O)Cc1c[nH]c2c1cccc2,PPB3,Cytochrome P450 2C19,,,,DNN(AtomPair),Homo sapiens,0.06,,,95
Abrine,Abrus precatorius,160511.0,CN[C@H](C(=O)O)Cc1c[nH]c2c1cccc2,PPB3,Serotonin 2c (5-HT2c) receptor,,,,DNN(AtomPair),Homo sapiens,0.06,,,96
Abrine,Abrus precatorius,160511.0,CN[C@H](C(=O)O)Cc1c[nH]c2c1cccc2,PPB3,Thyroid stimulating hormone receptor,,,,DNN(AtomPair),Homo sapiens,0.06,,,97
Abrine,Abrus precatorius,160511.0,CN[C@H](C(=O)O)Cc1c[nH]c2c1cccc2,PPB3,Microtubule-associated protein tau,,,,DNN(AtomPair),Homo sapiens,0.06,,,98
Abrine,Abrus precatorius,160511.0,CN[C@H](C(=O)O)Cc1c[nH]c2c1cccc2,PPB3,Alpha-2a adrenergic receptor,,,,DNN(AtomPair),Homo sapiens,0.05,,,99
Abrine,Abrus precatorius,160511.0,CN[C@H](C(=O)O)Cc1c[nH]c2c1cccc2,PPB3,Alpha-1a adrenergic receptor,,,,DNN(AtomPair),Homo sapiens,0.05,,,100
Abrine,Abrus precatorius,160511.0,CN[C@H](C(=O)O)Cc1c[nH]c2c1cccc2,PPB3,SLC16A10 protein,,,,Consensus,Homo sapiens,1.0,,,101
Abrine,Abrus precatorius,160511.0,CN[C@H](C(=O)O)Cc1c[nH]c2c1cccc2,PPB3,Solute carrier organic anion transporter family member 1B1,,,,Consensus,Homo sapiens,0.99,,,102
Abrine,Abrus precatorius,160511.0,CN[C@H](C(=O)O)Cc1c[nH]c2c1cccc2,PPB3,Solute carrier organic anion transporter family member 1B3,,,,Consensus,Homo sapiens,0.99,,,103
Abrine,Abrus precatorius,160511.0,CN[C@H](C(=O)O)Cc1c[nH]c2c1cccc2,PPB3,Microtubule-associated protein tau,,,,Consensus,Homo sapiens,0.22,,,104
Abrine,Abrus precatorius,160511.0,CN[C@H](C(=O)O)Cc1c[nH]c2c1cccc2,PPB3,Prelamin-A/C,,,,Consensus,Homo sapiens,0.2,,,105
Abrine,Abrus precatorius,160511.0,CN[C@H](C(=O)O)Cc1c[nH]c2c1cccc2,PPB3,Survival motor neuron protein,,,,Consensus,Homo sapiens,0.17,,,106
Abrine,Abrus precatorius,160511.0,CN[C@H](C(=O)O)Cc1c[nH]c2c1cccc2,PPB3,Bloom syndrome protein,,,,Consensus,Homo sapiens,0.13,,,107
Abrine,Abrus precatorius,160511.0,CN[C@H](C(=O)O)Cc1c[nH]c2c1cccc2,PPB3,Thyroid stimulating hormone receptor,,,,Consensus,Homo sapiens,0.13,,,108
Abrine,Abrus precatorius,160511.0,CN[C@H](C(=O)O)Cc1c[nH]c2c1cccc2,PPB3,Cytochrome P450 1A2,,,,Consensus,Homo sapiens,0.12,,,109
Abrine,Abrus precatorius,160511.0,CN[C@H](C(=O)O)Cc1c[nH]c2c1cccc2,PPB3,Cytochrome P450 2C19,,,,Consensus,Homo sapiens,0.12,,,110
Abrine,Abrus precatorius,160511.0,CN[C@H](C(=O)O)Cc1c[nH]c2c1cccc2,PPB3,Serotonin 2a (5-HT2a) receptor,,,,Consensus,Homo sapiens,0.11,,,111
Abrine,Abrus precatorius,160511.0,CN[C@H](C(=O)O)Cc1c[nH]c2c1cccc2,PPB3,Angiotensin-converting enzyme,,,,Consensus,Homo sapiens,0.1,,,112
Abrine,Abrus precatorius,160511.0,CN[C@H](C(=O)O)Cc1c[nH]c2c1cccc2,PPB3,Arachidonate 5-lipoxygenase,,,,Consensus,Homo sapiens,0.09,,,113
Abrine,Abrus precatorius,160511.0,CN[C@H](C(=O)O)Cc1c[nH]c2c1cccc2,PPB3,Cytochrome P450 2C9,,,,Consensus,Homo sapiens,0.08,,,114
Abruquinone A,Abrus precatorius,172847.0,COC1=C(OC)C(=O)C(C2COc3cc(OC)c(OC)cc3C2)=CC1=O,PPB3,Arachidonate 5-lipoxygenase,,,,DNN(ECFP4+MHFP6),Homo sapiens,0.15,,,1
Abruquinone A,Abrus precatorius,172847.0,COC1=C(OC)C(=O)C(C2COc3cc(OC)c(OC)cc3C2)=CC1=O,PPB3,LNCaP,,,,DNN(ECFP4+MHFP6),Homo sapiens,0.09,,,2
Abruquinone A,Abrus precatorius,172847.0,COC1=C(OC)C(=O)C(C2COc3cc(OC)c(OC)cc3C2)=CC1=O,PPB3,Solute carrier organic anion transporter family member 1B1,,,,DNN(ECFP4+MHFP6),Homo sapiens,0.09,,,3
Abruquinone A,Abrus precatorius,172847.0,COC1=C(OC)C(=O)C(C2COc3cc(OC)c(OC)cc3C2)=CC1=O,PPB3,Solute carrier organic anion transporter family member 1B3,,,,DNN(ECFP4+MHFP6),Homo sapiens,0.08,,,4
Abruquinone A,Abrus precatorius,172847.0,COC1=C(OC)C(=O)C(C2COc3cc(OC)c(OC)cc3C2)=CC1=O,PPB3,Prostaglandin E synthase,,,,DNN(ECFP4+MHFP6),Homo sapiens,0.07,,,5
Abruquinone A,Abrus precatorius,172847.0,COC1=C(OC)C(=O)C(C2COc3cc(OC)c(OC)cc3C2)=CC1=O,PPB3,SH-SY5Y,,,,DNN(ECFP4+MHFP6),Homo sapiens,0.05,,,6
Abruquinone A,Abrus precatorius,172847.0,COC1=C(OC)C(=O)C(C2COc3cc(OC)c(OC)cc3C2)=CC1=O,PPB3,Arachidonate 12-lipoxygenase,,,,DNN(ECFP4+MHFP6),Homo sapiens,0.05,,,7
Abruquinone A,Abrus precatorius,172847.0,COC1=C(OC)C(=O)C(C2COc3cc(OC)c(OC)cc3C2)=CC1=O,PPB3,Cytochrome P450 3A4,,,,DNN(ECFP4+MHFP6),Homo sapiens,0.04,,,8
Abruquinone A,Abrus precatorius,172847.0,COC1=C(OC)C(=O)C(C2COc3cc(OC)c(OC)cc3C2)=CC1=O,PPB3,DLD-1,,,,DNN(ECFP4+MHFP6),Homo sapiens,0.01,,,9
Abruquinone A,Abrus precatorius,172847.0,COC1=C(OC)C(=O)C(C2COc3cc(OC)c(OC)cc3C2)=CC1=O,PPB3,MCF7,,,,DNN(ECFP4+MHFP6),Homo sapiens,0.01,,,10
Abruquinone A,Abrus precatorius,172847.0,COC1=C(OC)C(=O)C(C2COc3cc(OC)c(OC)cc3C2)=CC1=O,PPB3,MIA PaCa-2,,,,DNN(ECFP4+MHFP6),Homo sapiens,0.01,,,11
Abruquinone A,Abrus precatorius,172847.0,COC1=C(OC)C(=O)C(C2COc3cc(OC)c(OC)cc3C2)=CC1=O,PPB3,Arachidonate 15-lipoxygenase,,,,DNN(ECFP4),Homo sapiens,0.08,,,12
Abruquinone A,Abrus precatorius,172847.0,COC1=C(OC)C(=O)C(C2COc3cc(OC)c(OC)cc3C2)=CC1=O,PPB3,Glyceraldehyde-3-phosphate dehydrogenase liver,,,,DNN(ECFP4),Homo sapiens,0.04,,,13
Abruquinone A,Abrus precatorius,172847.0,COC1=C(OC)C(=O)C(C2COc3cc(OC)c(OC)cc3C2)=CC1=O,PPB3,CEM-SS,,,,DNN(ECFP4),Homo sapiens,0.01,,,14
Abruquinone A,Abrus precatorius,172847.0,COC1=C(OC)C(=O)C(C2COc3cc(OC)c(OC)cc3C2)=CC1=O,PPB3,Arachidonate 12-lipoxygenase,,,,DNN(ECFP4),Homo sapiens,0.01,,,15
Abruquinone A,Abrus precatorius,172847.0,COC1=C(OC)C(=O)C(C2COc3cc(OC)c(OC)cc3C2)=CC1=O,PPB3,Estrogen receptor beta,,,,DNN(ECFP4),Homo sapiens,0.0,,,16
Abruquinone A,Abrus precatorius,172847.0,COC1=C(OC)C(=O)C(C2COc3cc(OC)c(OC)cc3C2)=CC1=O,PPB3,Quinone reductase 1,,,,DNN(ECFP4),Homo sapiens,0.0,,,17
Abruquinone A,Abrus precatorius,172847.0,COC1=C(OC)C(=O)C(C2COc3cc(OC)c(OC)cc3C2)=CC1=O,PPB3,Histone deacetylase 1,,,,DNN(ECFP4),Homo sapiens,0.0,,,18
Abruquinone A,Abrus precatorius,172847.0,COC1=C(OC)C(=O)C(C2COc3cc(OC)c(OC)cc3C2)=CC1=O,PPB3,HL-60,,,,DNN(RDKit),Homo sapiens,0.07,,,19
Abruquinone A,Abrus precatorius,172847.0,COC1=C(OC)C(=O)C(C2COc3cc(OC)c(OC)cc3C2)=CC1=O,PPB3,HepG2,,,,DNN(RDKit),Homo sapiens,0.05,,,20
Abruquinone A,Abrus precatorius,172847.0,COC1=C(OC)C(=O)C(C2COc3cc(OC)c(OC)cc3C2)=CC1=O,PPB3,A549,,,,DNN(RDKit),Homo sapiens,0.02,,,21
Abruquinone A,Abrus precatorius,172847.0,COC1=C(OC)C(=O)C(C2COc3cc(OC)c(OC)cc3C2)=CC1=O,PPB3,Acetylcholinesterase,,,,DNN(RDKit),Homo sapiens,0.02,,,22
Abruquinone A,Abrus precatorius,172847.0,COC1=C(OC)C(=O)C(C2COc3cc(OC)c(OC)cc3C2)=CC1=O,PPB3,MCF7,,,,DNN(RDKit),Homo sapiens,0.01,,,23
Abruquinone A,Abrus precatorius,172847.0,COC1=C(OC)C(=O)C(C2COc3cc(OC)c(OC)cc3C2)=CC1=O,PPB3,Estrogen receptor alpha,,,,DNN(RDKit),Homo sapiens,0.01,,,24
Abruquinone A,Abrus precatorius,172847.0,COC1=C(OC)C(=O)C(C2COc3cc(OC)c(OC)cc3C2)=CC1=O,PPB3,NB-4,,,,DNN(RDKit),Homo sapiens,0.01,,,25
Abruquinone A,Abrus precatorius,172847.0,COC1=C(OC)C(=O)C(C2COc3cc(OC)c(OC)cc3C2)=CC1=O,PPB3,HUVEC,,,,DNN(RDKit),Homo sapiens,0.01,,,26
Abruquinone A,Abrus precatorius,172847.0,COC1=C(OC)C(=O)C(C2COc3cc(OC)c(OC)cc3C2)=CC1=O,PPB3,Raji,,,,DNN(RDKit),Homo sapiens,0.01,,,27
Abruquinone A,Abrus precatorius,172847.0,COC1=C(OC)C(=O)C(C2COc3cc(OC)c(OC)cc3C2)=CC1=O,PPB3,HCT-116,,,,DNN(RDKit),Homo sapiens,0.01,,,28
Abruquinone A,Abrus precatorius,172847.0,COC1=C(OC)C(=O)C(C2COc3cc(OC)c(OC)cc3C2)=CC1=O,PPB3,Arachidonate 5-lipoxygenase,,,,DNN(RDKit),Homo sapiens,0.01,,,29
Abruquinone A,Abrus precatorius,172847.0,COC1=C(OC)C(=O)C(C2COc3cc(OC)c(OC)cc3C2)=CC1=O,PPB3,A549,,,,DNN(Layered),Homo sapiens,0.08,,,30
Abruquinone A,Abrus precatorius,172847.0,COC1=C(OC)C(=O)C(C2COc3cc(OC)c(OC)cc3C2)=CC1=O,PPB3,K562,,,,DNN(Layered),Homo sapiens,0.04,,,31
Abruquinone A,Abrus precatorius,172847.0,COC1=C(OC)C(=O)C(C2COc3cc(OC)c(OC)cc3C2)=CC1=O,PPB3,HCT-116,,,,DNN(Layered),Homo sapiens,0.04,,,32
Abruquinone A,Abrus precatorius,172847.0,COC1=C(OC)C(=O)C(C2COc3cc(OC)c(OC)cc3C2)=CC1=O,PPB3,HeLa,,,,DNN(Layered),Homo sapiens,0.03,,,33
Abruquinone A,Abrus precatorius,172847.0,COC1=C(OC)C(=O)C(C2COc3cc(OC)c(OC)cc3C2)=CC1=O,PPB3,PC-3,,,,DNN(Layered),Homo sapiens,0.03,,,34
Abruquinone A,Abrus precatorius,172847.0,COC1=C(OC)C(=O)C(C2COc3cc(OC)c(OC)cc3C2)=CC1=O,PPB3,KB,,,,DNN(Layered),Homo sapiens,0.03,,,35
Abruquinone A,Abrus precatorius,172847.0,COC1=C(OC)C(=O)C(C2COc3cc(OC)c(OC)cc3C2)=CC1=O,PPB3,MCF7,,,,DNN(Layered),Homo sapiens,0.03,,,36
Abruquinone A,Abrus precatorius,172847.0,COC1=C(OC)C(=O)C(C2COc3cc(OC)c(OC)cc3C2)=CC1=O,PPB3,NCI-H460,,,,DNN(Layered),Homo sapiens,0.03,,,37
Abruquinone A,Abrus precatorius,172847.0,COC1=C(OC)C(=O)C(C2COc3cc(OC)c(OC)cc3C2)=CC1=O,PPB3,P-glycoprotein 1,,,,DNN(Layered),Homo sapiens,0.02,,,38
Abruquinone A,Abrus precatorius,172847.0,COC1=C(OC)C(=O)C(C2COc3cc(OC)c(OC)cc3C2)=CC1=O,PPB3,MDA-MB-231,,,,DNN(Layered),Homo sapiens,0.02,,,39
Abruquinone A,Abrus precatorius,172847.0,COC1=C(OC)C(=O)C(C2COc3cc(OC)c(OC)cc3C2)=CC1=O,PPB3,HepG2,,,,DNN(Layered),Homo sapiens,0.02,,,40
Abruquinone A,Abrus precatorius,172847.0,COC1=C(OC)C(=O)C(C2COc3cc(OC)c(OC)cc3C2)=CC1=O,PPB3,HaCaT,,,,DNN(Layered),Homo sapiens,0.02,,,41
Abruquinone A,Abrus precatorius,172847.0,COC1=C(OC)C(=O)C(C2COc3cc(OC)c(OC)cc3C2)=CC1=O,PPB3,HL-60,,,,DNN(Layered),Homo sapiens,0.02,,,42
Abruquinone A,Abrus precatorius,172847.0,COC1=C(OC)C(=O)C(C2COc3cc(OC)c(OC)cc3C2)=CC1=O,PPB3,Cannabinoid CB2 receptor,,,,DNN(MHFP6),Homo sapiens,0.35,,,43
Abruquinone A,Abrus precatorius,172847.0,COC1=C(OC)C(=O)C(C2COc3cc(OC)c(OC)cc3C2)=CC1=O,PPB3,Arachidonate 5-lipoxygenase,,,,DNN(MHFP6),Homo sapiens,0.06,,,44
Abruquinone A,Abrus precatorius,172847.0,COC1=C(OC)C(=O)C(C2COc3cc(OC)c(OC)cc3C2)=CC1=O,PPB3,HeLa,,,,DNN(MHFP6),Homo sapiens,0.03,,,45
Abruquinone A,Abrus precatorius,172847.0,COC1=C(OC)C(=O)C(C2COc3cc(OC)c(OC)cc3C2)=CC1=O,PPB3,Butyrylcholinesterase,,,,DNN(MHFP6),Homo sapiens,0.01,,,46
Abruquinone A,Abrus precatorius,172847.0,COC1=C(OC)C(=O)C(C2COc3cc(OC)c(OC)cc3C2)=CC1=O,PPB3,MCF7,,,,DNN(MHFP6),Homo sapiens,0.01,,,47
Abruquinone A,Abrus precatorius,172847.0,COC1=C(OC)C(=O)C(C2COc3cc(OC)c(OC)cc3C2)=CC1=O,PPB3,A549,,,,DNN(MHFP6),Homo sapiens,0.01,,,48
Abruquinone A,Abrus precatorius,172847.0,COC1=C(OC)C(=O)C(C2COc3cc(OC)c(OC)cc3C2)=CC1=O,PPB3,HepG2,,,,DNN(MHFP6),Homo sapiens,0.01,,,49
Abruquinone A,Abrus precatorius,172847.0,COC1=C(OC)C(=O)C(C2COc3cc(OC)c(OC)cc3C2)=CC1=O,PPB3,N9,,,,DNN(MHFP6),Homo sapiens,0.01,,,50
Abruquinone A,Abrus precatorius,172847.0,COC1=C(OC)C(=O)C(C2COc3cc(OC)c(OC)cc3C2)=CC1=O,PPB3,KB,,,,DNN(MHFP6),Homo sapiens,0.0,,,51
Abruquinone A,Abrus precatorius,172847.0,COC1=C(OC)C(=O)C(C2COc3cc(OC)c(OC)cc3C2)=CC1=O,PPB3,MDA-MB-231,,,,DNN(MHFP6),Homo sapiens,0.0,,,52
Abruquinone A,Abrus precatorius,172847.0,COC1=C(OC)C(=O)C(C2COc3cc(OC)c(OC)cc3C2)=CC1=O,PPB3,K562,,,,DNN(MHFP6),Homo sapiens,0.0,,,53
Abruquinone A,Abrus precatorius,172847.0,COC1=C(OC)C(=O)C(C2COc3cc(OC)c(OC)cc3C2)=CC1=O,PPB3,U-251,,,,DNN(MHFP6),Homo sapiens,0.0,,,54
Abruquinone A,Abrus precatorius,172847.0,COC1=C(OC)C(=O)C(C2COc3cc(OC)c(OC)cc3C2)=CC1=O,PPB3,SH-SY5Y,,,,DNN(MHFP6),Homo sapiens,0.0,,,55
Abruquinone A,Abrus precatorius,172847.0,COC1=C(OC)C(=O)C(C2COc3cc(OC)c(OC)cc3C2)=CC1=O,PPB3,HaCaT,,,,DNN(MHFP6),Homo sapiens,0.0,,,56
Abruquinone A,Abrus precatorius,172847.0,COC1=C(OC)C(=O)C(C2COc3cc(OC)c(OC)cc3C2)=CC1=O,PPB3,T47D,,,,DNN(MHFP6),Homo sapiens,0.0,,,57
Abruquinone A,Abrus precatorius,172847.0,COC1=C(OC)C(=O)C(C2COc3cc(OC)c(OC)cc3C2)=CC1=O,PPB3,Epoxide hydratase,,,,DNN(MHFP6),Homo sapiens,0.0,,,58
Abruquinone A,Abrus precatorius,172847.0,COC1=C(OC)C(=O)C(C2COc3cc(OC)c(OC)cc3C2)=CC1=O,PPB3,HT-29,,,,DNN(ECFP6),Homo sapiens,0.02,,,59
Abruquinone A,Abrus precatorius,172847.0,COC1=C(OC)C(=O)C(C2COc3cc(OC)c(OC)cc3C2)=CC1=O,PPB3,MCF7,,,,DNN(ECFP6),Homo sapiens,0.02,,,60
Abruquinone A,Abrus precatorius,172847.0,COC1=C(OC)C(=O)C(C2COc3cc(OC)c(OC)cc3C2)=CC1=O,PPB3,HeLa,,,,DNN(ECFP6),Homo sapiens,0.02,,,61
Abruquinone A,Abrus precatorius,172847.0,COC1=C(OC)C(=O)C(C2COc3cc(OC)c(OC)cc3C2)=CC1=O,PPB3,Cytochrome P450 19A1,,,,DNN(ECFP6),Homo sapiens,0.01,,,62
Abruquinone A,Abrus precatorius,172847.0,COC1=C(OC)C(=O)C(C2COc3cc(OC)c(OC)cc3C2)=CC1=O,PPB3,ATP-dependent DNA helicase Q1,,,,DNN(ECFP6),Homo sapiens,0.01,,,63
Abruquinone A,Abrus precatorius,172847.0,COC1=C(OC)C(=O)C(C2COc3cc(OC)c(OC)cc3C2)=CC1=O,PPB3,SW480,,,,DNN(ECFP6),Homo sapiens,0.0,,,64
Abruquinone A,Abrus precatorius,172847.0,COC1=C(OC)C(=O)C(C2COc3cc(OC)c(OC)cc3C2)=CC1=O,PPB3,15-hydroxyprostaglandin dehydrogenase [NAD+],,,,DNN(ECFP6),Homo sapiens,0.0,,,65
Abruquinone A,Abrus precatorius,172847.0,COC1=C(OC)C(=O)C(C2COc3cc(OC)c(OC)cc3C2)=CC1=O,PPB3,A549,,,,DNN(ECFP6),Homo sapiens,0.0,,,66
Abruquinone A,Abrus precatorius,172847.0,COC1=C(OC)C(=O)C(C2COc3cc(OC)c(OC)cc3C2)=CC1=O,PPB3,Ectonucleotide pyrophosphatase/phosphodiesterase family member 1,,,,DNN(ECFP6),Homo sapiens,0.0,,,67
Abruquinone A,Abrus precatorius,172847.0,COC1=C(OC)C(=O)C(C2COc3cc(OC)c(OC)cc3C2)=CC1=O,PPB3,Panel NCI-60 (60 carcinoma cell lines),,,,DNN(ECFP6),Homo sapiens,0.0,,,68
Abruquinone A,Abrus precatorius,172847.0,COC1=C(OC)C(=O)C(C2COc3cc(OC)c(OC)cc3C2)=CC1=O,PPB3,Tyrosyl-DNA phosphodiesterase 1,,,,DNN(ECFP6),Homo sapiens,0.0,,,69
Abruquinone A,Abrus precatorius,172847.0,COC1=C(OC)C(=O)C(C2COc3cc(OC)c(OC)cc3C2)=CC1=O,PPB3,Microtubule-associated protein tau,,,,DNN(ECFP6),Homo sapiens,0.0,,,70
Abruquinone A,Abrus precatorius,172847.0,COC1=C(OC)C(=O)C(C2COc3cc(OC)c(OC)cc3C2)=CC1=O,PPB3,Epidermal growth factor receptor erbB1,,,,DNN(ECFP6),Homo sapiens,0.0,,,71
Abruquinone A,Abrus precatorius,172847.0,COC1=C(OC)C(=O)C(C2COc3cc(OC)c(OC)cc3C2)=CC1=O,PPB3,Jurkat,,,,DNN(ECFP6),Homo sapiens,0.0,,,72
Abruquinone A,Abrus precatorius,172847.0,COC1=C(OC)C(=O)C(C2COc3cc(OC)c(OC)cc3C2)=CC1=O,PPB3,Solute carrier organic anion transporter family member 1B1,,,,DNN(AtomPair),Homo sapiens,0.14,,,73
Abruquinone A,Abrus precatorius,172847.0,COC1=C(OC)C(=O)C(C2COc3cc(OC)c(OC)cc3C2)=CC1=O,PPB3,Solute carrier organic anion transporter family member 1B3,,,,DNN(AtomPair),Homo sapiens,0.14,,,74
Abruquinone A,Abrus precatorius,172847.0,COC1=C(OC)C(=O)C(C2COc3cc(OC)c(OC)cc3C2)=CC1=O,PPB3,Cytochrome P450 1A2,,,,DNN(AtomPair),Homo sapiens,0.11,,,75
Abruquinone A,Abrus precatorius,172847.0,COC1=C(OC)C(=O)C(C2COc3cc(OC)c(OC)cc3C2)=CC1=O,PPB3,HL-60,,,,DNN(AtomPair),Homo sapiens,0.06,,,76
Abruquinone A,Abrus precatorius,172847.0,COC1=C(OC)C(=O)C(C2COc3cc(OC)c(OC)cc3C2)=CC1=O,PPB3,KB,,,,DNN(AtomPair),Homo sapiens,0.05,,,77
Abruquinone A,Abrus precatorius,172847.0,COC1=C(OC)C(=O)C(C2COc3cc(OC)c(OC)cc3C2)=CC1=O,PPB3,HT-29,,,,DNN(AtomPair),Homo sapiens,0.05,,,78
Abruquinone A,Abrus precatorius,172847.0,COC1=C(OC)C(=O)C(C2COc3cc(OC)c(OC)cc3C2)=CC1=O,PPB3,K562,,,,DNN(AtomPair),Homo sapiens,0.04,,,79
Abruquinone A,Abrus precatorius,172847.0,COC1=C(OC)C(=O)C(C2COc3cc(OC)c(OC)cc3C2)=CC1=O,PPB3,HepG2,,,,DNN(AtomPair),Homo sapiens,0.04,,,80
Abruquinone A,Abrus precatorius,172847.0,COC1=C(OC)C(=O)C(C2COc3cc(OC)c(OC)cc3C2)=CC1=O,PPB3,Cytochrome P450 19A1,,,,DNN(AtomPair),Homo sapiens,0.03,,,81
Abruquinone A,Abrus precatorius,172847.0,COC1=C(OC)C(=O)C(C2COc3cc(OC)c(OC)cc3C2)=CC1=O,PPB3,MDA-MB-231,,,,DNN(AtomPair),Homo sapiens,0.03,,,82
Abruquinone A,Abrus precatorius,172847.0,COC1=C(OC)C(=O)C(C2COc3cc(OC)c(OC)cc3C2)=CC1=O,PPB3,Cytochrome P450 1A1,,,,DNN(AtomPair),Homo sapiens,0.03,,,83
Abruquinone A,Abrus precatorius,172847.0,COC1=C(OC)C(=O)C(C2COc3cc(OC)c(OC)cc3C2)=CC1=O,PPB3,Survival motor neuron protein,,,,DNN(AtomPair),Homo sapiens,0.03,,,84
Abruquinone A,Abrus precatorius,172847.0,COC1=C(OC)C(=O)C(C2COc3cc(OC)c(OC)cc3C2)=CC1=O,PPB3,NCI-H460,,,,DNN(AtomPair),Homo sapiens,0.03,,,85
Abruquinone A,Abrus precatorius,172847.0,COC1=C(OC)C(=O)C(C2COc3cc(OC)c(OC)cc3C2)=CC1=O,PPB3,Cannabinoid CB2 receptor,,,,Consensus,Homo sapiens,0.35,,,86
Abruquinone A,Abrus precatorius,172847.0,COC1=C(OC)C(=O)C(C2COc3cc(OC)c(OC)cc3C2)=CC1=O,PPB3,Arachidonate 5-lipoxygenase,,,,Consensus,Homo sapiens,0.15,,,87
Abruquinone A,Abrus precatorius,172847.0,COC1=C(OC)C(=O)C(C2COc3cc(OC)c(OC)cc3C2)=CC1=O,PPB3,Solute carrier organic anion transporter family member 1B1,,,,Consensus,Homo sapiens,0.14,,,88
Abruquinone A,Abrus precatorius,172847.0,COC1=C(OC)C(=O)C(C2COc3cc(OC)c(OC)cc3C2)=CC1=O,PPB3,Solute carrier organic anion transporter family member 1B3,,,,Consensus,Homo sapiens,0.14,,,89
Abruquinone A,Abrus precatorius,172847.0,COC1=C(OC)C(=O)C(C2COc3cc(OC)c(OC)cc3C2)=CC1=O,PPB3,Cytochrome P450 1A2,,,,Consensus,Homo sapiens,0.11,,,90
Abruquinone A,Abrus precatorius,172847.0,COC1=C(OC)C(=O)C(C2COc3cc(OC)c(OC)cc3C2)=CC1=O,PPB3,LNCaP,,,,Consensus,Homo sapiens,0.09,,,91
Abruquinone A,Abrus precatorius,172847.0,COC1=C(OC)C(=O)C(C2COc3cc(OC)c(OC)cc3C2)=CC1=O,PPB3,A549,,,,Consensus,Homo sapiens,0.08,,,92
Abruquinone A,Abrus precatorius,172847.0,COC1=C(OC)C(=O)C(C2COc3cc(OC)c(OC)cc3C2)=CC1=O,PPB3,Arachidonate 15-lipoxygenase,,,,Consensus,Homo sapiens,0.08,,,93
Abruquinone A,Abrus precatorius,172847.0,COC1=C(OC)C(=O)C(C2COc3cc(OC)c(OC)cc3C2)=CC1=O,PPB3,HL-60,,,,Consensus,Homo sapiens,0.07,,,94
Abruquinone A,Abrus precatorius,172847.0,COC1=C(OC)C(=O)C(C2COc3cc(OC)c(OC)cc3C2)=CC1=O,PPB3,Prostaglandin E synthase,,,,Consensus,Homo sapiens,0.07,,,95
Abruquinone B,Abrus precatorius,3009614.0,COC1=C(OC)C(=O)C(C2COc3c(cc(OC)c(OC)c3OC)C2)=CC1=O,PPB3,HeLa,,,,DNN(ECFP4+MHFP6),Homo sapiens,0.04,,,1
Abruquinone B,Abrus precatorius,3009614.0,COC1=C(OC)C(=O)C(C2COc3c(cc(OC)c(OC)c3OC)C2)=CC1=O,PPB3,KB,,,,DNN(ECFP4+MHFP6),Homo sapiens,0.02,,,2
Abruquinone B,Abrus precatorius,3009614.0,COC1=C(OC)C(=O)C(C2COc3c(cc(OC)c(OC)c3OC)C2)=CC1=O,PPB3,HepG2,,,,DNN(ECFP4+MHFP6),Homo sapiens,0.02,,,3
Abruquinone B,Abrus precatorius,3009614.0,COC1=C(OC)C(=O)C(C2COc3c(cc(OC)c(OC)c3OC)C2)=CC1=O,PPB3,Butyrylcholinesterase,,,,DNN(ECFP4+MHFP6),Homo sapiens,0.0,,,4
Abruquinone B,Abrus precatorius,3009614.0,COC1=C(OC)C(=O)C(C2COc3c(cc(OC)c(OC)c3OC)C2)=CC1=O,PPB3,NFF,,,,DNN(ECFP4+MHFP6),Homo sapiens,0.0,,,5
Abruquinone B,Abrus precatorius,3009614.0,COC1=C(OC)C(=O)C(C2COc3c(cc(OC)c(OC)c3OC)C2)=CC1=O,PPB3,MDA-MB-435,,,,DNN(ECFP4+MHFP6),Homo sapiens,0.0,,,6
Abruquinone B,Abrus precatorius,3009614.0,COC1=C(OC)C(=O)C(C2COc3c(cc(OC)c(OC)c3OC)C2)=CC1=O,PPB3,NCI-H1975,,,,DNN(ECFP4+MHFP6),Homo sapiens,0.0,,,7
Abruquinone B,Abrus precatorius,3009614.0,COC1=C(OC)C(=O)C(C2COc3c(cc(OC)c(OC)c3OC)C2)=CC1=O,PPB3,MCF7,,,,DNN(ECFP4+MHFP6),Homo sapiens,0.0,,,8
Abruquinone B,Abrus precatorius,3009614.0,COC1=C(OC)C(=O)C(C2COc3c(cc(OC)c(OC)c3OC)C2)=CC1=O,PPB3,Microtubule-associated protein tau,,,,DNN(ECFP4+MHFP6),Homo sapiens,0.0,,,9
Abruquinone B,Abrus precatorius,3009614.0,COC1=C(OC)C(=O)C(C2COc3c(cc(OC)c(OC)c3OC)C2)=CC1=O,PPB3,Serotonin 1a (5-HT1a) receptor,,,,DNN(ECFP4+MHFP6),Homo sapiens,0.0,,,10
Abruquinone B,Abrus precatorius,3009614.0,COC1=C(OC)C(=O)C(C2COc3c(cc(OC)c(OC)c3OC)C2)=CC1=O,PPB3,Acetylcholinesterase,,,,DNN(ECFP4),Homo sapiens,0.01,,,11
Abruquinone B,Abrus precatorius,3009614.0,COC1=C(OC)C(=O)C(C2COc3c(cc(OC)c(OC)c3OC)C2)=CC1=O,PPB3,MDA-MB-231,,,,DNN(ECFP4),Homo sapiens,0.01,,,12
Abruquinone B,Abrus precatorius,3009614.0,COC1=C(OC)C(=O)C(C2COc3c(cc(OC)c(OC)c3OC)C2)=CC1=O,PPB3,MCF7,,,,DNN(ECFP4),Homo sapiens,0.01,,,13
Abruquinone B,Abrus precatorius,3009614.0,COC1=C(OC)C(=O)C(C2COc3c(cc(OC)c(OC)c3OC)C2)=CC1=O,PPB3,Panel NCI-60 (60 carcinoma cell lines),,,,DNN(ECFP4),Homo sapiens,0.01,,,14
Abruquinone B,Abrus precatorius,3009614.0,COC1=C(OC)C(=O)C(C2COc3c(cc(OC)c(OC)c3OC)C2)=CC1=O,PPB3,PC-3,,,,DNN(ECFP4),Homo sapiens,0.01,,,15
Abruquinone B,Abrus precatorius,3009614.0,COC1=C(OC)C(=O)C(C2COc3c(cc(OC)c(OC)c3OC)C2)=CC1=O,PPB3,KB,,,,DNN(ECFP4),Homo sapiens,0.01,,,16
Abruquinone B,Abrus precatorius,3009614.0,COC1=C(OC)C(=O)C(C2COc3c(cc(OC)c(OC)c3OC)C2)=CC1=O,PPB3,K562,,,,DNN(ECFP4),Homo sapiens,0.01,,,17
Abruquinone B,Abrus precatorius,3009614.0,COC1=C(OC)C(=O)C(C2COc3c(cc(OC)c(OC)c3OC)C2)=CC1=O,PPB3,HeLa,,,,DNN(ECFP4),Homo sapiens,0.01,,,18
Abruquinone B,Abrus precatorius,3009614.0,COC1=C(OC)C(=O)C(C2COc3c(cc(OC)c(OC)c3OC)C2)=CC1=O,PPB3,HCT-116,,,,DNN(ECFP4),Homo sapiens,0.01,,,19
Abruquinone B,Abrus precatorius,3009614.0,COC1=C(OC)C(=O)C(C2COc3c(cc(OC)c(OC)c3OC)C2)=CC1=O,PPB3,HL-60,,,,DNN(RDKit),Homo sapiens,0.06,,,20
Abruquinone B,Abrus precatorius,3009614.0,COC1=C(OC)C(=O)C(C2COc3c(cc(OC)c(OC)c3OC)C2)=CC1=O,PPB3,MCF7,,,,DNN(RDKit),Homo sapiens,0.03,,,21
Abruquinone B,Abrus precatorius,3009614.0,COC1=C(OC)C(=O)C(C2COc3c(cc(OC)c(OC)c3OC)C2)=CC1=O,PPB3,HepG2,,,,DNN(RDKit),Homo sapiens,0.03,,,22
Abruquinone B,Abrus precatorius,3009614.0,COC1=C(OC)C(=O)C(C2COc3c(cc(OC)c(OC)c3OC)C2)=CC1=O,PPB3,A549,,,,DNN(RDKit),Homo sapiens,0.02,,,23
Abruquinone B,Abrus precatorius,3009614.0,COC1=C(OC)C(=O)C(C2COc3c(cc(OC)c(OC)c3OC)C2)=CC1=O,PPB3,HUVEC,,,,DNN(RDKit),Homo sapiens,0.02,,,24
Abruquinone B,Abrus precatorius,3009614.0,COC1=C(OC)C(=O)C(C2COc3c(cc(OC)c(OC)c3OC)C2)=CC1=O,PPB3,HeLa,,,,DNN(RDKit),Homo sapiens,0.01,,,25
Abruquinone B,Abrus precatorius,3009614.0,COC1=C(OC)C(=O)C(C2COc3c(cc(OC)c(OC)c3OC)C2)=CC1=O,PPB3,MDA-MB-231,,,,DNN(RDKit),Homo sapiens,0.01,,,26
Abruquinone B,Abrus precatorius,3009614.0,COC1=C(OC)C(=O)C(C2COc3c(cc(OC)c(OC)c3OC)C2)=CC1=O,PPB3,PC-3,,,,DNN(RDKit),Homo sapiens,0.01,,,27
Abruquinone B,Abrus precatorius,3009614.0,COC1=C(OC)C(=O)C(C2COc3c(cc(OC)c(OC)c3OC)C2)=CC1=O,PPB3,Raji,,,,DNN(RDKit),Homo sapiens,0.01,,,28
Abruquinone B,Abrus precatorius,3009614.0,COC1=C(OC)C(=O)C(C2COc3c(cc(OC)c(OC)c3OC)C2)=CC1=O,PPB3,HCT-116,,,,DNN(RDKit),Homo sapiens,0.01,,,29
Abruquinone B,Abrus precatorius,3009614.0,COC1=C(OC)C(=O)C(C2COc3c(cc(OC)c(OC)c3OC)C2)=CC1=O,PPB3,A549,,,,DNN(Layered),Homo sapiens,0.2,,,30
Abruquinone B,Abrus precatorius,3009614.0,COC1=C(OC)C(=O)C(C2COc3c(cc(OC)c(OC)c3OC)C2)=CC1=O,PPB3,KB,,,,DNN(Layered),Homo sapiens,0.17,,,31
Abruquinone B,Abrus precatorius,3009614.0,COC1=C(OC)C(=O)C(C2COc3c(cc(OC)c(OC)c3OC)C2)=CC1=O,PPB3,MCF7,,,,DNN(Layered),Homo sapiens,0.13,,,32
Abruquinone B,Abrus precatorius,3009614.0,COC1=C(OC)C(=O)C(C2COc3c(cc(OC)c(OC)c3OC)C2)=CC1=O,PPB3,K562,,,,DNN(Layered),Homo sapiens,0.07,,,33
Abruquinone B,Abrus precatorius,3009614.0,COC1=C(OC)C(=O)C(C2COc3c(cc(OC)c(OC)c3OC)C2)=CC1=O,PPB3,PC-3,,,,DNN(Layered),Homo sapiens,0.07,,,34
Abruquinone B,Abrus precatorius,3009614.0,COC1=C(OC)C(=O)C(C2COc3c(cc(OC)c(OC)c3OC)C2)=CC1=O,PPB3,HL-60,,,,DNN(Layered),Homo sapiens,0.06,,,35
Abruquinone B,Abrus precatorius,3009614.0,COC1=C(OC)C(=O)C(C2COc3c(cc(OC)c(OC)c3OC)C2)=CC1=O,PPB3,MDA-MB-231,,,,DNN(Layered),Homo sapiens,0.06,,,36
Abruquinone B,Abrus precatorius,3009614.0,COC1=C(OC)C(=O)C(C2COc3c(cc(OC)c(OC)c3OC)C2)=CC1=O,PPB3,HepG2,,,,DNN(Layered),Homo sapiens,0.05,,,37
Abruquinone B,Abrus precatorius,3009614.0,COC1=C(OC)C(=O)C(C2COc3c(cc(OC)c(OC)c3OC)C2)=CC1=O,PPB3,HeLa,,,,DNN(Layered),Homo sapiens,0.05,,,38
Abruquinone B,Abrus precatorius,3009614.0,COC1=C(OC)C(=O)C(C2COc3c(cc(OC)c(OC)c3OC)C2)=CC1=O,PPB3,HCT-116,,,,DNN(Layered),Homo sapiens,0.04,,,39
Abruquinone B,Abrus precatorius,3009614.0,COC1=C(OC)C(=O)C(C2COc3c(cc(OC)c(OC)c3OC)C2)=CC1=O,PPB3,KB,,,,DNN(MHFP6),Homo sapiens,0.03,,,40
Abruquinone B,Abrus precatorius,3009614.0,COC1=C(OC)C(=O)C(C2COc3c(cc(OC)c(OC)c3OC)C2)=CC1=O,PPB3,Cannabinoid CB2 receptor,,,,DNN(MHFP6),Homo sapiens,0.03,,,41
Abruquinone B,Abrus precatorius,3009614.0,COC1=C(OC)C(=O)C(C2COc3c(cc(OC)c(OC)c3OC)C2)=CC1=O,PPB3,NCI-H187,,,,DNN(MHFP6),Homo sapiens,0.01,,,42
Abruquinone B,Abrus precatorius,3009614.0,COC1=C(OC)C(=O)C(C2COc3c(cc(OC)c(OC)c3OC)C2)=CC1=O,PPB3,U-251,,,,DNN(MHFP6),Homo sapiens,0.01,,,43
Abruquinone B,Abrus precatorius,3009614.0,COC1=C(OC)C(=O)C(C2COc3c(cc(OC)c(OC)c3OC)C2)=CC1=O,PPB3,Cathepsin L2,,,,DNN(MHFP6),Homo sapiens,0.01,,,44
Abruquinone B,Abrus precatorius,3009614.0,COC1=C(OC)C(=O)C(C2COc3c(cc(OC)c(OC)c3OC)C2)=CC1=O,PPB3,M14,,,,DNN(MHFP6),Homo sapiens,0.0,,,45
Abruquinone B,Abrus precatorius,3009614.0,COC1=C(OC)C(=O)C(C2COc3c(cc(OC)c(OC)c3OC)C2)=CC1=O,PPB3,Quinone reductase 2,,,,DNN(MHFP6),Homo sapiens,0.0,,,46
Abruquinone B,Abrus precatorius,3009614.0,COC1=C(OC)C(=O)C(C2COc3c(cc(OC)c(OC)c3OC)C2)=CC1=O,PPB3,MIA PaCa-2,,,,DNN(MHFP6),Homo sapiens,0.0,,,47
Abruquinone B,Abrus precatorius,3009614.0,COC1=C(OC)C(=O)C(C2COc3c(cc(OC)c(OC)c3OC)C2)=CC1=O,PPB3,MDA-MB-231,,,,DNN(MHFP6),Homo sapiens,0.0,,,48
Abruquinone B,Abrus precatorius,3009614.0,COC1=C(OC)C(=O)C(C2COc3c(cc(OC)c(OC)c3OC)C2)=CC1=O,PPB3,HT-29,,,,DNN(MHFP6),Homo sapiens,0.0,,,49
Abruquinone B,Abrus precatorius,3009614.0,COC1=C(OC)C(=O)C(C2COc3c(cc(OC)c(OC)c3OC)C2)=CC1=O,PPB3,HeLa,,,,DNN(MHFP6),Homo sapiens,0.0,,,50
Abruquinone B,Abrus precatorius,3009614.0,COC1=C(OC)C(=O)C(C2COc3c(cc(OC)c(OC)c3OC)C2)=CC1=O,PPB3,PBMC,,,,DNN(MHFP6),Homo sapiens,0.0,,,51
Abruquinone B,Abrus precatorius,3009614.0,COC1=C(OC)C(=O)C(C2COc3c(cc(OC)c(OC)c3OC)C2)=CC1=O,PPB3,HEK293,,,,DNN(MHFP6),Homo sapiens,0.0,,,52
Abruquinone B,Abrus precatorius,3009614.0,COC1=C(OC)C(=O)C(C2COc3c(cc(OC)c(OC)c3OC)C2)=CC1=O,PPB3,Arachidonate 5-lipoxygenase,,,,DNN(MHFP6),Homo sapiens,0.0,,,53
Abruquinone B,Abrus precatorius,3009614.0,COC1=C(OC)C(=O)C(C2COc3c(cc(OC)c(OC)c3OC)C2)=CC1=O,PPB3,MCF7,,,,DNN(MHFP6),Homo sapiens,0.0,,,54
Abruquinone B,Abrus precatorius,3009614.0,COC1=C(OC)C(=O)C(C2COc3c(cc(OC)c(OC)c3OC)C2)=CC1=O,PPB3,KB,,,,DNN(ECFP6),Homo sapiens,0.03,,,55
Abruquinone B,Abrus precatorius,3009614.0,COC1=C(OC)C(=O)C(C2COc3c(cc(OC)c(OC)c3OC)C2)=CC1=O,PPB3,A-431,,,,DNN(ECFP6),Homo sapiens,0.02,,,56
Abruquinone B,Abrus precatorius,3009614.0,COC1=C(OC)C(=O)C(C2COc3c(cc(OC)c(OC)c3OC)C2)=CC1=O,PPB3,HUVEC,,,,DNN(ECFP6),Homo sapiens,0.01,,,57
Abruquinone B,Abrus precatorius,3009614.0,COC1=C(OC)C(=O)C(C2COc3c(cc(OC)c(OC)c3OC)C2)=CC1=O,PPB3,Arachidonate 5-lipoxygenase,,,,DNN(ECFP6),Homo sapiens,0.0,,,58
Abruquinone B,Abrus precatorius,3009614.0,COC1=C(OC)C(=O)C(C2COc3c(cc(OC)c(OC)c3OC)C2)=CC1=O,PPB3,Prelamin-A/C,,,,DNN(ECFP6),Homo sapiens,0.0,,,59
Abruquinone B,Abrus precatorius,3009614.0,COC1=C(OC)C(=O)C(C2COc3c(cc(OC)c(OC)c3OC)C2)=CC1=O,PPB3,HeLa,,,,DNN(ECFP6),Homo sapiens,0.0,,,60
Abruquinone B,Abrus precatorius,3009614.0,COC1=C(OC)C(=O)C(C2COc3c(cc(OC)c(OC)c3OC)C2)=CC1=O,PPB3,Microtubule-associated protein tau,,,,DNN(ECFP6),Homo sapiens,0.0,,,61
Abruquinone B,Abrus precatorius,3009614.0,COC1=C(OC)C(=O)C(C2COc3c(cc(OC)c(OC)c3OC)C2)=CC1=O,PPB3,MCF7,,,,DNN(ECFP6),Homo sapiens,0.0,,,62
Abruquinone B,Abrus precatorius,3009614.0,COC1=C(OC)C(=O)C(C2COc3c(cc(OC)c(OC)c3OC)C2)=CC1=O,PPB3,A549,,,,DNN(ECFP6),Homo sapiens,0.0,,,63
Abruquinone B,Abrus precatorius,3009614.0,COC1=C(OC)C(=O)C(C2COc3c(cc(OC)c(OC)c3OC)C2)=CC1=O,PPB3,KB,,,,DNN(AtomPair),Homo sapiens,0.3,,,64
Abruquinone B,Abrus precatorius,3009614.0,COC1=C(OC)C(=O)C(C2COc3c(cc(OC)c(OC)c3OC)C2)=CC1=O,PPB3,HL-60,,,,DNN(AtomPair),Homo sapiens,0.14,,,65
Abruquinone B,Abrus precatorius,3009614.0,COC1=C(OC)C(=O)C(C2COc3c(cc(OC)c(OC)c3OC)C2)=CC1=O,PPB3,MDA-MB-231,,,,DNN(AtomPair),Homo sapiens,0.08,,,66
Abruquinone B,Abrus precatorius,3009614.0,COC1=C(OC)C(=O)C(C2COc3c(cc(OC)c(OC)c3OC)C2)=CC1=O,PPB3,A549,,,,DNN(AtomPair),Homo sapiens,0.06,,,67
Abruquinone B,Abrus precatorius,3009614.0,COC1=C(OC)C(=O)C(C2COc3c(cc(OC)c(OC)c3OC)C2)=CC1=O,PPB3,HT-29,,,,DNN(AtomPair),Homo sapiens,0.04,,,68
Abruquinone B,Abrus precatorius,3009614.0,COC1=C(OC)C(=O)C(C2COc3c(cc(OC)c(OC)c3OC)C2)=CC1=O,PPB3,SF-295,,,,DNN(AtomPair),Homo sapiens,0.04,,,69
Abruquinone B,Abrus precatorius,3009614.0,COC1=C(OC)C(=O)C(C2COc3c(cc(OC)c(OC)c3OC)C2)=CC1=O,PPB3,A498,,,,DNN(AtomPair),Homo sapiens,0.03,,,70
Abruquinone B,Abrus precatorius,3009614.0,COC1=C(OC)C(=O)C(C2COc3c(cc(OC)c(OC)c3OC)C2)=CC1=O,PPB3,K562,,,,DNN(AtomPair),Homo sapiens,0.03,,,71
Abruquinone B,Abrus precatorius,3009614.0,COC1=C(OC)C(=O)C(C2COc3c(cc(OC)c(OC)c3OC)C2)=CC1=O,PPB3,PBMC,,,,DNN(AtomPair),Homo sapiens,0.03,,,72
Abruquinone B,Abrus precatorius,3009614.0,COC1=C(OC)C(=O)C(C2COc3c(cc(OC)c(OC)c3OC)C2)=CC1=O,PPB3,Acetylcholinesterase,,,,DNN(AtomPair),Homo sapiens,0.03,,,73
Abruquinone B,Abrus precatorius,3009614.0,COC1=C(OC)C(=O)C(C2COc3c(cc(OC)c(OC)c3OC)C2)=CC1=O,PPB3,Solute carrier organic anion transporter family member 1B1,,,,DNN(AtomPair),Homo sapiens,0.03,,,74
Abruquinone B,Abrus precatorius,3009614.0,COC1=C(OC)C(=O)C(C2COc3c(cc(OC)c(OC)c3OC)C2)=CC1=O,PPB3,HepG2,,,,DNN(AtomPair),Homo sapiens,0.03,,,75
Abruquinone B,Abrus precatorius,3009614.0,COC1=C(OC)C(=O)C(C2COc3c(cc(OC)c(OC)c3OC)C2)=CC1=O,PPB3,HCT-116,,,,DNN(AtomPair),Homo sapiens,0.02,,,76
Abruquinone B,Abrus precatorius,3009614.0,COC1=C(OC)C(=O)C(C2COc3c(cc(OC)c(OC)c3OC)C2)=CC1=O,PPB3,Cytochrome P450 1A2,,,,DNN(AtomPair),Homo sapiens,0.02,,,77
Abruquinone B,Abrus precatorius,3009614.0,COC1=C(OC)C(=O)C(C2COc3c(cc(OC)c(OC)c3OC)C2)=CC1=O,PPB3,HeLa,,,,DNN(AtomPair),Homo sapiens,0.02,,,78
Abruquinone B,Abrus precatorius,3009614.0,COC1=C(OC)C(=O)C(C2COc3c(cc(OC)c(OC)c3OC)C2)=CC1=O,PPB3,KB,,,,Consensus,Homo sapiens,0.3,,,79
Abruquinone B,Abrus precatorius,3009614.0,COC1=C(OC)C(=O)C(C2COc3c(cc(OC)c(OC)c3OC)C2)=CC1=O,PPB3,A549,,,,Consensus,Homo sapiens,0.2,,,80
Abruquinone B,Abrus precatorius,3009614.0,COC1=C(OC)C(=O)C(C2COc3c(cc(OC)c(OC)c3OC)C2)=CC1=O,PPB3,HL-60,,,,Consensus,Homo sapiens,0.14,,,81
Abruquinone B,Abrus precatorius,3009614.0,COC1=C(OC)C(=O)C(C2COc3c(cc(OC)c(OC)c3OC)C2)=CC1=O,PPB3,MCF7,,,,Consensus,Homo sapiens,0.13,,,82
Abruquinone B,Abrus precatorius,3009614.0,COC1=C(OC)C(=O)C(C2COc3c(cc(OC)c(OC)c3OC)C2)=CC1=O,PPB3,MDA-MB-231,,,,Consensus,Homo sapiens,0.08,,,83
Abruquinone B,Abrus precatorius,3009614.0,COC1=C(OC)C(=O)C(C2COc3c(cc(OC)c(OC)c3OC)C2)=CC1=O,PPB3,K562,,,,Consensus,Homo sapiens,0.07,,,84
Abruquinone B,Abrus precatorius,3009614.0,COC1=C(OC)C(=O)C(C2COc3c(cc(OC)c(OC)c3OC)C2)=CC1=O,PPB3,PC-3,,,,Consensus,Homo sapiens,0.07,,,85
Abruquinone B,Abrus precatorius,3009614.0,COC1=C(OC)C(=O)C(C2COc3c(cc(OC)c(OC)c3OC)C2)=CC1=O,PPB3,HepG2,,,,Consensus,Homo sapiens,0.05,,,86
Abruquinone B,Abrus precatorius,3009614.0,COC1=C(OC)C(=O)C(C2COc3c(cc(OC)c(OC)c3OC)C2)=CC1=O,PPB3,HeLa,,,,Consensus,Homo sapiens,0.05,,,87
Abruquinone B,Abrus precatorius,3009614.0,COC1=C(OC)C(=O)C(C2COc3c(cc(OC)c(OC)c3OC)C2)=CC1=O,PPB3,HT-29,,,,Consensus,Homo sapiens,0.04,,,88
Borneol acetate,Abies alba,93009.0,CC(=O)O[C@@H]1C[C@@H]2CC[C@@]1(C)C2(C)C,PPB3,HL-60,,,,DNN(ECFP4+MHFP6),Homo sapiens,0.12,,,1
Borneol acetate,Abies alba,93009.0,CC(=O)O[C@@H]1C[C@@H]2CC[C@@]1(C)C2(C)C,PPB3,Solute carrier organic anion transporter family member 1B1,,,,DNN(ECFP4+MHFP6),Homo sapiens,0.11,,,2
Borneol acetate,Abies alba,93009.0,CC(=O)O[C@@H]1C[C@@H]2CC[C@@]1(C)C2(C)C,PPB3,Solute carrier organic anion transporter family member 1B3,,,,DNN(ECFP4+MHFP6),Homo sapiens,0.08,,,3
Borneol acetate,Abies alba,93009.0,CC(=O)O[C@@H]1C[C@@H]2CC[C@@]1(C)C2(C)C,PPB3,Prelamin-A/C,,,,DNN(ECFP4+MHFP6),Homo sapiens,0.04,,,4
Borneol acetate,Abies alba,93009.0,CC(=O)O[C@@H]1C[C@@H]2CC[C@@]1(C)C2(C)C,PPB3,Aldehyde dehydrogenase 1A1,,,,DNN(ECFP4+MHFP6),Homo sapiens,0.01,,,5
Borneol acetate,Abies alba,93009.0,CC(=O)O[C@@H]1C[C@@H]2CC[C@@]1(C)C2(C)C,PPB3,DNA polymerase beta,,,,DNN(ECFP4+MHFP6),Homo sapiens,0.0,,,6
Borneol acetate,Abies alba,93009.0,CC(=O)O[C@@H]1C[C@@H]2CC[C@@]1(C)C2(C)C,PPB3,Microtubule-associated protein tau,,,,DNN(ECFP4+MHFP6),Homo sapiens,0.0,,,7
Borneol acetate,Abies alba,93009.0,CC(=O)O[C@@H]1C[C@@H]2CC[C@@]1(C)C2(C)C,PPB3,NAD-dependent protein deacetylase sirtuin-6,,,,DNN(ECFP4+MHFP6),Homo sapiens,0.0,,,8
Borneol acetate,Abies alba,93009.0,CC(=O)O[C@@H]1C[C@@H]2CC[C@@]1(C)C2(C)C,PPB3,Menin/Histone-lysine N-methyltransferase MLL,,,,DNN(ECFP4+MHFP6),Homo sapiens,0.0,,,9
Borneol acetate,Abies alba,93009.0,CC(=O)O[C@@H]1C[C@@H]2CC[C@@]1(C)C2(C)C,PPB3,Heat shock protein HSP 90-alpha,,,,DNN(ECFP4+MHFP6),Homo sapiens,0.0,,,10
Borneol acetate,Abies alba,93009.0,CC(=O)O[C@@H]1C[C@@H]2CC[C@@]1(C)C2(C)C,PPB3,SW872,,,,DNN(ECFP4+MHFP6),Homo sapiens,0.0,,,11
Borneol acetate,Abies alba,93009.0,CC(=O)O[C@@H]1C[C@@H]2CC[C@@]1(C)C2(C)C,PPB3,C8166,,,,DNN(ECFP4+MHFP6),Homo sapiens,0.0,,,12
Borneol acetate,Abies alba,93009.0,CC(=O)O[C@@H]1C[C@@H]2CC[C@@]1(C)C2(C)C,PPB3,A2780,,,,DNN(ECFP4),Homo sapiens,0.27,,,13
Borneol acetate,Abies alba,93009.0,CC(=O)O[C@@H]1C[C@@H]2CC[C@@]1(C)C2(C)C,PPB3,Prelamin-A/C,,,,DNN(ECFP4),Homo sapiens,0.19,,,14
Borneol acetate,Abies alba,93009.0,CC(=O)O[C@@H]1C[C@@H]2CC[C@@]1(C)C2(C)C,PPB3,Solute carrier organic anion transporter family member 1B3,,,,DNN(ECFP4),Homo sapiens,0.18,,,15
Borneol acetate,Abies alba,93009.0,CC(=O)O[C@@H]1C[C@@H]2CC[C@@]1(C)C2(C)C,PPB3,LoVo,,,,DNN(ECFP4),Homo sapiens,0.17,,,16
Borneol acetate,Abies alba,93009.0,CC(=O)O[C@@H]1C[C@@H]2CC[C@@]1(C)C2(C)C,PPB3,Cytochrome P450 2C19,,,,DNN(ECFP4),Homo sapiens,0.16,,,17
Borneol acetate,Abies alba,93009.0,CC(=O)O[C@@H]1C[C@@H]2CC[C@@]1(C)C2(C)C,PPB3,Solute carrier organic anion transporter family member 1B1,,,,DNN(ECFP4),Homo sapiens,0.16,,,18
Borneol acetate,Abies alba,93009.0,CC(=O)O[C@@H]1C[C@@H]2CC[C@@]1(C)C2(C)C,PPB3,MAP kinase ERK2,,,,DNN(ECFP4),Homo sapiens,0.16,,,19
Borneol acetate,Abies alba,93009.0,CC(=O)O[C@@H]1C[C@@H]2CC[C@@]1(C)C2(C)C,PPB3,5637,,,,DNN(ECFP4),Homo sapiens,0.13,,,20
Borneol acetate,Abies alba,93009.0,CC(=O)O[C@@H]1C[C@@H]2CC[C@@]1(C)C2(C)C,PPB3,KB,,,,DNN(ECFP4),Homo sapiens,0.11,,,21
Borneol acetate,Abies alba,93009.0,CC(=O)O[C@@H]1C[C@@H]2CC[C@@]1(C)C2(C)C,PPB3,NCI-H187,,,,DNN(ECFP4),Homo sapiens,0.11,,,22
Borneol acetate,Abies alba,93009.0,CC(=O)O[C@@H]1C[C@@H]2CC[C@@]1(C)C2(C)C,PPB3,Menin/Histone-lysine N-methyltransferase MLL,,,,DNN(ECFP4),Homo sapiens,0.11,,,23
Borneol acetate,Abies alba,93009.0,CC(=O)O[C@@H]1C[C@@H]2CC[C@@]1(C)C2(C)C,PPB3,Cytochrome P450 3A4,,,,DNN(ECFP4),Homo sapiens,0.11,,,24
Borneol acetate,Abies alba,93009.0,CC(=O)O[C@@H]1C[C@@H]2CC[C@@]1(C)C2(C)C,PPB3,Solute carrier organic anion transporter family member 1B3,,,,DNN(RDKit),Homo sapiens,0.09,,,25
Borneol acetate,Abies alba,93009.0,CC(=O)O[C@@H]1C[C@@H]2CC[C@@]1(C)C2(C)C,PPB3,Solute carrier organic anion transporter family member 1B1,,,,DNN(RDKit),Homo sapiens,0.09,,,26
Borneol acetate,Abies alba,93009.0,CC(=O)O[C@@H]1C[C@@H]2CC[C@@]1(C)C2(C)C,PPB3,Prelamin-A/C,,,,DNN(RDKit),Homo sapiens,0.07,,,27
Borneol acetate,Abies alba,93009.0,CC(=O)O[C@@H]1C[C@@H]2CC[C@@]1(C)C2(C)C,PPB3,Microtubule-associated protein tau,,,,DNN(RDKit),Homo sapiens,0.04,,,28
Borneol acetate,Abies alba,93009.0,CC(=O)O[C@@H]1C[C@@H]2CC[C@@]1(C)C2(C)C,PPB3,Bile acid transporter,,,,DNN(RDKit),Homo sapiens,0.04,,,29
Borneol acetate,Abies alba,93009.0,CC(=O)O[C@@H]1C[C@@H]2CC[C@@]1(C)C2(C)C,PPB3,H9,,,,DNN(RDKit),Homo sapiens,0.04,,,30
Borneol acetate,Abies alba,93009.0,CC(=O)O[C@@H]1C[C@@H]2CC[C@@]1(C)C2(C)C,PPB3,11-beta-hydroxysteroid dehydrogenase 2,,,,DNN(RDKit),Homo sapiens,0.04,,,31
Borneol acetate,Abies alba,93009.0,CC(=O)O[C@@H]1C[C@@H]2CC[C@@]1(C)C2(C)C,PPB3,Aldehyde dehydrogenase 1A1,,,,DNN(RDKit),Homo sapiens,0.04,,,32
Borneol acetate,Abies alba,93009.0,CC(=O)O[C@@H]1C[C@@H]2CC[C@@]1(C)C2(C)C,PPB3,G-protein coupled bile acid receptor 1,,,,DNN(RDKit),Homo sapiens,0.03,,,33
Borneol acetate,Abies alba,93009.0,CC(=O)O[C@@H]1C[C@@H]2CC[C@@]1(C)C2(C)C,PPB3,Survival motor neuron protein,,,,DNN(RDKit),Homo sapiens,0.03,,,34
Borneol acetate,Abies alba,93009.0,CC(=O)O[C@@H]1C[C@@H]2CC[C@@]1(C)C2(C)C,PPB3,HeLa,,,,DNN(RDKit),Homo sapiens,0.02,,,35
Borneol acetate,Abies alba,93009.0,CC(=O)O[C@@H]1C[C@@H]2CC[C@@]1(C)C2(C)C,PPB3,Solute carrier organic anion transporter family member 1B3,,,,DNN(Layered),Homo sapiens,0.15,,,36
Borneol acetate,Abies alba,93009.0,CC(=O)O[C@@H]1C[C@@H]2CC[C@@]1(C)C2(C)C,PPB3,Solute carrier organic anion transporter family member 1B1,,,,DNN(Layered),Homo sapiens,0.13,,,37
Borneol acetate,Abies alba,93009.0,CC(=O)O[C@@H]1C[C@@H]2CC[C@@]1(C)C2(C)C,PPB3,Ubiquitin carboxyl-terminal hydrolase 2,,,,DNN(Layered),Homo sapiens,0.1,,,38
Borneol acetate,Abies alba,93009.0,CC(=O)O[C@@H]1C[C@@H]2CC[C@@]1(C)C2(C)C,PPB3,Microtubule-associated protein tau,,,,DNN(Layered),Homo sapiens,0.07,,,39
Borneol acetate,Abies alba,93009.0,CC(=O)O[C@@H]1C[C@@H]2CC[C@@]1(C)C2(C)C,PPB3,Cytochrome P450 2C19,,,,DNN(Layered),Homo sapiens,0.07,,,40
Borneol acetate,Abies alba,93009.0,CC(=O)O[C@@H]1C[C@@H]2CC[C@@]1(C)C2(C)C,PPB3,Menin/Histone-lysine N-methyltransferase MLL,,,,DNN(Layered),Homo sapiens,0.06,,,41
Borneol acetate,Abies alba,93009.0,CC(=O)O[C@@H]1C[C@@H]2CC[C@@]1(C)C2(C)C,PPB3,Neuropeptide S receptor,,,,DNN(Layered),Homo sapiens,0.06,,,42
Borneol acetate,Abies alba,93009.0,CC(=O)O[C@@H]1C[C@@H]2CC[C@@]1(C)C2(C)C,PPB3,MAP kinase ERK2,,,,DNN(Layered),Homo sapiens,0.05,,,43
Borneol acetate,Abies alba,93009.0,CC(=O)O[C@@H]1C[C@@H]2CC[C@@]1(C)C2(C)C,PPB3,H9,,,,DNN(Layered),Homo sapiens,0.05,,,44
Borneol acetate,Abies alba,93009.0,CC(=O)O[C@@H]1C[C@@H]2CC[C@@]1(C)C2(C)C,PPB3,Thyroid stimulating hormone receptor,,,,DNN(Layered),Homo sapiens,0.05,,,45
Borneol acetate,Abies alba,93009.0,CC(=O)O[C@@H]1C[C@@H]2CC[C@@]1(C)C2(C)C,PPB3,Aldehyde dehydrogenase 1A1,,,,DNN(Layered),Homo sapiens,0.05,,,46
Borneol acetate,Abies alba,93009.0,CC(=O)O[C@@H]1C[C@@H]2CC[C@@]1(C)C2(C)C,PPB3,Prelamin-A/C,,,,DNN(Layered),Homo sapiens,0.05,,,47
Borneol acetate,Abies alba,93009.0,CC(=O)O[C@@H]1C[C@@H]2CC[C@@]1(C)C2(C)C,PPB3,Cytochrome P450 19A1,,,,DNN(MHFP6),Homo sapiens,0.08,,,48
Borneol acetate,Abies alba,93009.0,CC(=O)O[C@@H]1C[C@@H]2CC[C@@]1(C)C2(C)C,PPB3,Solute carrier organic anion transporter family member 1B3,,,,DNN(MHFP6),Homo sapiens,0.03,,,49
Borneol acetate,Abies alba,93009.0,CC(=O)O[C@@H]1C[C@@H]2CC[C@@]1(C)C2(C)C,PPB3,Tyrosyl-DNA phosphodiesterase 1,,,,DNN(MHFP6),Homo sapiens,0.02,,,50
Borneol acetate,Abies alba,93009.0,CC(=O)O[C@@H]1C[C@@H]2CC[C@@]1(C)C2(C)C,PPB3,Solute carrier organic anion transporter family member 1B1,,,,DNN(MHFP6),Homo sapiens,0.02,,,51
Borneol acetate,Abies alba,93009.0,CC(=O)O[C@@H]1C[C@@H]2CC[C@@]1(C)C2(C)C,PPB3,HUVEC,,,,DNN(MHFP6),Homo sapiens,0.02,,,52
Borneol acetate,Abies alba,93009.0,CC(=O)O[C@@H]1C[C@@H]2CC[C@@]1(C)C2(C)C,PPB3,Cannabinoid CB2 receptor,,,,DNN(MHFP6),Homo sapiens,0.02,,,53
Borneol acetate,Abies alba,93009.0,CC(=O)O[C@@H]1C[C@@H]2CC[C@@]1(C)C2(C)C,PPB3,Solute carrier organic anion transporter family member 1B3,,,,DNN(ECFP6),Homo sapiens,0.82,,,54
Borneol acetate,Abies alba,93009.0,CC(=O)O[C@@H]1C[C@@H]2CC[C@@]1(C)C2(C)C,PPB3,Solute carrier organic anion transporter family member 1B1,,,,DNN(ECFP6),Homo sapiens,0.77,,,55
Borneol acetate,Abies alba,93009.0,CC(=O)O[C@@H]1C[C@@H]2CC[C@@]1(C)C2(C)C,PPB3,Survival motor neuron protein,,,,DNN(ECFP6),Homo sapiens,0.06,,,56
Borneol acetate,Abies alba,93009.0,CC(=O)O[C@@H]1C[C@@H]2CC[C@@]1(C)C2(C)C,PPB3,Prelamin-A/C,,,,DNN(ECFP6),Homo sapiens,0.04,,,57
Borneol acetate,Abies alba,93009.0,CC(=O)O[C@@H]1C[C@@H]2CC[C@@]1(C)C2(C)C,PPB3,Menin/Histone-lysine N-methyltransferase MLL,,,,DNN(ECFP6),Homo sapiens,0.04,,,58
Borneol acetate,Abies alba,93009.0,CC(=O)O[C@@H]1C[C@@H]2CC[C@@]1(C)C2(C)C,PPB3,Huntingtin,,,,DNN(ECFP6),Homo sapiens,0.03,,,59
Borneol acetate,Abies alba,93009.0,CC(=O)O[C@@H]1C[C@@H]2CC[C@@]1(C)C2(C)C,PPB3,Thyroid hormone receptor beta-1,,,,DNN(ECFP6),Homo sapiens,0.03,,,60
Borneol acetate,Abies alba,93009.0,CC(=O)O[C@@H]1C[C@@H]2CC[C@@]1(C)C2(C)C,PPB3,Neuropeptide S receptor,,,,DNN(ECFP6),Homo sapiens,0.03,,,61
Borneol acetate,Abies alba,93009.0,CC(=O)O[C@@H]1C[C@@H]2CC[C@@]1(C)C2(C)C,PPB3,Microtubule-associated protein tau,,,,DNN(ECFP6),Homo sapiens,0.03,,,62
Borneol acetate,Abies alba,93009.0,CC(=O)O[C@@H]1C[C@@H]2CC[C@@]1(C)C2(C)C,PPB3,Bloom syndrome protein,,,,DNN(ECFP6),Homo sapiens,0.03,,,63
Borneol acetate,Abies alba,93009.0,CC(=O)O[C@@H]1C[C@@H]2CC[C@@]1(C)C2(C)C,PPB3,Nuclear factor NF-kappa-B p105 subunit,,,,DNN(ECFP6),Homo sapiens,0.02,,,64
Borneol acetate,Abies alba,93009.0,CC(=O)O[C@@H]1C[C@@H]2CC[C@@]1(C)C2(C)C,PPB3,Solute carrier organic anion transporter family member 1B1,,,,DNN(AtomPair),Homo sapiens,0.35,,,65
Borneol acetate,Abies alba,93009.0,CC(=O)O[C@@H]1C[C@@H]2CC[C@@]1(C)C2(C)C,PPB3,Solute carrier organic anion transporter family member 1B3,,,,DNN(AtomPair),Homo sapiens,0.31,,,66
Borneol acetate,Abies alba,93009.0,CC(=O)O[C@@H]1C[C@@H]2CC[C@@]1(C)C2(C)C,PPB3,Nuclear factor NF-kappa-B p105 subunit,,,,DNN(AtomPair),Homo sapiens,0.17,,,67
Borneol acetate,Abies alba,93009.0,CC(=O)O[C@@H]1C[C@@H]2CC[C@@]1(C)C2(C)C,PPB3,Thrombopoietin,,,,DNN(AtomPair),Homo sapiens,0.1,,,68
Borneol acetate,Abies alba,93009.0,CC(=O)O[C@@H]1C[C@@H]2CC[C@@]1(C)C2(C)C,PPB3,Carboxylesterase 2,,,,DNN(AtomPair),Homo sapiens,0.06,,,69
Borneol acetate,Abies alba,93009.0,CC(=O)O[C@@H]1C[C@@H]2CC[C@@]1(C)C2(C)C,PPB3,Prelamin-A/C,,,,DNN(AtomPair),Homo sapiens,0.05,,,70
Borneol acetate,Abies alba,93009.0,CC(=O)O[C@@H]1C[C@@H]2CC[C@@]1(C)C2(C)C,PPB3,Glycine receptor subunit alpha-1,,,,DNN(AtomPair),Homo sapiens,0.04,,,71
Borneol acetate,Abies alba,93009.0,CC(=O)O[C@@H]1C[C@@H]2CC[C@@]1(C)C2(C)C,PPB3,Serotonin 7 (5-HT7) receptor,,,,DNN(AtomPair),Homo sapiens,0.03,,,72
Borneol acetate,Abies alba,93009.0,CC(=O)O[C@@H]1C[C@@H]2CC[C@@]1(C)C2(C)C,PPB3,Aldehyde dehydrogenase 1A1,,,,DNN(AtomPair),Homo sapiens,0.03,,,73
Borneol acetate,Abies alba,93009.0,CC(=O)O[C@@H]1C[C@@H]2CC[C@@]1(C)C2(C)C,PPB3,Solute carrier organic anion transporter family member 1B3,,,,Consensus,Homo sapiens,0.82,,,74
Borneol acetate,Abies alba,93009.0,CC(=O)O[C@@H]1C[C@@H]2CC[C@@]1(C)C2(C)C,PPB3,Solute carrier organic anion transporter family member 1B1,,,,Consensus,Homo sapiens,0.77,,,75
Borneol acetate,Abies alba,93009.0,CC(=O)O[C@@H]1C[C@@H]2CC[C@@]1(C)C2(C)C,PPB3,A2780,,,,Consensus,Homo sapiens,0.27,,,76
Borneol acetate,Abies alba,93009.0,CC(=O)O[C@@H]1C[C@@H]2CC[C@@]1(C)C2(C)C,PPB3,Prelamin-A/C,,,,Consensus,Homo sapiens,0.19,,,77
Borneol acetate,Abies alba,93009.0,CC(=O)O[C@@H]1C[C@@H]2CC[C@@]1(C)C2(C)C,PPB3,LoVo,,,,Consensus,Homo sapiens,0.17,,,78
Borneol acetate,Abies alba,93009.0,CC(=O)O[C@@H]1C[C@@H]2CC[C@@]1(C)C2(C)C,PPB3,Nuclear factor NF-kappa-B p105 subunit,,,,Consensus,Homo sapiens,0.17,,,79
Borneol acetate,Abies alba,93009.0,CC(=O)O[C@@H]1C[C@@H]2CC[C@@]1(C)C2(C)C,PPB3,Cytochrome P450 2C19,,,,Consensus,Homo sapiens,0.16,,,80
Borneol acetate,Abies alba,93009.0,CC(=O)O[C@@H]1C[C@@H]2CC[C@@]1(C)C2(C)C,PPB3,MAP kinase ERK2,,,,Consensus,Homo sapiens,0.16,,,81
Bornyl acetate,Abies alba,93009.0,CC(=O)OC1CC2C(C1(C)CC2)(C)C,PPB3,HL-60,,,,DNN(ECFP4+MHFP6),Homo sapiens,0.12,,,1
Bornyl acetate,Abies alba,93009.0,CC(=O)OC1CC2C(C1(C)CC2)(C)C,PPB3,Solute carrier organic anion transporter family member 1B1,,,,DNN(ECFP4+MHFP6),Homo sapiens,0.11,,,2
Bornyl acetate,Abies alba,93009.0,CC(=O)OC1CC2C(C1(C)CC2)(C)C,PPB3,Solute carrier organic anion transporter family member 1B3,,,,DNN(ECFP4+MHFP6),Homo sapiens,0.08,,,3
Bornyl acetate,Abies alba,93009.0,CC(=O)OC1CC2C(C1(C)CC2)(C)C,PPB3,Prelamin-A/C,,,,DNN(ECFP4+MHFP6),Homo sapiens,0.04,,,4
Bornyl acetate,Abies alba,93009.0,CC(=O)OC1CC2C(C1(C)CC2)(C)C,PPB3,Aldehyde dehydrogenase 1A1,,,,DNN(ECFP4+MHFP6),Homo sapiens,0.01,,,5
Bornyl acetate,Abies alba,93009.0,CC(=O)OC1CC2C(C1(C)CC2)(C)C,PPB3,DNA polymerase beta,,,,DNN(ECFP4+MHFP6),Homo sapiens,0.0,,,6
Bornyl acetate,Abies alba,93009.0,CC(=O)OC1CC2C(C1(C)CC2)(C)C,PPB3,Microtubule-associated protein tau,,,,DNN(ECFP4+MHFP6),Homo sapiens,0.0,,,7
Bornyl acetate,Abies alba,93009.0,CC(=O)OC1CC2C(C1(C)CC2)(C)C,PPB3,NAD-dependent protein deacetylase sirtuin-6,,,,DNN(ECFP4+MHFP6),Homo sapiens,0.0,,,8
Bornyl acetate,Abies alba,93009.0,CC(=O)OC1CC2C(C1(C)CC2)(C)C,PPB3,Menin/Histone-lysine N-methyltransferase MLL,,,,DNN(ECFP4+MHFP6),Homo sapiens,0.0,,,9
Bornyl acetate,Abies alba,93009.0,CC(=O)OC1CC2C(C1(C)CC2)(C)C,PPB3,Heat shock protein HSP 90-alpha,,,,DNN(ECFP4+MHFP6),Homo sapiens,0.0,,,10
Bornyl acetate,Abies alba,93009.0,CC(=O)OC1CC2C(C1(C)CC2)(C)C,PPB3,SW872,,,,DNN(ECFP4+MHFP6),Homo sapiens,0.0,,,11
Bornyl acetate,Abies alba,93009.0,CC(=O)OC1CC2C(C1(C)CC2)(C)C,PPB3,C8166,,,,DNN(ECFP4+MHFP6),Homo sapiens,0.0,,,12
Bornyl acetate,Abies alba,93009.0,CC(=O)OC1CC2C(C1(C)CC2)(C)C,PPB3,A2780,,,,DNN(ECFP4),Homo sapiens,0.27,,,13
Bornyl acetate,Abies alba,93009.0,CC(=O)OC1CC2C(C1(C)CC2)(C)C,PPB3,Prelamin-A/C,,,,DNN(ECFP4),Homo sapiens,0.19,,,14
Bornyl acetate,Abies alba,93009.0,CC(=O)OC1CC2C(C1(C)CC2)(C)C,PPB3,Solute carrier organic anion transporter family member 1B3,,,,DNN(ECFP4),Homo sapiens,0.18,,,15
Bornyl acetate,Abies alba,93009.0,CC(=O)OC1CC2C(C1(C)CC2)(C)C,PPB3,LoVo,,,,DNN(ECFP4),Homo sapiens,0.17,,,16
Bornyl acetate,Abies alba,93009.0,CC(=O)OC1CC2C(C1(C)CC2)(C)C,PPB3,Cytochrome P450 2C19,,,,DNN(ECFP4),Homo sapiens,0.16,,,17
Bornyl acetate,Abies alba,93009.0,CC(=O)OC1CC2C(C1(C)CC2)(C)C,PPB3,Solute carrier organic anion transporter family member 1B1,,,,DNN(ECFP4),Homo sapiens,0.16,,,18
Bornyl acetate,Abies alba,93009.0,CC(=O)OC1CC2C(C1(C)CC2)(C)C,PPB3,MAP kinase ERK2,,,,DNN(ECFP4),Homo sapiens,0.16,,,19
Bornyl acetate,Abies alba,93009.0,CC(=O)OC1CC2C(C1(C)CC2)(C)C,PPB3,5637,,,,DNN(ECFP4),Homo sapiens,0.13,,,20
Bornyl acetate,Abies alba,93009.0,CC(=O)OC1CC2C(C1(C)CC2)(C)C,PPB3,KB,,,,DNN(ECFP4),Homo sapiens,0.11,,,21
Bornyl acetate,Abies alba,93009.0,CC(=O)OC1CC2C(C1(C)CC2)(C)C,PPB3,NCI-H187,,,,DNN(ECFP4),Homo sapiens,0.11,,,22
Bornyl acetate,Abies alba,93009.0,CC(=O)OC1CC2C(C1(C)CC2)(C)C,PPB3,Menin/Histone-lysine N-methyltransferase MLL,,,,DNN(ECFP4),Homo sapiens,0.11,,,23
Bornyl acetate,Abies alba,93009.0,CC(=O)OC1CC2C(C1(C)CC2)(C)C,PPB3,Cytochrome P450 3A4,,,,DNN(ECFP4),Homo sapiens,0.11,,,24
Bornyl acetate,Abies alba,93009.0,CC(=O)OC1CC2C(C1(C)CC2)(C)C,PPB3,Solute carrier organic anion transporter family member 1B3,,,,DNN(RDKit),Homo sapiens,0.09,,,25
Bornyl acetate,Abies alba,93009.0,CC(=O)OC1CC2C(C1(C)CC2)(C)C,PPB3,Solute carrier organic anion transporter family member 1B1,,,,DNN(RDKit),Homo sapiens,0.09,,,26
Bornyl acetate,Abies alba,93009.0,CC(=O)OC1CC2C(C1(C)CC2)(C)C,PPB3,Prelamin-A/C,,,,DNN(RDKit),Homo sapiens,0.07,,,27
Bornyl acetate,Abies alba,93009.0,CC(=O)OC1CC2C(C1(C)CC2)(C)C,PPB3,Microtubule-associated protein tau,,,,DNN(RDKit),Homo sapiens,0.04,,,28
Bornyl acetate,Abies alba,93009.0,CC(=O)OC1CC2C(C1(C)CC2)(C)C,PPB3,Bile acid transporter,,,,DNN(RDKit),Homo sapiens,0.04,,,29
Bornyl acetate,Abies alba,93009.0,CC(=O)OC1CC2C(C1(C)CC2)(C)C,PPB3,H9,,,,DNN(RDKit),Homo sapiens,0.04,,,30
Bornyl acetate,Abies alba,93009.0,CC(=O)OC1CC2C(C1(C)CC2)(C)C,PPB3,11-beta-hydroxysteroid dehydrogenase 2,,,,DNN(RDKit),Homo sapiens,0.04,,,31
Bornyl acetate,Abies alba,93009.0,CC(=O)OC1CC2C(C1(C)CC2)(C)C,PPB3,Aldehyde dehydrogenase 1A1,,,,DNN(RDKit),Homo sapiens,0.04,,,32
Bornyl acetate,Abies alba,93009.0,CC(=O)OC1CC2C(C1(C)CC2)(C)C,PPB3,G-protein coupled bile acid receptor 1,,,,DNN(RDKit),Homo sapiens,0.03,,,33
Bornyl acetate,Abies alba,93009.0,CC(=O)OC1CC2C(C1(C)CC2)(C)C,PPB3,Survival motor neuron protein,,,,DNN(RDKit),Homo sapiens,0.03,,,34
Bornyl acetate,Abies alba,93009.0,CC(=O)OC1CC2C(C1(C)CC2)(C)C,PPB3,HeLa,,,,DNN(RDKit),Homo sapiens,0.02,,,35
Bornyl acetate,Abies alba,93009.0,CC(=O)OC1CC2C(C1(C)CC2)(C)C,PPB3,Solute carrier organic anion transporter family member 1B3,,,,DNN(Layered),Homo sapiens,0.15,,,36
Bornyl acetate,Abies alba,93009.0,CC(=O)OC1CC2C(C1(C)CC2)(C)C,PPB3,Solute carrier organic anion transporter family member 1B1,,,,DNN(Layered),Homo sapiens,0.13,,,37
Bornyl acetate,Abies alba,93009.0,CC(=O)OC1CC2C(C1(C)CC2)(C)C,PPB3,Ubiquitin carboxyl-terminal hydrolase 2,,,,DNN(Layered),Homo sapiens,0.1,,,38
Bornyl acetate,Abies alba,93009.0,CC(=O)OC1CC2C(C1(C)CC2)(C)C,PPB3,Microtubule-associated protein tau,,,,DNN(Layered),Homo sapiens,0.07,,,39
Bornyl acetate,Abies alba,93009.0,CC(=O)OC1CC2C(C1(C)CC2)(C)C,PPB3,Cytochrome P450 2C19,,,,DNN(Layered),Homo sapiens,0.07,,,40
Bornyl acetate,Abies alba,93009.0,CC(=O)OC1CC2C(C1(C)CC2)(C)C,PPB3,Menin/Histone-lysine N-methyltransferase MLL,,,,DNN(Layered),Homo sapiens,0.06,,,41
Bornyl acetate,Abies alba,93009.0,CC(=O)OC1CC2C(C1(C)CC2)(C)C,PPB3,Neuropeptide S receptor,,,,DNN(Layered),Homo sapiens,0.06,,,42
Bornyl acetate,Abies alba,93009.0,CC(=O)OC1CC2C(C1(C)CC2)(C)C,PPB3,MAP kinase ERK2,,,,DNN(Layered),Homo sapiens,0.05,,,43
Bornyl acetate,Abies alba,93009.0,CC(=O)OC1CC2C(C1(C)CC2)(C)C,PPB3,H9,,,,DNN(Layered),Homo sapiens,0.05,,,44
Bornyl acetate,Abies alba,93009.0,CC(=O)OC1CC2C(C1(C)CC2)(C)C,PPB3,Thyroid stimulating hormone receptor,,,,DNN(Layered),Homo sapiens,0.05,,,45
Bornyl acetate,Abies alba,93009.0,CC(=O)OC1CC2C(C1(C)CC2)(C)C,PPB3,Aldehyde dehydrogenase 1A1,,,,DNN(Layered),Homo sapiens,0.05,,,46
Bornyl acetate,Abies alba,93009.0,CC(=O)OC1CC2C(C1(C)CC2)(C)C,PPB3,Prelamin-A/C,,,,DNN(Layered),Homo sapiens,0.05,,,47
Bornyl acetate,Abies alba,93009.0,CC(=O)OC1CC2C(C1(C)CC2)(C)C,PPB3,Cytochrome P450 19A1,,,,DNN(MHFP6),Homo sapiens,0.08,,,48
Bornyl acetate,Abies alba,93009.0,CC(=O)OC1CC2C(C1(C)CC2)(C)C,PPB3,Solute carrier organic anion transporter family member 1B3,,,,DNN(MHFP6),Homo sapiens,0.03,,,49
Bornyl acetate,Abies alba,93009.0,CC(=O)OC1CC2C(C1(C)CC2)(C)C,PPB3,Tyrosyl-DNA phosphodiesterase 1,,,,DNN(MHFP6),Homo sapiens,0.02,,,50
Bornyl acetate,Abies alba,93009.0,CC(=O)OC1CC2C(C1(C)CC2)(C)C,PPB3,Solute carrier organic anion transporter family member 1B1,,,,DNN(MHFP6),Homo sapiens,0.02,,,51
Bornyl acetate,Abies alba,93009.0,CC(=O)OC1CC2C(C1(C)CC2)(C)C,PPB3,HUVEC,,,,DNN(MHFP6),Homo sapiens,0.02,,,52
Bornyl acetate,Abies alba,93009.0,CC(=O)OC1CC2C(C1(C)CC2)(C)C,PPB3,Cannabinoid CB2 receptor,,,,DNN(MHFP6),Homo sapiens,0.02,,,53
Bornyl acetate,Abies alba,93009.0,CC(=O)OC1CC2C(C1(C)CC2)(C)C,PPB3,Solute carrier organic anion transporter family member 1B3,,,,DNN(ECFP6),Homo sapiens,0.82,,,54
Bornyl acetate,Abies alba,93009.0,CC(=O)OC1CC2C(C1(C)CC2)(C)C,PPB3,Solute carrier organic anion transporter family member 1B1,,,,DNN(ECFP6),Homo sapiens,0.77,,,55
Bornyl acetate,Abies alba,93009.0,CC(=O)OC1CC2C(C1(C)CC2)(C)C,PPB3,Survival motor neuron protein,,,,DNN(ECFP6),Homo sapiens,0.06,,,56
Bornyl acetate,Abies alba,93009.0,CC(=O)OC1CC2C(C1(C)CC2)(C)C,PPB3,Prelamin-A/C,,,,DNN(ECFP6),Homo sapiens,0.04,,,57
Bornyl acetate,Abies alba,93009.0,CC(=O)OC1CC2C(C1(C)CC2)(C)C,PPB3,Menin/Histone-lysine N-methyltransferase MLL,,,,DNN(ECFP6),Homo sapiens,0.04,,,58
Bornyl acetate,Abies alba,93009.0,CC(=O)OC1CC2C(C1(C)CC2)(C)C,PPB3,Huntingtin,,,,DNN(ECFP6),Homo sapiens,0.03,,,59
Bornyl acetate,Abies alba,93009.0,CC(=O)OC1CC2C(C1(C)CC2)(C)C,PPB3,Thyroid hormone receptor beta-1,,,,DNN(ECFP6),Homo sapiens,0.03,,,60
Bornyl acetate,Abies alba,93009.0,CC(=O)OC1CC2C(C1(C)CC2)(C)C,PPB3,Neuropeptide S receptor,,,,DNN(ECFP6),Homo sapiens,0.03,,,61
Bornyl acetate,Abies alba,93009.0,CC(=O)OC1CC2C(C1(C)CC2)(C)C,PPB3,Microtubule-associated protein tau,,,,DNN(ECFP6),Homo sapiens,0.03,,,62
Bornyl acetate,Abies alba,93009.0,CC(=O)OC1CC2C(C1(C)CC2)(C)C,PPB3,Bloom syndrome protein,,,,DNN(ECFP6),Homo sapiens,0.03,,,63
Bornyl acetate,Abies alba,93009.0,CC(=O)OC1CC2C(C1(C)CC2)(C)C,PPB3,Nuclear factor NF-kappa-B p105 subunit,,,,DNN(ECFP6),Homo sapiens,0.02,,,64
Bornyl acetate,Abies alba,93009.0,CC(=O)OC1CC2C(C1(C)CC2)(C)C,PPB3,Solute carrier organic anion transporter family member 1B1,,,,DNN(AtomPair),Homo sapiens,0.35,,,65
Bornyl acetate,Abies alba,93009.0,CC(=O)OC1CC2C(C1(C)CC2)(C)C,PPB3,Solute carrier organic anion transporter family member 1B3,,,,DNN(AtomPair),Homo sapiens,0.31,,,66
Bornyl acetate,Abies alba,93009.0,CC(=O)OC1CC2C(C1(C)CC2)(C)C,PPB3,Nuclear factor NF-kappa-B p105 subunit,,,,DNN(AtomPair),Homo sapiens,0.17,,,67
Bornyl acetate,Abies alba,93009.0,CC(=O)OC1CC2C(C1(C)CC2)(C)C,PPB3,Thrombopoietin,,,,DNN(AtomPair),Homo sapiens,0.1,,,68
Bornyl acetate,Abies alba,93009.0,CC(=O)OC1CC2C(C1(C)CC2)(C)C,PPB3,Carboxylesterase 2,,,,DNN(AtomPair),Homo sapiens,0.06,,,69
Bornyl acetate,Abies alba,93009.0,CC(=O)OC1CC2C(C1(C)CC2)(C)C,PPB3,Prelamin-A/C,,,,DNN(AtomPair),Homo sapiens,0.05,,,70
Bornyl acetate,Abies alba,93009.0,CC(=O)OC1CC2C(C1(C)CC2)(C)C,PPB3,Glycine receptor subunit alpha-1,,,,DNN(AtomPair),Homo sapiens,0.04,,,71
Bornyl acetate,Abies alba,93009.0,CC(=O)OC1CC2C(C1(C)CC2)(C)C,PPB3,Serotonin 7 (5-HT7) receptor,,,,DNN(AtomPair),Homo sapiens,0.03,,,72
Bornyl acetate,Abies alba,93009.0,CC(=O)OC1CC2C(C1(C)CC2)(C)C,PPB3,Aldehyde dehydrogenase 1A1,,,,DNN(AtomPair),Homo sapiens,0.03,,,73
Bornyl acetate,Abies alba,93009.0,CC(=O)OC1CC2C(C1(C)CC2)(C)C,PPB3,Solute carrier organic anion transporter family member 1B3,,,,Consensus,Homo sapiens,0.82,,,74
Bornyl acetate,Abies alba,93009.0,CC(=O)OC1CC2C(C1(C)CC2)(C)C,PPB3,Solute carrier organic anion transporter family member 1B1,,,,Consensus,Homo sapiens,0.77,,,75
Bornyl acetate,Abies alba,93009.0,CC(=O)OC1CC2C(C1(C)CC2)(C)C,PPB3,A2780,,,,Consensus,Homo sapiens,0.27,,,76
Bornyl acetate,Abies alba,93009.0,CC(=O)OC1CC2C(C1(C)CC2)(C)C,PPB3,Prelamin-A/C,,,,Consensus,Homo sapiens,0.19,,,77
Bornyl acetate,Abies alba,93009.0,CC(=O)OC1CC2C(C1(C)CC2)(C)C,PPB3,LoVo,,,,Consensus,Homo sapiens,0.17,,,78
Bornyl acetate,Abies alba,93009.0,CC(=O)OC1CC2C(C1(C)CC2)(C)C,PPB3,Nuclear factor NF-kappa-B p105 subunit,,,,Consensus,Homo sapiens,0.17,,,79
Bornyl acetate,Abies alba,93009.0,CC(=O)OC1CC2C(C1(C)CC2)(C)C,PPB3,Cytochrome P450 2C19,,,,Consensus,Homo sapiens,0.16,,,80
Bornyl acetate,Abies alba,93009.0,CC(=O)OC1CC2C(C1(C)CC2)(C)C,PPB3,MAP kinase ERK2,,,,Consensus,Homo sapiens,0.16,,,81
HYPAPHORINE,Abrus precatorius,442106.0,C[N+](C)(C)C(CC1=CNC2=CC=CC=C21)C(=O)[O-],PPB3,DNA polymerase beta,,,,DNN(ECFP4+MHFP6),Homo sapiens,0.23,,,1
HYPAPHORINE,Abrus precatorius,442106.0,C[N+](C)(C)C(CC1=CNC2=CC=CC=C21)C(=O)[O-],PPB3,Butyrylcholinesterase,,,,DNN(ECFP4+MHFP6),Homo sapiens,0.05,,,2
HYPAPHORINE,Abrus precatorius,442106.0,C[N+](C)(C)C(CC1=CNC2=CC=CC=C21)C(=O)[O-],PPB3,Menin/Histone-lysine N-methyltransferase MLL,,,,DNN(ECFP4+MHFP6),Homo sapiens,0.03,,,3
HYPAPHORINE,Abrus precatorius,442106.0,C[N+](C)(C)C(CC1=CNC2=CC=CC=C21)C(=O)[O-],PPB3,Microtubule-associated protein tau,,,,DNN(ECFP4+MHFP6),Homo sapiens,0.02,,,4
HYPAPHORINE,Abrus precatorius,442106.0,C[N+](C)(C)C(CC1=CNC2=CC=CC=C21)C(=O)[O-],PPB3,Serotonin 2a (5-HT2a) receptor,,,,DNN(ECFP4+MHFP6),Homo sapiens,0.02,,,5
HYPAPHORINE,Abrus precatorius,442106.0,C[N+](C)(C)C(CC1=CNC2=CC=CC=C21)C(=O)[O-],PPB3,Serotonin 1a (5-HT1a) receptor,,,,DNN(ECFP4+MHFP6),Homo sapiens,0.02,,,6
HYPAPHORINE,Abrus precatorius,442106.0,C[N+](C)(C)C(CC1=CNC2=CC=CC=C21)C(=O)[O-],PPB3,Thyroid hormone receptor beta-1,,,,DNN(ECFP4+MHFP6),Homo sapiens,0.01,,,7
HYPAPHORINE,Abrus precatorius,442106.0,C[N+](C)(C)C(CC1=CNC2=CC=CC=C21)C(=O)[O-],PPB3,Histone-lysine N-methyltransferase MLL,,,,DNN(ECFP4+MHFP6),Homo sapiens,0.01,,,8
HYPAPHORINE,Abrus precatorius,442106.0,C[N+](C)(C)C(CC1=CNC2=CC=CC=C21)C(=O)[O-],PPB3,Polyadenylate-binding protein 1,,,,DNN(ECFP4+MHFP6),Homo sapiens,0.01,,,9
HYPAPHORINE,Abrus precatorius,442106.0,C[N+](C)(C)C(CC1=CNC2=CC=CC=C21)C(=O)[O-],PPB3,Serine-protein kinase ATM,,,,DNN(ECFP4+MHFP6),Homo sapiens,0.01,,,10
HYPAPHORINE,Abrus precatorius,442106.0,C[N+](C)(C)C(CC1=CNC2=CC=CC=C21)C(=O)[O-],PPB3,Prelamin-A/C,,,,DNN(ECFP4+MHFP6),Homo sapiens,0.01,,,11
HYPAPHORINE,Abrus precatorius,442106.0,C[N+](C)(C)C(CC1=CNC2=CC=CC=C21)C(=O)[O-],PPB3,Lethal(3)malignant brain tumor-like protein 1,,,,DNN(ECFP4+MHFP6),Homo sapiens,0.01,,,12
HYPAPHORINE,Abrus precatorius,442106.0,C[N+](C)(C)C(CC1=CNC2=CC=CC=C21)C(=O)[O-],PPB3,ATP-dependent DNA helicase Q1,,,,DNN(ECFP4+MHFP6),Homo sapiens,0.01,,,13
HYPAPHORINE,Abrus precatorius,442106.0,C[N+](C)(C)C(CC1=CNC2=CC=CC=C21)C(=O)[O-],PPB3,Survival motor neuron protein,,,,DNN(ECFP4),Homo sapiens,0.06,,,14
HYPAPHORINE,Abrus precatorius,442106.0,C[N+](C)(C)C(CC1=CNC2=CC=CC=C21)C(=O)[O-],PPB3,Menin/Histone-lysine N-methyltransferase MLL,,,,DNN(ECFP4),Homo sapiens,0.06,,,15
HYPAPHORINE,Abrus precatorius,442106.0,C[N+](C)(C)C(CC1=CNC2=CC=CC=C21)C(=O)[O-],PPB3,Melatonin receptor 1A,,,,DNN(ECFP4),Homo sapiens,0.05,,,16
HYPAPHORINE,Abrus precatorius,442106.0,C[N+](C)(C)C(CC1=CNC2=CC=CC=C21)C(=O)[O-],PPB3,Ras-related protein Rab-9A,,,,DNN(ECFP4),Homo sapiens,0.05,,,17
HYPAPHORINE,Abrus precatorius,442106.0,C[N+](C)(C)C(CC1=CNC2=CC=CC=C21)C(=O)[O-],PPB3,Niemann-Pick C1 protein,,,,DNN(ECFP4),Homo sapiens,0.05,,,18
HYPAPHORINE,Abrus precatorius,442106.0,C[N+](C)(C)C(CC1=CNC2=CC=CC=C21)C(=O)[O-],PPB3,Microtubule-associated protein tau,,,,DNN(ECFP4),Homo sapiens,0.05,,,19
HYPAPHORINE,Abrus precatorius,442106.0,C[N+](C)(C)C(CC1=CNC2=CC=CC=C21)C(=O)[O-],PPB3,DNA polymerase beta,,,,DNN(ECFP4),Homo sapiens,0.05,,,20
HYPAPHORINE,Abrus precatorius,442106.0,C[N+](C)(C)C(CC1=CNC2=CC=CC=C21)C(=O)[O-],PPB3,Pyruvate kinase isozymes M1/M2,,,,DNN(ECFP4),Homo sapiens,0.04,,,21
HYPAPHORINE,Abrus precatorius,442106.0,C[N+](C)(C)C(CC1=CNC2=CC=CC=C21)C(=O)[O-],PPB3,Melatonin receptor 1B,,,,DNN(ECFP4),Homo sapiens,0.04,,,22
HYPAPHORINE,Abrus precatorius,442106.0,C[N+](C)(C)C(CC1=CNC2=CC=CC=C21)C(=O)[O-],PPB3,microRNA 21,,,,DNN(ECFP4),Homo sapiens,0.04,,,23
HYPAPHORINE,Abrus precatorius,442106.0,C[N+](C)(C)C(CC1=CNC2=CC=CC=C21)C(=O)[O-],PPB3,Prelamin-A/C,,,,DNN(ECFP4),Homo sapiens,0.04,,,24
HYPAPHORINE,Abrus precatorius,442106.0,C[N+](C)(C)C(CC1=CNC2=CC=CC=C21)C(=O)[O-],PPB3,Lysosomal alpha-glucosidase,,,,DNN(ECFP4),Homo sapiens,0.03,,,25
HYPAPHORINE,Abrus precatorius,442106.0,C[N+](C)(C)C(CC1=CNC2=CC=CC=C21)C(=O)[O-],PPB3,Cellular tumor antigen p53,,,,DNN(ECFP4),Homo sapiens,0.03,,,26
HYPAPHORINE,Abrus precatorius,442106.0,C[N+](C)(C)C(CC1=CNC2=CC=CC=C21)C(=O)[O-],PPB3,Endoplasmic reticulum-associated amyloid beta-peptide-binding protein,,,,DNN(ECFP4),Homo sapiens,0.03,,,27
HYPAPHORINE,Abrus precatorius,442106.0,C[N+](C)(C)C(CC1=CNC2=CC=CC=C21)C(=O)[O-],PPB3,Dopamine D2 receptor,,,,DNN(ECFP4),Homo sapiens,0.03,,,28
HYPAPHORINE,Abrus precatorius,442106.0,C[N+](C)(C)C(CC1=CNC2=CC=CC=C21)C(=O)[O-],PPB3,MAP kinase ERK2,,,,DNN(ECFP4),Homo sapiens,0.02,,,29
HYPAPHORINE,Abrus precatorius,442106.0,C[N+](C)(C)C(CC1=CNC2=CC=CC=C21)C(=O)[O-],PPB3,Acetylcholinesterase,,,,DNN(RDKit),Homo sapiens,0.25,,,30
HYPAPHORINE,Abrus precatorius,442106.0,C[N+](C)(C)C(CC1=CNC2=CC=CC=C21)C(=O)[O-],PPB3,SLC16A10 protein,,,,DNN(RDKit),Homo sapiens,0.17,,,31
HYPAPHORINE,Abrus precatorius,442106.0,C[N+](C)(C)C(CC1=CNC2=CC=CC=C21)C(=O)[O-],PPB3,Thyroid stimulating hormone receptor,,,,DNN(RDKit),Homo sapiens,0.11,,,32
HYPAPHORINE,Abrus precatorius,442106.0,C[N+](C)(C)C(CC1=CNC2=CC=CC=C21)C(=O)[O-],PPB3,Cytochrome P450 2A6,,,,DNN(RDKit),Homo sapiens,0.09,,,33
HYPAPHORINE,Abrus precatorius,442106.0,C[N+](C)(C)C(CC1=CNC2=CC=CC=C21)C(=O)[O-],PPB3,Cytochrome P450 2C19,,,,DNN(RDKit),Homo sapiens,0.08,,,34
HYPAPHORINE,Abrus precatorius,442106.0,C[N+](C)(C)C(CC1=CNC2=CC=CC=C21)C(=O)[O-],PPB3,Survival motor neuron protein,,,,DNN(RDKit),Homo sapiens,0.08,,,35
HYPAPHORINE,Abrus precatorius,442106.0,C[N+](C)(C)C(CC1=CNC2=CC=CC=C21)C(=O)[O-],PPB3,Butyrylcholinesterase,,,,DNN(RDKit),Homo sapiens,0.07,,,36
HYPAPHORINE,Abrus precatorius,442106.0,C[N+](C)(C)C(CC1=CNC2=CC=CC=C21)C(=O)[O-],PPB3,Prelamin-A/C,,,,DNN(RDKit),Homo sapiens,0.06,,,37
HYPAPHORINE,Abrus precatorius,442106.0,C[N+](C)(C)C(CC1=CNC2=CC=CC=C21)C(=O)[O-],PPB3,Cytochrome P450 1A2,,,,DNN(RDKit),Homo sapiens,0.05,,,38
HYPAPHORINE,Abrus precatorius,442106.0,C[N+](C)(C)C(CC1=CNC2=CC=CC=C21)C(=O)[O-],PPB3,Huntingtin,,,,DNN(RDKit),Homo sapiens,0.04,,,39
HYPAPHORINE,Abrus precatorius,442106.0,C[N+](C)(C)C(CC1=CNC2=CC=CC=C21)C(=O)[O-],PPB3,Carbonic anhydrase I,,,,DNN(RDKit),Homo sapiens,0.04,,,40
HYPAPHORINE,Abrus precatorius,442106.0,C[N+](C)(C)C(CC1=CNC2=CC=CC=C21)C(=O)[O-],PPB3,Carbonic anhydrase II,,,,DNN(RDKit),Homo sapiens,0.04,,,41
HYPAPHORINE,Abrus precatorius,442106.0,C[N+](C)(C)C(CC1=CNC2=CC=CC=C21)C(=O)[O-],PPB3,Cytochrome P450 2D6,,,,DNN(RDKit),Homo sapiens,0.04,,,42
HYPAPHORINE,Abrus precatorius,442106.0,C[N+](C)(C)C(CC1=CNC2=CC=CC=C21)C(=O)[O-],PPB3,Microtubule-associated protein tau,,,,DNN(RDKit),Homo sapiens,0.04,,,43
HYPAPHORINE,Abrus precatorius,442106.0,C[N+](C)(C)C(CC1=CNC2=CC=CC=C21)C(=O)[O-],PPB3,Aldehyde dehydrogenase 1A1,,,,DNN(RDKit),Homo sapiens,0.03,,,44
HYPAPHORINE,Abrus precatorius,442106.0,C[N+](C)(C)C(CC1=CNC2=CC=CC=C21)C(=O)[O-],PPB3,Menin/Histone-lysine N-methyltransferase MLL,,,,DNN(Layered),Homo sapiens,0.03,,,45
HYPAPHORINE,Abrus precatorius,442106.0,C[N+](C)(C)C(CC1=CNC2=CC=CC=C21)C(=O)[O-],PPB3,P-glycoprotein 1,,,,DNN(Layered),Homo sapiens,0.03,,,46
HYPAPHORINE,Abrus precatorius,442106.0,C[N+](C)(C)C(CC1=CNC2=CC=CC=C21)C(=O)[O-],PPB3,Microtubule-associated protein tau,,,,DNN(Layered),Homo sapiens,0.02,,,47
HYPAPHORINE,Abrus precatorius,442106.0,C[N+](C)(C)C(CC1=CNC2=CC=CC=C21)C(=O)[O-],PPB3,Aldehyde dehydrogenase 1A1,,,,DNN(Layered),Homo sapiens,0.02,,,48
HYPAPHORINE,Abrus precatorius,442106.0,C[N+](C)(C)C(CC1=CNC2=CC=CC=C21)C(=O)[O-],PPB3,Solute carrier organic anion transporter family member 1B1,,,,DNN(Layered),Homo sapiens,0.02,,,49
HYPAPHORINE,Abrus precatorius,442106.0,C[N+](C)(C)C(CC1=CNC2=CC=CC=C21)C(=O)[O-],PPB3,Prelamin-A/C,,,,DNN(Layered),Homo sapiens,0.02,,,50
HYPAPHORINE,Abrus precatorius,442106.0,C[N+](C)(C)C(CC1=CNC2=CC=CC=C21)C(=O)[O-],PPB3,Cytochrome P450 2D6,,,,DNN(Layered),Homo sapiens,0.02,,,51
HYPAPHORINE,Abrus precatorius,442106.0,C[N+](C)(C)C(CC1=CNC2=CC=CC=C21)C(=O)[O-],PPB3,Solute carrier organic anion transporter family member 1B3,,,,DNN(Layered),Homo sapiens,0.02,,,52
HYPAPHORINE,Abrus precatorius,442106.0,C[N+](C)(C)C(CC1=CNC2=CC=CC=C21)C(=O)[O-],PPB3,Neuropeptide S receptor,,,,DNN(Layered),Homo sapiens,0.02,,,53
HYPAPHORINE,Abrus precatorius,442106.0,C[N+](C)(C)C(CC1=CNC2=CC=CC=C21)C(=O)[O-],PPB3,Survival motor neuron protein,,,,DNN(Layered),Homo sapiens,0.02,,,54
HYPAPHORINE,Abrus precatorius,442106.0,C[N+](C)(C)C(CC1=CNC2=CC=CC=C21)C(=O)[O-],PPB3,Microtubule-associated protein tau,,,,DNN(MHFP6),Homo sapiens,0.12,,,55
HYPAPHORINE,Abrus precatorius,442106.0,C[N+](C)(C)C(CC1=CNC2=CC=CC=C21)C(=O)[O-],PPB3,Menin/Histone-lysine N-methyltransferase MLL,,,,DNN(MHFP6),Homo sapiens,0.09,,,56
HYPAPHORINE,Abrus precatorius,442106.0,C[N+](C)(C)C(CC1=CNC2=CC=CC=C21)C(=O)[O-],PPB3,Histone-lysine N-methyltransferase MLL,,,,DNN(MHFP6),Homo sapiens,0.08,,,57
HYPAPHORINE,Abrus precatorius,442106.0,C[N+](C)(C)C(CC1=CNC2=CC=CC=C21)C(=O)[O-],PPB3,DNA polymerase beta,,,,DNN(MHFP6),Homo sapiens,0.08,,,58
HYPAPHORINE,Abrus precatorius,442106.0,C[N+](C)(C)C(CC1=CNC2=CC=CC=C21)C(=O)[O-],PPB3,Prelamin-A/C,,,,DNN(MHFP6),Homo sapiens,0.05,,,59
HYPAPHORINE,Abrus precatorius,442106.0,C[N+](C)(C)C(CC1=CNC2=CC=CC=C21)C(=O)[O-],PPB3,microRNA 21,,,,DNN(MHFP6),Homo sapiens,0.04,,,60
HYPAPHORINE,Abrus precatorius,442106.0,C[N+](C)(C)C(CC1=CNC2=CC=CC=C21)C(=O)[O-],PPB3,Lethal(3)malignant brain tumor-like protein 1,,,,DNN(MHFP6),Homo sapiens,0.04,,,61
HYPAPHORINE,Abrus precatorius,442106.0,C[N+](C)(C)C(CC1=CNC2=CC=CC=C21)C(=O)[O-],PPB3,Lysosomal alpha-glucosidase,,,,DNN(MHFP6),Homo sapiens,0.04,,,62
HYPAPHORINE,Abrus precatorius,442106.0,C[N+](C)(C)C(CC1=CNC2=CC=CC=C21)C(=O)[O-],PPB3,Ras-related protein Rab-9A,,,,DNN(MHFP6),Homo sapiens,0.02,,,63
HYPAPHORINE,Abrus precatorius,442106.0,C[N+](C)(C)C(CC1=CNC2=CC=CC=C21)C(=O)[O-],PPB3,Thyroid hormone receptor beta-1,,,,DNN(MHFP6),Homo sapiens,0.02,,,64
HYPAPHORINE,Abrus precatorius,442106.0,C[N+](C)(C)C(CC1=CNC2=CC=CC=C21)C(=O)[O-],PPB3,FAD-linked sulfhydryl oxidase ALR,,,,DNN(MHFP6),Homo sapiens,0.02,,,65
HYPAPHORINE,Abrus precatorius,442106.0,C[N+](C)(C)C(CC1=CNC2=CC=CC=C21)C(=O)[O-],PPB3,Tyrosyl-DNA phosphodiesterase 1,,,,DNN(MHFP6),Homo sapiens,0.02,,,66
HYPAPHORINE,Abrus precatorius,442106.0,C[N+](C)(C)C(CC1=CNC2=CC=CC=C21)C(=O)[O-],PPB3,DNA dC->dU-editing enzyme APOBEC-3G,,,,DNN(ECFP6),Homo sapiens,0.2,,,67
HYPAPHORINE,Abrus precatorius,442106.0,C[N+](C)(C)C(CC1=CNC2=CC=CC=C21)C(=O)[O-],PPB3,DNA polymerase beta,,,,DNN(ECFP6),Homo sapiens,0.09,,,68
HYPAPHORINE,Abrus precatorius,442106.0,C[N+](C)(C)C(CC1=CNC2=CC=CC=C21)C(=O)[O-],PPB3,Prelamin-A/C,,,,DNN(ECFP6),Homo sapiens,0.05,,,69
HYPAPHORINE,Abrus precatorius,442106.0,C[N+](C)(C)C(CC1=CNC2=CC=CC=C21)C(=O)[O-],PPB3,Lysosomal alpha-glucosidase,,,,DNN(ECFP6),Homo sapiens,0.04,,,70
HYPAPHORINE,Abrus precatorius,442106.0,C[N+](C)(C)C(CC1=CNC2=CC=CC=C21)C(=O)[O-],PPB3,Carboxy-terminal domain RNA polymerase II polypeptide A small phosphatase 1,,,,DNN(ECFP6),Homo sapiens,0.04,,,71
HYPAPHORINE,Abrus precatorius,442106.0,C[N+](C)(C)C(CC1=CNC2=CC=CC=C21)C(=O)[O-],PPB3,Menin/Histone-lysine N-methyltransferase MLL,,,,DNN(ECFP6),Homo sapiens,0.04,,,72
HYPAPHORINE,Abrus precatorius,442106.0,C[N+](C)(C)C(CC1=CNC2=CC=CC=C21)C(=O)[O-],PPB3,Aldehyde dehydrogenase 1A1,,,,DNN(ECFP6),Homo sapiens,0.03,,,73
HYPAPHORINE,Abrus precatorius,442106.0,C[N+](C)(C)C(CC1=CNC2=CC=CC=C21)C(=O)[O-],PPB3,Histone-lysine N-methyltransferase MLL,,,,DNN(ECFP6),Homo sapiens,0.03,,,74
HYPAPHORINE,Abrus precatorius,442106.0,C[N+](C)(C)C(CC1=CNC2=CC=CC=C21)C(=O)[O-],PPB3,Lethal(3)malignant brain tumor-like protein 1,,,,DNN(ECFP6),Homo sapiens,0.02,,,75
HYPAPHORINE,Abrus precatorius,442106.0,C[N+](C)(C)C(CC1=CNC2=CC=CC=C21)C(=O)[O-],PPB3,Prelamin-A/C,,,,DNN(AtomPair),Homo sapiens,0.07,,,76
HYPAPHORINE,Abrus precatorius,442106.0,C[N+](C)(C)C(CC1=CNC2=CC=CC=C21)C(=O)[O-],PPB3,Cytochrome P450 2C19,,,,DNN(AtomPair),Homo sapiens,0.06,,,77
HYPAPHORINE,Abrus precatorius,442106.0,C[N+](C)(C)C(CC1=CNC2=CC=CC=C21)C(=O)[O-],PPB3,Muscarinic acetylcholine receptor M2,,,,DNN(AtomPair),Homo sapiens,0.06,,,78
HYPAPHORINE,Abrus precatorius,442106.0,C[N+](C)(C)C(CC1=CNC2=CC=CC=C21)C(=O)[O-],PPB3,Cytochrome P450 1A2,,,,DNN(AtomPair),Homo sapiens,0.05,,,79
HYPAPHORINE,Abrus precatorius,442106.0,C[N+](C)(C)C(CC1=CNC2=CC=CC=C21)C(=O)[O-],PPB3,Cytochrome P450 2C9,,,,DNN(AtomPair),Homo sapiens,0.05,,,80
HYPAPHORINE,Abrus precatorius,442106.0,C[N+](C)(C)C(CC1=CNC2=CC=CC=C21)C(=O)[O-],PPB3,Survival motor neuron protein,,,,DNN(AtomPair),Homo sapiens,0.05,,,81
HYPAPHORINE,Abrus precatorius,442106.0,C[N+](C)(C)C(CC1=CNC2=CC=CC=C21)C(=O)[O-],PPB3,Huntingtin,,,,DNN(AtomPair),Homo sapiens,0.03,,,82
HYPAPHORINE,Abrus precatorius,442106.0,C[N+](C)(C)C(CC1=CNC2=CC=CC=C21)C(=O)[O-],PPB3,Cytochrome P450 2D6,,,,DNN(AtomPair),Homo sapiens,0.03,,,83
HYPAPHORINE,Abrus precatorius,442106.0,C[N+](C)(C)C(CC1=CNC2=CC=CC=C21)C(=O)[O-],PPB3,Solute carrier organic anion transporter family member 1B3,,,,DNN(AtomPair),Homo sapiens,0.03,,,84
HYPAPHORINE,Abrus precatorius,442106.0,C[N+](C)(C)C(CC1=CNC2=CC=CC=C21)C(=O)[O-],PPB3,Solute carrier organic anion transporter family member 1B1,,,,DNN(AtomPair),Homo sapiens,0.03,,,85
HYPAPHORINE,Abrus precatorius,442106.0,C[N+](C)(C)C(CC1=CNC2=CC=CC=C21)C(=O)[O-],PPB3,Acetylcholinesterase,,,,Consensus,Homo sapiens,0.25,,,86
HYPAPHORINE,Abrus precatorius,442106.0,C[N+](C)(C)C(CC1=CNC2=CC=CC=C21)C(=O)[O-],PPB3,DNA polymerase beta,,,,Consensus,Homo sapiens,0.23,,,87
HYPAPHORINE,Abrus precatorius,442106.0,C[N+](C)(C)C(CC1=CNC2=CC=CC=C21)C(=O)[O-],PPB3,DNA dC->dU-editing enzyme APOBEC-3G,,,,Consensus,Homo sapiens,0.2,,,88
HYPAPHORINE,Abrus precatorius,442106.0,C[N+](C)(C)C(CC1=CNC2=CC=CC=C21)C(=O)[O-],PPB3,SLC16A10 protein,,,,Consensus,Homo sapiens,0.17,,,89
HYPAPHORINE,Abrus precatorius,442106.0,C[N+](C)(C)C(CC1=CNC2=CC=CC=C21)C(=O)[O-],PPB3,Microtubule-associated protein tau,,,,Consensus,Homo sapiens,0.12,,,90
HYPAPHORINE,Abrus precatorius,442106.0,C[N+](C)(C)C(CC1=CNC2=CC=CC=C21)C(=O)[O-],PPB3,Thyroid stimulating hormone receptor,,,,Consensus,Homo sapiens,0.11,,,91
HYPAPHORINE,Abrus precatorius,442106.0,C[N+](C)(C)C(CC1=CNC2=CC=CC=C21)C(=O)[O-],PPB3,Cytochrome P450 2A6,,,,Consensus,Homo sapiens,0.09,,,92
HYPAPHORINE,Abrus precatorius,442106.0,C[N+](C)(C)C(CC1=CNC2=CC=CC=C21)C(=O)[O-],PPB3,Menin/Histone-lysine N-methyltransferase MLL,,,,Consensus,Homo sapiens,0.09,,,93
HYPAPHORINE,Abrus precatorius,442106.0,C[N+](C)(C)C(CC1=CNC2=CC=CC=C21)C(=O)[O-],PPB3,Cytochrome P450 2C19,,,,Consensus,Homo sapiens,0.08,,,94
HYPAPHORINE,Abrus precatorius,442106.0,C[N+](C)(C)C(CC1=CNC2=CC=CC=C21)C(=O)[O-],PPB3,Histone-lysine N-methyltransferase MLL,,,,Consensus,Homo sapiens,0.08,,,95
HYPAPHORINE,Abrus precatorius,442106.0,C[N+](C)(C)C(CC1=CNC2=CC=CC=C21)C(=O)[O-],PPB3,Survival motor neuron protein,,,,Consensus,Homo sapiens,0.08,,,96
HYPAPHORINE,Abrus precatorius,442106.0,C[N+](C)(C)C(CC1=CNC2=CC=CC=C21)C(=O)[O-],PPB3,Prelamin-A/C,,,,Consensus,Homo sapiens,0.07,,,97
HYPAPHORINE,Abrus precatorius,442106.0,C[N+](C)(C)C(CC1=CNC2=CC=CC=C21)C(=O)[O-],PPB3,Butyrylcholinesterase,,,,Consensus,Homo sapiens,0.07,,,98
Hypaphorine,Abrus precatorius,442106.0,[O-]C(=O)[C@@H]([N+](C)(C)C)Cc1c[nH]c2c1cccc2,PPB3,DNA polymerase beta,,,,DNN(ECFP4+MHFP6),Homo sapiens,0.23,,,1
Hypaphorine,Abrus precatorius,442106.0,[O-]C(=O)[C@@H]([N+](C)(C)C)Cc1c[nH]c2c1cccc2,PPB3,Butyrylcholinesterase,,,,DNN(ECFP4+MHFP6),Homo sapiens,0.05,,,2
Hypaphorine,Abrus precatorius,442106.0,[O-]C(=O)[C@@H]([N+](C)(C)C)Cc1c[nH]c2c1cccc2,PPB3,Menin/Histone-lysine N-methyltransferase MLL,,,,DNN(ECFP4+MHFP6),Homo sapiens,0.03,,,3
Hypaphorine,Abrus precatorius,442106.0,[O-]C(=O)[C@@H]([N+](C)(C)C)Cc1c[nH]c2c1cccc2,PPB3,Microtubule-associated protein tau,,,,DNN(ECFP4+MHFP6),Homo sapiens,0.02,,,4
Hypaphorine,Abrus precatorius,442106.0,[O-]C(=O)[C@@H]([N+](C)(C)C)Cc1c[nH]c2c1cccc2,PPB3,Serotonin 2a (5-HT2a) receptor,,,,DNN(ECFP4+MHFP6),Homo sapiens,0.02,,,5
Hypaphorine,Abrus precatorius,442106.0,[O-]C(=O)[C@@H]([N+](C)(C)C)Cc1c[nH]c2c1cccc2,PPB3,Serotonin 1a (5-HT1a) receptor,,,,DNN(ECFP4+MHFP6),Homo sapiens,0.02,,,6
Hypaphorine,Abrus precatorius,442106.0,[O-]C(=O)[C@@H]([N+](C)(C)C)Cc1c[nH]c2c1cccc2,PPB3,Thyroid hormone receptor beta-1,,,,DNN(ECFP4+MHFP6),Homo sapiens,0.01,,,7
Hypaphorine,Abrus precatorius,442106.0,[O-]C(=O)[C@@H]([N+](C)(C)C)Cc1c[nH]c2c1cccc2,PPB3,Histone-lysine N-methyltransferase MLL,,,,DNN(ECFP4+MHFP6),Homo sapiens,0.01,,,8
Hypaphorine,Abrus precatorius,442106.0,[O-]C(=O)[C@@H]([N+](C)(C)C)Cc1c[nH]c2c1cccc2,PPB3,Polyadenylate-binding protein 1,,,,DNN(ECFP4+MHFP6),Homo sapiens,0.01,,,9
Hypaphorine,Abrus precatorius,442106.0,[O-]C(=O)[C@@H]([N+](C)(C)C)Cc1c[nH]c2c1cccc2,PPB3,Serine-protein kinase ATM,,,,DNN(ECFP4+MHFP6),Homo sapiens,0.01,,,10
Hypaphorine,Abrus precatorius,442106.0,[O-]C(=O)[C@@H]([N+](C)(C)C)Cc1c[nH]c2c1cccc2,PPB3,Prelamin-A/C,,,,DNN(ECFP4+MHFP6),Homo sapiens,0.01,,,11
Hypaphorine,Abrus precatorius,442106.0,[O-]C(=O)[C@@H]([N+](C)(C)C)Cc1c[nH]c2c1cccc2,PPB3,Lethal(3)malignant brain tumor-like protein 1,,,,DNN(ECFP4+MHFP6),Homo sapiens,0.01,,,12
Hypaphorine,Abrus precatorius,442106.0,[O-]C(=O)[C@@H]([N+](C)(C)C)Cc1c[nH]c2c1cccc2,PPB3,ATP-dependent DNA helicase Q1,,,,DNN(ECFP4+MHFP6),Homo sapiens,0.01,,,13
Hypaphorine,Abrus precatorius,442106.0,[O-]C(=O)[C@@H]([N+](C)(C)C)Cc1c[nH]c2c1cccc2,PPB3,Survival motor neuron protein,,,,DNN(ECFP4),Homo sapiens,0.06,,,14
Hypaphorine,Abrus precatorius,442106.0,[O-]C(=O)[C@@H]([N+](C)(C)C)Cc1c[nH]c2c1cccc2,PPB3,Menin/Histone-lysine N-methyltransferase MLL,,,,DNN(ECFP4),Homo sapiens,0.06,,,15
Hypaphorine,Abrus precatorius,442106.0,[O-]C(=O)[C@@H]([N+](C)(C)C)Cc1c[nH]c2c1cccc2,PPB3,Melatonin receptor 1A,,,,DNN(ECFP4),Homo sapiens,0.05,,,16
Hypaphorine,Abrus precatorius,442106.0,[O-]C(=O)[C@@H]([N+](C)(C)C)Cc1c[nH]c2c1cccc2,PPB3,Ras-related protein Rab-9A,,,,DNN(ECFP4),Homo sapiens,0.05,,,17
Hypaphorine,Abrus precatorius,442106.0,[O-]C(=O)[C@@H]([N+](C)(C)C)Cc1c[nH]c2c1cccc2,PPB3,Niemann-Pick C1 protein,,,,DNN(ECFP4),Homo sapiens,0.05,,,18
Hypaphorine,Abrus precatorius,442106.0,[O-]C(=O)[C@@H]([N+](C)(C)C)Cc1c[nH]c2c1cccc2,PPB3,Microtubule-associated protein tau,,,,DNN(ECFP4),Homo sapiens,0.05,,,19
Hypaphorine,Abrus precatorius,442106.0,[O-]C(=O)[C@@H]([N+](C)(C)C)Cc1c[nH]c2c1cccc2,PPB3,DNA polymerase beta,,,,DNN(ECFP4),Homo sapiens,0.05,,,20
Hypaphorine,Abrus precatorius,442106.0,[O-]C(=O)[C@@H]([N+](C)(C)C)Cc1c[nH]c2c1cccc2,PPB3,Pyruvate kinase isozymes M1/M2,,,,DNN(ECFP4),Homo sapiens,0.04,,,21
Hypaphorine,Abrus precatorius,442106.0,[O-]C(=O)[C@@H]([N+](C)(C)C)Cc1c[nH]c2c1cccc2,PPB3,Melatonin receptor 1B,,,,DNN(ECFP4),Homo sapiens,0.04,,,22
Hypaphorine,Abrus precatorius,442106.0,[O-]C(=O)[C@@H]([N+](C)(C)C)Cc1c[nH]c2c1cccc2,PPB3,microRNA 21,,,,DNN(ECFP4),Homo sapiens,0.04,,,23
Hypaphorine,Abrus precatorius,442106.0,[O-]C(=O)[C@@H]([N+](C)(C)C)Cc1c[nH]c2c1cccc2,PPB3,Prelamin-A/C,,,,DNN(ECFP4),Homo sapiens,0.04,,,24
Hypaphorine,Abrus precatorius,442106.0,[O-]C(=O)[C@@H]([N+](C)(C)C)Cc1c[nH]c2c1cccc2,PPB3,Lysosomal alpha-glucosidase,,,,DNN(ECFP4),Homo sapiens,0.03,,,25
Hypaphorine,Abrus precatorius,442106.0,[O-]C(=O)[C@@H]([N+](C)(C)C)Cc1c[nH]c2c1cccc2,PPB3,Cellular tumor antigen p53,,,,DNN(ECFP4),Homo sapiens,0.03,,,26
Hypaphorine,Abrus precatorius,442106.0,[O-]C(=O)[C@@H]([N+](C)(C)C)Cc1c[nH]c2c1cccc2,PPB3,Endoplasmic reticulum-associated amyloid beta-peptide-binding protein,,,,DNN(ECFP4),Homo sapiens,0.03,,,27
Hypaphorine,Abrus precatorius,442106.0,[O-]C(=O)[C@@H]([N+](C)(C)C)Cc1c[nH]c2c1cccc2,PPB3,Dopamine D2 receptor,,,,DNN(ECFP4),Homo sapiens,0.03,,,28
Hypaphorine,Abrus precatorius,442106.0,[O-]C(=O)[C@@H]([N+](C)(C)C)Cc1c[nH]c2c1cccc2,PPB3,MAP kinase ERK2,,,,DNN(ECFP4),Homo sapiens,0.02,,,29
Hypaphorine,Abrus precatorius,442106.0,[O-]C(=O)[C@@H]([N+](C)(C)C)Cc1c[nH]c2c1cccc2,PPB3,Acetylcholinesterase,,,,DNN(RDKit),Homo sapiens,0.25,,,30
Hypaphorine,Abrus precatorius,442106.0,[O-]C(=O)[C@@H]([N+](C)(C)C)Cc1c[nH]c2c1cccc2,PPB3,SLC16A10 protein,,,,DNN(RDKit),Homo sapiens,0.17,,,31
Hypaphorine,Abrus precatorius,442106.0,[O-]C(=O)[C@@H]([N+](C)(C)C)Cc1c[nH]c2c1cccc2,PPB3,Thyroid stimulating hormone receptor,,,,DNN(RDKit),Homo sapiens,0.11,,,32
Hypaphorine,Abrus precatorius,442106.0,[O-]C(=O)[C@@H]([N+](C)(C)C)Cc1c[nH]c2c1cccc2,PPB3,Cytochrome P450 2A6,,,,DNN(RDKit),Homo sapiens,0.09,,,33
Hypaphorine,Abrus precatorius,442106.0,[O-]C(=O)[C@@H]([N+](C)(C)C)Cc1c[nH]c2c1cccc2,PPB3,Cytochrome P450 2C19,,,,DNN(RDKit),Homo sapiens,0.08,,,34
Hypaphorine,Abrus precatorius,442106.0,[O-]C(=O)[C@@H]([N+](C)(C)C)Cc1c[nH]c2c1cccc2,PPB3,Survival motor neuron protein,,,,DNN(RDKit),Homo sapiens,0.08,,,35
Hypaphorine,Abrus precatorius,442106.0,[O-]C(=O)[C@@H]([N+](C)(C)C)Cc1c[nH]c2c1cccc2,PPB3,Butyrylcholinesterase,,,,DNN(RDKit),Homo sapiens,0.07,,,36
Hypaphorine,Abrus precatorius,442106.0,[O-]C(=O)[C@@H]([N+](C)(C)C)Cc1c[nH]c2c1cccc2,PPB3,Prelamin-A/C,,,,DNN(RDKit),Homo sapiens,0.06,,,37
Hypaphorine,Abrus precatorius,442106.0,[O-]C(=O)[C@@H]([N+](C)(C)C)Cc1c[nH]c2c1cccc2,PPB3,Cytochrome P450 1A2,,,,DNN(RDKit),Homo sapiens,0.05,,,38
Hypaphorine,Abrus precatorius,442106.0,[O-]C(=O)[C@@H]([N+](C)(C)C)Cc1c[nH]c2c1cccc2,PPB3,Huntingtin,,,,DNN(RDKit),Homo sapiens,0.04,,,39
Hypaphorine,Abrus precatorius,442106.0,[O-]C(=O)[C@@H]([N+](C)(C)C)Cc1c[nH]c2c1cccc2,PPB3,Carbonic anhydrase I,,,,DNN(RDKit),Homo sapiens,0.04,,,40
Hypaphorine,Abrus precatorius,442106.0,[O-]C(=O)[C@@H]([N+](C)(C)C)Cc1c[nH]c2c1cccc2,PPB3,Carbonic anhydrase II,,,,DNN(RDKit),Homo sapiens,0.04,,,41
Hypaphorine,Abrus precatorius,442106.0,[O-]C(=O)[C@@H]([N+](C)(C)C)Cc1c[nH]c2c1cccc2,PPB3,Cytochrome P450 2D6,,,,DNN(RDKit),Homo sapiens,0.04,,,42
Hypaphorine,Abrus precatorius,442106.0,[O-]C(=O)[C@@H]([N+](C)(C)C)Cc1c[nH]c2c1cccc2,PPB3,Microtubule-associated protein tau,,,,DNN(RDKit),Homo sapiens,0.04,,,43
Hypaphorine,Abrus precatorius,442106.0,[O-]C(=O)[C@@H]([N+](C)(C)C)Cc1c[nH]c2c1cccc2,PPB3,Aldehyde dehydrogenase 1A1,,,,DNN(RDKit),Homo sapiens,0.03,,,44
Hypaphorine,Abrus precatorius,442106.0,[O-]C(=O)[C@@H]([N+](C)(C)C)Cc1c[nH]c2c1cccc2,PPB3,Menin/Histone-lysine N-methyltransferase MLL,,,,DNN(Layered),Homo sapiens,0.03,,,45
Hypaphorine,Abrus precatorius,442106.0,[O-]C(=O)[C@@H]([N+](C)(C)C)Cc1c[nH]c2c1cccc2,PPB3,P-glycoprotein 1,,,,DNN(Layered),Homo sapiens,0.03,,,46
Hypaphorine,Abrus precatorius,442106.0,[O-]C(=O)[C@@H]([N+](C)(C)C)Cc1c[nH]c2c1cccc2,PPB3,Microtubule-associated protein tau,,,,DNN(Layered),Homo sapiens,0.02,,,47
Hypaphorine,Abrus precatorius,442106.0,[O-]C(=O)[C@@H]([N+](C)(C)C)Cc1c[nH]c2c1cccc2,PPB3,Aldehyde dehydrogenase 1A1,,,,DNN(Layered),Homo sapiens,0.02,,,48
Hypaphorine,Abrus precatorius,442106.0,[O-]C(=O)[C@@H]([N+](C)(C)C)Cc1c[nH]c2c1cccc2,PPB3,Solute carrier organic anion transporter family member 1B1,,,,DNN(Layered),Homo sapiens,0.02,,,49
Hypaphorine,Abrus precatorius,442106.0,[O-]C(=O)[C@@H]([N+](C)(C)C)Cc1c[nH]c2c1cccc2,PPB3,Prelamin-A/C,,,,DNN(Layered),Homo sapiens,0.02,,,50
Hypaphorine,Abrus precatorius,442106.0,[O-]C(=O)[C@@H]([N+](C)(C)C)Cc1c[nH]c2c1cccc2,PPB3,Cytochrome P450 2D6,,,,DNN(Layered),Homo sapiens,0.02,,,51
Hypaphorine,Abrus precatorius,442106.0,[O-]C(=O)[C@@H]([N+](C)(C)C)Cc1c[nH]c2c1cccc2,PPB3,Solute carrier organic anion transporter family member 1B3,,,,DNN(Layered),Homo sapiens,0.02,,,52
Hypaphorine,Abrus precatorius,442106.0,[O-]C(=O)[C@@H]([N+](C)(C)C)Cc1c[nH]c2c1cccc2,PPB3,Neuropeptide S receptor,,,,DNN(Layered),Homo sapiens,0.02,,,53
Hypaphorine,Abrus precatorius,442106.0,[O-]C(=O)[C@@H]([N+](C)(C)C)Cc1c[nH]c2c1cccc2,PPB3,Survival motor neuron protein,,,,DNN(Layered),Homo sapiens,0.02,,,54
Hypaphorine,Abrus precatorius,442106.0,[O-]C(=O)[C@@H]([N+](C)(C)C)Cc1c[nH]c2c1cccc2,PPB3,Microtubule-associated protein tau,,,,DNN(MHFP6),Homo sapiens,0.12,,,55
Hypaphorine,Abrus precatorius,442106.0,[O-]C(=O)[C@@H]([N+](C)(C)C)Cc1c[nH]c2c1cccc2,PPB3,Menin/Histone-lysine N-methyltransferase MLL,,,,DNN(MHFP6),Homo sapiens,0.09,,,56
Hypaphorine,Abrus precatorius,442106.0,[O-]C(=O)[C@@H]([N+](C)(C)C)Cc1c[nH]c2c1cccc2,PPB3,Histone-lysine N-methyltransferase MLL,,,,DNN(MHFP6),Homo sapiens,0.08,,,57
Hypaphorine,Abrus precatorius,442106.0,[O-]C(=O)[C@@H]([N+](C)(C)C)Cc1c[nH]c2c1cccc2,PPB3,DNA polymerase beta,,,,DNN(MHFP6),Homo sapiens,0.08,,,58
Hypaphorine,Abrus precatorius,442106.0,[O-]C(=O)[C@@H]([N+](C)(C)C)Cc1c[nH]c2c1cccc2,PPB3,Prelamin-A/C,,,,DNN(MHFP6),Homo sapiens,0.05,,,59
Hypaphorine,Abrus precatorius,442106.0,[O-]C(=O)[C@@H]([N+](C)(C)C)Cc1c[nH]c2c1cccc2,PPB3,microRNA 21,,,,DNN(MHFP6),Homo sapiens,0.04,,,60
Hypaphorine,Abrus precatorius,442106.0,[O-]C(=O)[C@@H]([N+](C)(C)C)Cc1c[nH]c2c1cccc2,PPB3,Lethal(3)malignant brain tumor-like protein 1,,,,DNN(MHFP6),Homo sapiens,0.04,,,61
Hypaphorine,Abrus precatorius,442106.0,[O-]C(=O)[C@@H]([N+](C)(C)C)Cc1c[nH]c2c1cccc2,PPB3,Lysosomal alpha-glucosidase,,,,DNN(MHFP6),Homo sapiens,0.04,,,62
Hypaphorine,Abrus precatorius,442106.0,[O-]C(=O)[C@@H]([N+](C)(C)C)Cc1c[nH]c2c1cccc2,PPB3,Ras-related protein Rab-9A,,,,DNN(MHFP6),Homo sapiens,0.02,,,63
Hypaphorine,Abrus precatorius,442106.0,[O-]C(=O)[C@@H]([N+](C)(C)C)Cc1c[nH]c2c1cccc2,PPB3,Thyroid hormone receptor beta-1,,,,DNN(MHFP6),Homo sapiens,0.02,,,64
Hypaphorine,Abrus precatorius,442106.0,[O-]C(=O)[C@@H]([N+](C)(C)C)Cc1c[nH]c2c1cccc2,PPB3,FAD-linked sulfhydryl oxidase ALR,,,,DNN(MHFP6),Homo sapiens,0.02,,,65
Hypaphorine,Abrus precatorius,442106.0,[O-]C(=O)[C@@H]([N+](C)(C)C)Cc1c[nH]c2c1cccc2,PPB3,Tyrosyl-DNA phosphodiesterase 1,,,,DNN(MHFP6),Homo sapiens,0.02,,,66
Hypaphorine,Abrus precatorius,442106.0,[O-]C(=O)[C@@H]([N+](C)(C)C)Cc1c[nH]c2c1cccc2,PPB3,DNA dC->dU-editing enzyme APOBEC-3G,,,,DNN(ECFP6),Homo sapiens,0.2,,,67
Hypaphorine,Abrus precatorius,442106.0,[O-]C(=O)[C@@H]([N+](C)(C)C)Cc1c[nH]c2c1cccc2,PPB3,DNA polymerase beta,,,,DNN(ECFP6),Homo sapiens,0.09,,,68
Hypaphorine,Abrus precatorius,442106.0,[O-]C(=O)[C@@H]([N+](C)(C)C)Cc1c[nH]c2c1cccc2,PPB3,Prelamin-A/C,,,,DNN(ECFP6),Homo sapiens,0.05,,,69
Hypaphorine,Abrus precatorius,442106.0,[O-]C(=O)[C@@H]([N+](C)(C)C)Cc1c[nH]c2c1cccc2,PPB3,Lysosomal alpha-glucosidase,,,,DNN(ECFP6),Homo sapiens,0.04,,,70
Hypaphorine,Abrus precatorius,442106.0,[O-]C(=O)[C@@H]([N+](C)(C)C)Cc1c[nH]c2c1cccc2,PPB3,Carboxy-terminal domain RNA polymerase II polypeptide A small phosphatase 1,,,,DNN(ECFP6),Homo sapiens,0.04,,,71
Hypaphorine,Abrus precatorius,442106.0,[O-]C(=O)[C@@H]([N+](C)(C)C)Cc1c[nH]c2c1cccc2,PPB3,Menin/Histone-lysine N-methyltransferase MLL,,,,DNN(ECFP6),Homo sapiens,0.04,,,72
Hypaphorine,Abrus precatorius,442106.0,[O-]C(=O)[C@@H]([N+](C)(C)C)Cc1c[nH]c2c1cccc2,PPB3,Aldehyde dehydrogenase 1A1,,,,DNN(ECFP6),Homo sapiens,0.03,,,73
Hypaphorine,Abrus precatorius,442106.0,[O-]C(=O)[C@@H]([N+](C)(C)C)Cc1c[nH]c2c1cccc2,PPB3,Histone-lysine N-methyltransferase MLL,,,,DNN(ECFP6),Homo sapiens,0.03,,,74
Hypaphorine,Abrus precatorius,442106.0,[O-]C(=O)[C@@H]([N+](C)(C)C)Cc1c[nH]c2c1cccc2,PPB3,Lethal(3)malignant brain tumor-like protein 1,,,,DNN(ECFP6),Homo sapiens,0.02,,,75
Hypaphorine,Abrus precatorius,442106.0,[O-]C(=O)[C@@H]([N+](C)(C)C)Cc1c[nH]c2c1cccc2,PPB3,Prelamin-A/C,,,,DNN(AtomPair),Homo sapiens,0.07,,,76
Hypaphorine,Abrus precatorius,442106.0,[O-]C(=O)[C@@H]([N+](C)(C)C)Cc1c[nH]c2c1cccc2,PPB3,Cytochrome P450 2C19,,,,DNN(AtomPair),Homo sapiens,0.06,,,77
Hypaphorine,Abrus precatorius,442106.0,[O-]C(=O)[C@@H]([N+](C)(C)C)Cc1c[nH]c2c1cccc2,PPB3,Muscarinic acetylcholine receptor M2,,,,DNN(AtomPair),Homo sapiens,0.06,,,78
Hypaphorine,Abrus precatorius,442106.0,[O-]C(=O)[C@@H]([N+](C)(C)C)Cc1c[nH]c2c1cccc2,PPB3,Cytochrome P450 1A2,,,,DNN(AtomPair),Homo sapiens,0.05,,,79
Hypaphorine,Abrus precatorius,442106.0,[O-]C(=O)[C@@H]([N+](C)(C)C)Cc1c[nH]c2c1cccc2,PPB3,Cytochrome P450 2C9,,,,DNN(AtomPair),Homo sapiens,0.05,,,80
Hypaphorine,Abrus precatorius,442106.0,[O-]C(=O)[C@@H]([N+](C)(C)C)Cc1c[nH]c2c1cccc2,PPB3,Survival motor neuron protein,,,,DNN(AtomPair),Homo sapiens,0.05,,,81
Hypaphorine,Abrus precatorius,442106.0,[O-]C(=O)[C@@H]([N+](C)(C)C)Cc1c[nH]c2c1cccc2,PPB3,Huntingtin,,,,DNN(AtomPair),Homo sapiens,0.03,,,82
Hypaphorine,Abrus precatorius,442106.0,[O-]C(=O)[C@@H]([N+](C)(C)C)Cc1c[nH]c2c1cccc2,PPB3,Cytochrome P450 2D6,,,,DNN(AtomPair),Homo sapiens,0.03,,,83
Hypaphorine,Abrus precatorius,442106.0,[O-]C(=O)[C@@H]([N+](C)(C)C)Cc1c[nH]c2c1cccc2,PPB3,Solute carrier organic anion transporter family member 1B3,,,,DNN(AtomPair),Homo sapiens,0.03,,,84
Hypaphorine,Abrus precatorius,442106.0,[O-]C(=O)[C@@H]([N+](C)(C)C)Cc1c[nH]c2c1cccc2,PPB3,Solute carrier organic anion transporter family member 1B1,,,,DNN(AtomPair),Homo sapiens,0.03,,,85
Hypaphorine,Abrus precatorius,442106.0,[O-]C(=O)[C@@H]([N+](C)(C)C)Cc1c[nH]c2c1cccc2,PPB3,Acetylcholinesterase,,,,Consensus,Homo sapiens,0.25,,,86
Hypaphorine,Abrus precatorius,442106.0,[O-]C(=O)[C@@H]([N+](C)(C)C)Cc1c[nH]c2c1cccc2,PPB3,DNA polymerase beta,,,,Consensus,Homo sapiens,0.23,,,87
Hypaphorine,Abrus precatorius,442106.0,[O-]C(=O)[C@@H]([N+](C)(C)C)Cc1c[nH]c2c1cccc2,PPB3,DNA dC->dU-editing enzyme APOBEC-3G,,,,Consensus,Homo sapiens,0.2,,,88
Hypaphorine,Abrus precatorius,442106.0,[O-]C(=O)[C@@H]([N+](C)(C)C)Cc1c[nH]c2c1cccc2,PPB3,SLC16A10 protein,,,,Consensus,Homo sapiens,0.17,,,89
Hypaphorine,Abrus precatorius,442106.0,[O-]C(=O)[C@@H]([N+](C)(C)C)Cc1c[nH]c2c1cccc2,PPB3,Microtubule-associated protein tau,,,,Consensus,Homo sapiens,0.12,,,90
Hypaphorine,Abrus precatorius,442106.0,[O-]C(=O)[C@@H]([N+](C)(C)C)Cc1c[nH]c2c1cccc2,PPB3,Thyroid stimulating hormone receptor,,,,Consensus,Homo sapiens,0.11,,,91
Hypaphorine,Abrus precatorius,442106.0,[O-]C(=O)[C@@H]([N+](C)(C)C)Cc1c[nH]c2c1cccc2,PPB3,Cytochrome P450 2A6,,,,Consensus,Homo sapiens,0.09,,,92
Hypaphorine,Abrus precatorius,442106.0,[O-]C(=O)[C@@H]([N+](C)(C)C)Cc1c[nH]c2c1cccc2,PPB3,Menin/Histone-lysine N-methyltransferase MLL,,,,Consensus,Homo sapiens,0.09,,,93
Hypaphorine,Abrus precatorius,442106.0,[O-]C(=O)[C@@H]([N+](C)(C)C)Cc1c[nH]c2c1cccc2,PPB3,Cytochrome P450 2C19,,,,Consensus,Homo sapiens,0.08,,,94
Hypaphorine,Abrus precatorius,442106.0,[O-]C(=O)[C@@H]([N+](C)(C)C)Cc1c[nH]c2c1cccc2,PPB3,Histone-lysine N-methyltransferase MLL,,,,Consensus,Homo sapiens,0.08,,,95
Hypaphorine,Abrus precatorius,442106.0,[O-]C(=O)[C@@H]([N+](C)(C)C)Cc1c[nH]c2c1cccc2,PPB3,Survival motor neuron protein,,,,Consensus,Homo sapiens,0.08,,,96
Hypaphorine,Abrus precatorius,442106.0,[O-]C(=O)[C@@H]([N+](C)(C)C)Cc1c[nH]c2c1cccc2,PPB3,Prelamin-A/C,,,,Consensus,Homo sapiens,0.07,,,97
Hypaphorine,Abrus precatorius,442106.0,[O-]C(=O)[C@@H]([N+](C)(C)C)Cc1c[nH]c2c1cccc2,PPB3,Butyrylcholinesterase,,,,Consensus,Homo sapiens,0.07,,,98
L-Abrine,Abrus precatorius,160511.0,CN[C@@H](Cc1c[nH]c2ccccc12)C(=O)O,PPB3,SLC16A10 protein,,,,DNN(ECFP4+MHFP6),Homo sapiens,0.99,,,1
L-Abrine,Abrus precatorius,160511.0,CN[C@@H](Cc1c[nH]c2ccccc12)C(=O)O,PPB3,Solute carrier organic anion transporter family member 1B1,,,,DNN(ECFP4+MHFP6),Homo sapiens,0.99,,,2
L-Abrine,Abrus precatorius,160511.0,CN[C@@H](Cc1c[nH]c2ccccc12)C(=O)O,PPB3,Solute carrier organic anion transporter family member 1B3,,,,DNN(ECFP4+MHFP6),Homo sapiens,0.99,,,3
L-Abrine,Abrus precatorius,160511.0,CN[C@@H](Cc1c[nH]c2ccccc12)C(=O)O,PPB3,Prelamin-A/C,,,,DNN(ECFP4+MHFP6),Homo sapiens,0.12,,,4
L-Abrine,Abrus precatorius,160511.0,CN[C@@H](Cc1c[nH]c2ccccc12)C(=O)O,PPB3,Microtubule-associated protein tau,,,,DNN(ECFP4+MHFP6),Homo sapiens,0.11,,,5
L-Abrine,Abrus precatorius,160511.0,CN[C@@H](Cc1c[nH]c2ccccc12)C(=O)O,PPB3,Tyrosyl-DNA phosphodiesterase 1,,,,DNN(ECFP4+MHFP6),Homo sapiens,0.07,,,6
L-Abrine,Abrus precatorius,160511.0,CN[C@@H](Cc1c[nH]c2ccccc12)C(=O)O,PPB3,Menin/Histone-lysine N-methyltransferase MLL,,,,DNN(ECFP4+MHFP6),Homo sapiens,0.07,,,7
L-Abrine,Abrus precatorius,160511.0,CN[C@@H](Cc1c[nH]c2ccccc12)C(=O)O,PPB3,ATP-dependent DNA helicase Q1,,,,DNN(ECFP4+MHFP6),Homo sapiens,0.04,,,8
L-Abrine,Abrus precatorius,160511.0,CN[C@@H](Cc1c[nH]c2ccccc12)C(=O)O,PPB3,Thyroid stimulating hormone receptor,,,,DNN(ECFP4+MHFP6),Homo sapiens,0.04,,,9
L-Abrine,Abrus precatorius,160511.0,CN[C@@H](Cc1c[nH]c2ccccc12)C(=O)O,PPB3,Cytochrome P450 1A2,,,,DNN(ECFP4+MHFP6),Homo sapiens,0.02,,,10
L-Abrine,Abrus precatorius,160511.0,CN[C@@H](Cc1c[nH]c2ccccc12)C(=O)O,PPB3,Keap1/Nrf2,,,,DNN(ECFP4+MHFP6),Homo sapiens,0.02,,,11
L-Abrine,Abrus precatorius,160511.0,CN[C@@H](Cc1c[nH]c2ccccc12)C(=O)O,PPB3,MAP kinase ERK2,,,,DNN(ECFP4+MHFP6),Homo sapiens,0.02,,,12
L-Abrine,Abrus precatorius,160511.0,CN[C@@H](Cc1c[nH]c2ccccc12)C(=O)O,PPB3,Ubiquitin carboxyl-terminal hydrolase 2,,,,DNN(ECFP4+MHFP6),Homo sapiens,0.02,,,13
L-Abrine,Abrus precatorius,160511.0,CN[C@@H](Cc1c[nH]c2ccccc12)C(=O)O,PPB3,SLC16A10 protein,,,,DNN(ECFP4),Homo sapiens,1.0,,,14
L-Abrine,Abrus precatorius,160511.0,CN[C@@H](Cc1c[nH]c2ccccc12)C(=O)O,PPB3,Solute carrier organic anion transporter family member 1B3,,,,DNN(ECFP4),Homo sapiens,0.78,,,15
L-Abrine,Abrus precatorius,160511.0,CN[C@@H](Cc1c[nH]c2ccccc12)C(=O)O,PPB3,Solute carrier organic anion transporter family member 1B1,,,,DNN(ECFP4),Homo sapiens,0.75,,,16
L-Abrine,Abrus precatorius,160511.0,CN[C@@H](Cc1c[nH]c2ccccc12)C(=O)O,PPB3,Prelamin-A/C,,,,DNN(ECFP4),Homo sapiens,0.16,,,17
L-Abrine,Abrus precatorius,160511.0,CN[C@@H](Cc1c[nH]c2ccccc12)C(=O)O,PPB3,Thyroid stimulating hormone receptor,,,,DNN(ECFP4),Homo sapiens,0.13,,,18
L-Abrine,Abrus precatorius,160511.0,CN[C@@H](Cc1c[nH]c2ccccc12)C(=O)O,PPB3,Carbonic anhydrase VI,,,,DNN(ECFP4),Homo sapiens,0.08,,,19
L-Abrine,Abrus precatorius,160511.0,CN[C@@H](Cc1c[nH]c2ccccc12)C(=O)O,PPB3,Arachidonate 15-lipoxygenase,,,,DNN(ECFP4),Homo sapiens,0.06,,,20
L-Abrine,Abrus precatorius,160511.0,CN[C@@H](Cc1c[nH]c2ccccc12)C(=O)O,PPB3,MAP kinase ERK2,,,,DNN(ECFP4),Homo sapiens,0.06,,,21
L-Abrine,Abrus precatorius,160511.0,CN[C@@H](Cc1c[nH]c2ccccc12)C(=O)O,PPB3,Aldehyde dehydrogenase 1A1,,,,DNN(ECFP4),Homo sapiens,0.05,,,22
L-Abrine,Abrus precatorius,160511.0,CN[C@@H](Cc1c[nH]c2ccccc12)C(=O)O,PPB3,Carbonic anhydrase VB,,,,DNN(ECFP4),Homo sapiens,0.05,,,23
L-Abrine,Abrus precatorius,160511.0,CN[C@@H](Cc1c[nH]c2ccccc12)C(=O)O,PPB3,Homo sapiens,,,,DNN(ECFP4),Homo sapiens,0.04,,,24
L-Abrine,Abrus precatorius,160511.0,CN[C@@H](Cc1c[nH]c2ccccc12)C(=O)O,PPB3,Carbonic anhydrase VA,,,,DNN(ECFP4),Homo sapiens,0.04,,,25
L-Abrine,Abrus precatorius,160511.0,CN[C@@H](Cc1c[nH]c2ccccc12)C(=O)O,PPB3,Endoplasmic reticulum-associated amyloid beta-peptide-binding protein,,,,DNN(ECFP4),Homo sapiens,0.04,,,26
L-Abrine,Abrus precatorius,160511.0,CN[C@@H](Cc1c[nH]c2ccccc12)C(=O)O,PPB3,Survival motor neuron protein,,,,DNN(ECFP4),Homo sapiens,0.04,,,27
L-Abrine,Abrus precatorius,160511.0,CN[C@@H](Cc1c[nH]c2ccccc12)C(=O)O,PPB3,SLC16A10 protein,,,,DNN(RDKit),Homo sapiens,0.98,,,28
L-Abrine,Abrus precatorius,160511.0,CN[C@@H](Cc1c[nH]c2ccccc12)C(=O)O,PPB3,Thyroid stimulating hormone receptor,,,,DNN(RDKit),Homo sapiens,0.13,,,29
L-Abrine,Abrus precatorius,160511.0,CN[C@@H](Cc1c[nH]c2ccccc12)C(=O)O,PPB3,Cytochrome P450 1A2,,,,DNN(RDKit),Homo sapiens,0.12,,,30
L-Abrine,Abrus precatorius,160511.0,CN[C@@H](Cc1c[nH]c2ccccc12)C(=O)O,PPB3,Solute carrier organic anion transporter family member 1B3,,,,DNN(RDKit),Homo sapiens,0.12,,,31
L-Abrine,Abrus precatorius,160511.0,CN[C@@H](Cc1c[nH]c2ccccc12)C(=O)O,PPB3,Cytochrome P450 2C19,,,,DNN(RDKit),Homo sapiens,0.12,,,32
L-Abrine,Abrus precatorius,160511.0,CN[C@@H](Cc1c[nH]c2ccccc12)C(=O)O,PPB3,Prelamin-A/C,,,,DNN(RDKit),Homo sapiens,0.07,,,33
L-Abrine,Abrus precatorius,160511.0,CN[C@@H](Cc1c[nH]c2ccccc12)C(=O)O,PPB3,Solute carrier organic anion transporter family member 1B1,,,,DNN(RDKit),Homo sapiens,0.07,,,34
L-Abrine,Abrus precatorius,160511.0,CN[C@@H](Cc1c[nH]c2ccccc12)C(=O)O,PPB3,Cytochrome P450 2D6,,,,DNN(RDKit),Homo sapiens,0.06,,,35
L-Abrine,Abrus precatorius,160511.0,CN[C@@H](Cc1c[nH]c2ccccc12)C(=O)O,PPB3,Carbonic anhydrase IV,,,,DNN(RDKit),Homo sapiens,0.04,,,36
L-Abrine,Abrus precatorius,160511.0,CN[C@@H](Cc1c[nH]c2ccccc12)C(=O)O,PPB3,L-type amino acid transporter 1,,,,DNN(RDKit),Homo sapiens,0.04,,,37
L-Abrine,Abrus precatorius,160511.0,CN[C@@H](Cc1c[nH]c2ccccc12)C(=O)O,PPB3,Survival motor neuron protein,,,,DNN(RDKit),Homo sapiens,0.03,,,38
L-Abrine,Abrus precatorius,160511.0,CN[C@@H](Cc1c[nH]c2ccccc12)C(=O)O,PPB3,Cytochrome P450 3A4,,,,DNN(RDKit),Homo sapiens,0.03,,,39
L-Abrine,Abrus precatorius,160511.0,CN[C@@H](Cc1c[nH]c2ccccc12)C(=O)O,PPB3,Microtubule-associated protein tau,,,,DNN(RDKit),Homo sapiens,0.03,,,40
L-Abrine,Abrus precatorius,160511.0,CN[C@@H](Cc1c[nH]c2ccccc12)C(=O)O,PPB3,Aldehyde dehydrogenase 1A1,,,,DNN(RDKit),Homo sapiens,0.02,,,41
L-Abrine,Abrus precatorius,160511.0,CN[C@@H](Cc1c[nH]c2ccccc12)C(=O)O,PPB3,Menin/Histone-lysine N-methyltransferase MLL,,,,DNN(RDKit),Homo sapiens,0.02,,,42
L-Abrine,Abrus precatorius,160511.0,CN[C@@H](Cc1c[nH]c2ccccc12)C(=O)O,PPB3,Cytochrome P450 2C9,,,,DNN(RDKit),Homo sapiens,0.02,,,43
L-Abrine,Abrus precatorius,160511.0,CN[C@@H](Cc1c[nH]c2ccccc12)C(=O)O,PPB3,SLC16A10 protein,,,,DNN(Layered),Homo sapiens,0.88,,,44
L-Abrine,Abrus precatorius,160511.0,CN[C@@H](Cc1c[nH]c2ccccc12)C(=O)O,PPB3,Solute carrier organic anion transporter family member 1B3,,,,DNN(Layered),Homo sapiens,0.46,,,45
L-Abrine,Abrus precatorius,160511.0,CN[C@@H](Cc1c[nH]c2ccccc12)C(=O)O,PPB3,Solute carrier organic anion transporter family member 1B1,,,,DNN(Layered),Homo sapiens,0.42,,,46
L-Abrine,Abrus precatorius,160511.0,CN[C@@H](Cc1c[nH]c2ccccc12)C(=O)O,PPB3,Myeloperoxidase,,,,DNN(Layered),Homo sapiens,0.07,,,47
L-Abrine,Abrus precatorius,160511.0,CN[C@@H](Cc1c[nH]c2ccccc12)C(=O)O,PPB3,Prelamin-A/C,,,,DNN(Layered),Homo sapiens,0.07,,,48
L-Abrine,Abrus precatorius,160511.0,CN[C@@H](Cc1c[nH]c2ccccc12)C(=O)O,PPB3,Nuclear factor NF-kappa-B p105 subunit,,,,DNN(Layered),Homo sapiens,0.07,,,49
L-Abrine,Abrus precatorius,160511.0,CN[C@@H](Cc1c[nH]c2ccccc12)C(=O)O,PPB3,Survival motor neuron protein,,,,DNN(Layered),Homo sapiens,0.06,,,50
L-Abrine,Abrus precatorius,160511.0,CN[C@@H](Cc1c[nH]c2ccccc12)C(=O)O,PPB3,Cytochrome P450 2C19,,,,DNN(Layered),Homo sapiens,0.05,,,51
L-Abrine,Abrus precatorius,160511.0,CN[C@@H](Cc1c[nH]c2ccccc12)C(=O)O,PPB3,Aldehyde dehydrogenase 1A1,,,,DNN(Layered),Homo sapiens,0.05,,,52
L-Abrine,Abrus precatorius,160511.0,CN[C@@H](Cc1c[nH]c2ccccc12)C(=O)O,PPB3,Menin/Histone-lysine N-methyltransferase MLL,,,,DNN(Layered),Homo sapiens,0.05,,,53
L-Abrine,Abrus precatorius,160511.0,CN[C@@H](Cc1c[nH]c2ccccc12)C(=O)O,PPB3,Tyrosyl-DNA phosphodiesterase 1,,,,DNN(Layered),Homo sapiens,0.04,,,54
L-Abrine,Abrus precatorius,160511.0,CN[C@@H](Cc1c[nH]c2ccccc12)C(=O)O,PPB3,Bloom syndrome protein,,,,DNN(Layered),Homo sapiens,0.04,,,55
L-Abrine,Abrus precatorius,160511.0,CN[C@@H](Cc1c[nH]c2ccccc12)C(=O)O,PPB3,Thyroid stimulating hormone receptor,,,,DNN(Layered),Homo sapiens,0.04,,,56
L-Abrine,Abrus precatorius,160511.0,CN[C@@H](Cc1c[nH]c2ccccc12)C(=O)O,PPB3,Pyruvate kinase isozymes M1/M2,,,,DNN(Layered),Homo sapiens,0.04,,,57
L-Abrine,Abrus precatorius,160511.0,CN[C@@H](Cc1c[nH]c2ccccc12)C(=O)O,PPB3,Huntingtin,,,,DNN(Layered),Homo sapiens,0.04,,,58
L-Abrine,Abrus precatorius,160511.0,CN[C@@H](Cc1c[nH]c2ccccc12)C(=O)O,PPB3,SLC16A10 protein,,,,DNN(MHFP6),Homo sapiens,0.99,,,59
L-Abrine,Abrus precatorius,160511.0,CN[C@@H](Cc1c[nH]c2ccccc12)C(=O)O,PPB3,Solute carrier organic anion transporter family member 1B3,,,,DNN(MHFP6),Homo sapiens,0.95,,,60
L-Abrine,Abrus precatorius,160511.0,CN[C@@H](Cc1c[nH]c2ccccc12)C(=O)O,PPB3,Solute carrier organic anion transporter family member 1B1,,,,DNN(MHFP6),Homo sapiens,0.93,,,61
L-Abrine,Abrus precatorius,160511.0,CN[C@@H](Cc1c[nH]c2ccccc12)C(=O)O,PPB3,Prelamin-A/C,,,,DNN(MHFP6),Homo sapiens,0.11,,,62
L-Abrine,Abrus precatorius,160511.0,CN[C@@H](Cc1c[nH]c2ccccc12)C(=O)O,PPB3,Angiotensin-converting enzyme,,,,DNN(MHFP6),Homo sapiens,0.1,,,63
L-Abrine,Abrus precatorius,160511.0,CN[C@@H](Cc1c[nH]c2ccccc12)C(=O)O,PPB3,Thyroid stimulating hormone receptor,,,,DNN(MHFP6),Homo sapiens,0.09,,,64
L-Abrine,Abrus precatorius,160511.0,CN[C@@H](Cc1c[nH]c2ccccc12)C(=O)O,PPB3,Cytochrome P450 2C19,,,,DNN(MHFP6),Homo sapiens,0.08,,,65
L-Abrine,Abrus precatorius,160511.0,CN[C@@H](Cc1c[nH]c2ccccc12)C(=O)O,PPB3,Aldehyde dehydrogenase 1A1,,,,DNN(MHFP6),Homo sapiens,0.05,,,66
L-Abrine,Abrus precatorius,160511.0,CN[C@@H](Cc1c[nH]c2ccccc12)C(=O)O,PPB3,15-hydroxyprostaglandin dehydrogenase [NAD+],,,,DNN(MHFP6),Homo sapiens,0.05,,,67
L-Abrine,Abrus precatorius,160511.0,CN[C@@H](Cc1c[nH]c2ccccc12)C(=O)O,PPB3,Survival motor neuron protein,,,,DNN(MHFP6),Homo sapiens,0.05,,,68
L-Abrine,Abrus precatorius,160511.0,CN[C@@H](Cc1c[nH]c2ccccc12)C(=O)O,PPB3,Cytochrome P450 1A2,,,,DNN(MHFP6),Homo sapiens,0.05,,,69
L-Abrine,Abrus precatorius,160511.0,CN[C@@H](Cc1c[nH]c2ccccc12)C(=O)O,PPB3,Endoplasmic reticulum-associated amyloid beta-peptide-binding protein,,,,DNN(MHFP6),Homo sapiens,0.05,,,70
L-Abrine,Abrus precatorius,160511.0,CN[C@@H](Cc1c[nH]c2ccccc12)C(=O)O,PPB3,Cytochrome P450 2C9,,,,DNN(MHFP6),Homo sapiens,0.05,,,71
L-Abrine,Abrus precatorius,160511.0,CN[C@@H](Cc1c[nH]c2ccccc12)C(=O)O,PPB3,Neuropeptide S receptor,,,,DNN(MHFP6),Homo sapiens,0.04,,,72
L-Abrine,Abrus precatorius,160511.0,CN[C@@H](Cc1c[nH]c2ccccc12)C(=O)O,PPB3,SLC16A10 protein,,,,DNN(ECFP6),Homo sapiens,0.99,,,73
L-Abrine,Abrus precatorius,160511.0,CN[C@@H](Cc1c[nH]c2ccccc12)C(=O)O,PPB3,Solute carrier organic anion transporter family member 1B1,,,,DNN(ECFP6),Homo sapiens,0.83,,,74
L-Abrine,Abrus precatorius,160511.0,CN[C@@H](Cc1c[nH]c2ccccc12)C(=O)O,PPB3,Solute carrier organic anion transporter family member 1B3,,,,DNN(ECFP6),Homo sapiens,0.82,,,75
L-Abrine,Abrus precatorius,160511.0,CN[C@@H](Cc1c[nH]c2ccccc12)C(=O)O,PPB3,Microtubule-associated protein tau,,,,DNN(ECFP6),Homo sapiens,0.22,,,76
L-Abrine,Abrus precatorius,160511.0,CN[C@@H](Cc1c[nH]c2ccccc12)C(=O)O,PPB3,Prelamin-A/C,,,,DNN(ECFP6),Homo sapiens,0.2,,,77
L-Abrine,Abrus precatorius,160511.0,CN[C@@H](Cc1c[nH]c2ccccc12)C(=O)O,PPB3,Survival motor neuron protein,,,,DNN(ECFP6),Homo sapiens,0.17,,,78
L-Abrine,Abrus precatorius,160511.0,CN[C@@H](Cc1c[nH]c2ccccc12)C(=O)O,PPB3,Cytochrome P450 2C19,,,,DNN(ECFP6),Homo sapiens,0.11,,,79
L-Abrine,Abrus precatorius,160511.0,CN[C@@H](Cc1c[nH]c2ccccc12)C(=O)O,PPB3,Arachidonate 5-lipoxygenase,,,,DNN(ECFP6),Homo sapiens,0.09,,,80
L-Abrine,Abrus precatorius,160511.0,CN[C@@H](Cc1c[nH]c2ccccc12)C(=O)O,PPB3,Cytochrome P450 1A2,,,,DNN(ECFP6),Homo sapiens,0.09,,,81
L-Abrine,Abrus precatorius,160511.0,CN[C@@H](Cc1c[nH]c2ccccc12)C(=O)O,PPB3,Cytochrome P450 2C9,,,,DNN(ECFP6),Homo sapiens,0.08,,,82
L-Abrine,Abrus precatorius,160511.0,CN[C@@H](Cc1c[nH]c2ccccc12)C(=O)O,PPB3,Lysosomal alpha-glucosidase,,,,DNN(ECFP6),Homo sapiens,0.07,,,83
L-Abrine,Abrus precatorius,160511.0,CN[C@@H](Cc1c[nH]c2ccccc12)C(=O)O,PPB3,DNA-(apurinic or apyrimidinic site) lyase,,,,DNN(ECFP6),Homo sapiens,0.07,,,84
L-Abrine,Abrus precatorius,160511.0,CN[C@@H](Cc1c[nH]c2ccccc12)C(=O)O,PPB3,Cyclooxygenase-1,,,,DNN(ECFP6),Homo sapiens,0.07,,,85
L-Abrine,Abrus precatorius,160511.0,CN[C@@H](Cc1c[nH]c2ccccc12)C(=O)O,PPB3,Aldehyde dehydrogenase 1A1,,,,DNN(ECFP6),Homo sapiens,0.06,,,86
L-Abrine,Abrus precatorius,160511.0,CN[C@@H](Cc1c[nH]c2ccccc12)C(=O)O,PPB3,ATP-dependent DNA helicase Q1,,,,DNN(ECFP6),Homo sapiens,0.06,,,87
L-Abrine,Abrus precatorius,160511.0,CN[C@@H](Cc1c[nH]c2ccccc12)C(=O)O,PPB3,SLC16A10 protein,,,,DNN(AtomPair),Homo sapiens,0.98,,,88
L-Abrine,Abrus precatorius,160511.0,CN[C@@H](Cc1c[nH]c2ccccc12)C(=O)O,PPB3,Solute carrier organic anion transporter family member 1B3,,,,DNN(AtomPair),Homo sapiens,0.34,,,89
L-Abrine,Abrus precatorius,160511.0,CN[C@@H](Cc1c[nH]c2ccccc12)C(=O)O,PPB3,Solute carrier organic anion transporter family member 1B1,,,,DNN(AtomPair),Homo sapiens,0.29,,,90
L-Abrine,Abrus precatorius,160511.0,CN[C@@H](Cc1c[nH]c2ccccc12)C(=O)O,PPB3,Bloom syndrome protein,,,,DNN(AtomPair),Homo sapiens,0.13,,,91
L-Abrine,Abrus precatorius,160511.0,CN[C@@H](Cc1c[nH]c2ccccc12)C(=O)O,PPB3,Serotonin 2a (5-HT2a) receptor,,,,DNN(AtomPair),Homo sapiens,0.11,,,92
L-Abrine,Abrus precatorius,160511.0,CN[C@@H](Cc1c[nH]c2ccccc12)C(=O)O,PPB3,Prelamin-A/C,,,,DNN(AtomPair),Homo sapiens,0.09,,,93
L-Abrine,Abrus precatorius,160511.0,CN[C@@H](Cc1c[nH]c2ccccc12)C(=O)O,PPB3,Survival motor neuron protein,,,,DNN(AtomPair),Homo sapiens,0.07,,,94
L-Abrine,Abrus precatorius,160511.0,CN[C@@H](Cc1c[nH]c2ccccc12)C(=O)O,PPB3,Cytochrome P450 2C19,,,,DNN(AtomPair),Homo sapiens,0.06,,,95
L-Abrine,Abrus precatorius,160511.0,CN[C@@H](Cc1c[nH]c2ccccc12)C(=O)O,PPB3,Serotonin 2c (5-HT2c) receptor,,,,DNN(AtomPair),Homo sapiens,0.06,,,96
L-Abrine,Abrus precatorius,160511.0,CN[C@@H](Cc1c[nH]c2ccccc12)C(=O)O,PPB3,Thyroid stimulating hormone receptor,,,,DNN(AtomPair),Homo sapiens,0.06,,,97
L-Abrine,Abrus precatorius,160511.0,CN[C@@H](Cc1c[nH]c2ccccc12)C(=O)O,PPB3,Microtubule-associated protein tau,,,,DNN(AtomPair),Homo sapiens,0.06,,,98
L-Abrine,Abrus precatorius,160511.0,CN[C@@H](Cc1c[nH]c2ccccc12)C(=O)O,PPB3,Alpha-2a adrenergic receptor,,,,DNN(AtomPair),Homo sapiens,0.05,,,99
L-Abrine,Abrus precatorius,160511.0,CN[C@@H](Cc1c[nH]c2ccccc12)C(=O)O,PPB3,Alpha-1a adrenergic receptor,,,,DNN(AtomPair),Homo sapiens,0.05,,,100
L-Abrine,Abrus precatorius,160511.0,CN[C@@H](Cc1c[nH]c2ccccc12)C(=O)O,PPB3,SLC16A10 protein,,,,Consensus,Homo sapiens,1.0,,,101
L-Abrine,Abrus precatorius,160511.0,CN[C@@H](Cc1c[nH]c2ccccc12)C(=O)O,PPB3,Solute carrier organic anion transporter family member 1B1,,,,Consensus,Homo sapiens,0.99,,,102
L-Abrine,Abrus precatorius,160511.0,CN[C@@H](Cc1c[nH]c2ccccc12)C(=O)O,PPB3,Solute carrier organic anion transporter family member 1B3,,,,Consensus,Homo sapiens,0.99,,,103
L-Abrine,Abrus precatorius,160511.0,CN[C@@H](Cc1c[nH]c2ccccc12)C(=O)O,PPB3,Microtubule-associated protein tau,,,,Consensus,Homo sapiens,0.22,,,104
L-Abrine,Abrus precatorius,160511.0,CN[C@@H](Cc1c[nH]c2ccccc12)C(=O)O,PPB3,Prelamin-A/C,,,,Consensus,Homo sapiens,0.2,,,105
L-Abrine,Abrus precatorius,160511.0,CN[C@@H](Cc1c[nH]c2ccccc12)C(=O)O,PPB3,Survival motor neuron protein,,,,Consensus,Homo sapiens,0.17,,,106
L-Abrine,Abrus precatorius,160511.0,CN[C@@H](Cc1c[nH]c2ccccc12)C(=O)O,PPB3,Bloom syndrome protein,,,,Consensus,Homo sapiens,0.13,,,107
L-Abrine,Abrus precatorius,160511.0,CN[C@@H](Cc1c[nH]c2ccccc12)C(=O)O,PPB3,Thyroid stimulating hormone receptor,,,,Consensus,Homo sapiens,0.13,,,108
L-Abrine,Abrus precatorius,160511.0,CN[C@@H](Cc1c[nH]c2ccccc12)C(=O)O,PPB3,Cytochrome P450 1A2,,,,Consensus,Homo sapiens,0.12,,,109
L-Abrine,Abrus precatorius,160511.0,CN[C@@H](Cc1c[nH]c2ccccc12)C(=O)O,PPB3,Cytochrome P450 2C19,,,,Consensus,Homo sapiens,0.12,,,110
L-Abrine,Abrus precatorius,160511.0,CN[C@@H](Cc1c[nH]c2ccccc12)C(=O)O,PPB3,Serotonin 2a (5-HT2a) receptor,,,,Consensus,Homo sapiens,0.11,,,111
L-Abrine,Abrus precatorius,160511.0,CN[C@@H](Cc1c[nH]c2ccccc12)C(=O)O,PPB3,Angiotensin-converting enzyme,,,,Consensus,Homo sapiens,0.1,,,112
L-Abrine,Abrus precatorius,160511.0,CN[C@@H](Cc1c[nH]c2ccccc12)C(=O)O,PPB3,Arachidonate 5-lipoxygenase,,,,Consensus,Homo sapiens,0.09,,,113
L-Abrine,Abrus precatorius,160511.0,CN[C@@H](Cc1c[nH]c2ccccc12)C(=O)O,PPB3,Cytochrome P450 2C9,,,,Consensus,Homo sapiens,0.08,,,114
L-BORNYL-ACETATE,Abies alba,93009.0,CC(=O)OC1CC2CCC1(C2(C)C)C,PPB3,HL-60,,,,DNN(ECFP4+MHFP6),Homo sapiens,0.12,,,1
L-BORNYL-ACETATE,Abies alba,93009.0,CC(=O)OC1CC2CCC1(C2(C)C)C,PPB3,Solute carrier organic anion transporter family member 1B1,,,,DNN(ECFP4+MHFP6),Homo sapiens,0.11,,,2
L-BORNYL-ACETATE,Abies alba,93009.0,CC(=O)OC1CC2CCC1(C2(C)C)C,PPB3,Solute carrier organic anion transporter family member 1B3,,,,DNN(ECFP4+MHFP6),Homo sapiens,0.08,,,3
L-BORNYL-ACETATE,Abies alba,93009.0,CC(=O)OC1CC2CCC1(C2(C)C)C,PPB3,Prelamin-A/C,,,,DNN(ECFP4+MHFP6),Homo sapiens,0.04,,,4
L-BORNYL-ACETATE,Abies alba,93009.0,CC(=O)OC1CC2CCC1(C2(C)C)C,PPB3,Aldehyde dehydrogenase 1A1,,,,DNN(ECFP4+MHFP6),Homo sapiens,0.01,,,5
L-BORNYL-ACETATE,Abies alba,93009.0,CC(=O)OC1CC2CCC1(C2(C)C)C,PPB3,DNA polymerase beta,,,,DNN(ECFP4+MHFP6),Homo sapiens,0.0,,,6
L-BORNYL-ACETATE,Abies alba,93009.0,CC(=O)OC1CC2CCC1(C2(C)C)C,PPB3,Microtubule-associated protein tau,,,,DNN(ECFP4+MHFP6),Homo sapiens,0.0,,,7
L-BORNYL-ACETATE,Abies alba,93009.0,CC(=O)OC1CC2CCC1(C2(C)C)C,PPB3,NAD-dependent protein deacetylase sirtuin-6,,,,DNN(ECFP4+MHFP6),Homo sapiens,0.0,,,8
L-BORNYL-ACETATE,Abies alba,93009.0,CC(=O)OC1CC2CCC1(C2(C)C)C,PPB3,Menin/Histone-lysine N-methyltransferase MLL,,,,DNN(ECFP4+MHFP6),Homo sapiens,0.0,,,9
L-BORNYL-ACETATE,Abies alba,93009.0,CC(=O)OC1CC2CCC1(C2(C)C)C,PPB3,Heat shock protein HSP 90-alpha,,,,DNN(ECFP4+MHFP6),Homo sapiens,0.0,,,10
L-BORNYL-ACETATE,Abies alba,93009.0,CC(=O)OC1CC2CCC1(C2(C)C)C,PPB3,SW872,,,,DNN(ECFP4+MHFP6),Homo sapiens,0.0,,,11
L-BORNYL-ACETATE,Abies alba,93009.0,CC(=O)OC1CC2CCC1(C2(C)C)C,PPB3,C8166,,,,DNN(ECFP4+MHFP6),Homo sapiens,0.0,,,12
L-BORNYL-ACETATE,Abies alba,93009.0,CC(=O)OC1CC2CCC1(C2(C)C)C,PPB3,A2780,,,,DNN(ECFP4),Homo sapiens,0.27,,,13
L-BORNYL-ACETATE,Abies alba,93009.0,CC(=O)OC1CC2CCC1(C2(C)C)C,PPB3,Prelamin-A/C,,,,DNN(ECFP4),Homo sapiens,0.19,,,14
L-BORNYL-ACETATE,Abies alba,93009.0,CC(=O)OC1CC2CCC1(C2(C)C)C,PPB3,Solute carrier organic anion transporter family member 1B3,,,,DNN(ECFP4),Homo sapiens,0.18,,,15
L-BORNYL-ACETATE,Abies alba,93009.0,CC(=O)OC1CC2CCC1(C2(C)C)C,PPB3,LoVo,,,,DNN(ECFP4),Homo sapiens,0.17,,,16
L-BORNYL-ACETATE,Abies alba,93009.0,CC(=O)OC1CC2CCC1(C2(C)C)C,PPB3,Cytochrome P450 2C19,,,,DNN(ECFP4),Homo sapiens,0.16,,,17
L-BORNYL-ACETATE,Abies alba,93009.0,CC(=O)OC1CC2CCC1(C2(C)C)C,PPB3,Solute carrier organic anion transporter family member 1B1,,,,DNN(ECFP4),Homo sapiens,0.16,,,18
L-BORNYL-ACETATE,Abies alba,93009.0,CC(=O)OC1CC2CCC1(C2(C)C)C,PPB3,MAP kinase ERK2,,,,DNN(ECFP4),Homo sapiens,0.16,,,19
L-BORNYL-ACETATE,Abies alba,93009.0,CC(=O)OC1CC2CCC1(C2(C)C)C,PPB3,5637,,,,DNN(ECFP4),Homo sapiens,0.13,,,20
L-BORNYL-ACETATE,Abies alba,93009.0,CC(=O)OC1CC2CCC1(C2(C)C)C,PPB3,KB,,,,DNN(ECFP4),Homo sapiens,0.11,,,21
L-BORNYL-ACETATE,Abies alba,93009.0,CC(=O)OC1CC2CCC1(C2(C)C)C,PPB3,NCI-H187,,,,DNN(ECFP4),Homo sapiens,0.11,,,22
L-BORNYL-ACETATE,Abies alba,93009.0,CC(=O)OC1CC2CCC1(C2(C)C)C,PPB3,Menin/Histone-lysine N-methyltransferase MLL,,,,DNN(ECFP4),Homo sapiens,0.11,,,23
L-BORNYL-ACETATE,Abies alba,93009.0,CC(=O)OC1CC2CCC1(C2(C)C)C,PPB3,Cytochrome P450 3A4,,,,DNN(ECFP4),Homo sapiens,0.11,,,24
L-BORNYL-ACETATE,Abies alba,93009.0,CC(=O)OC1CC2CCC1(C2(C)C)C,PPB3,Solute carrier organic anion transporter family member 1B3,,,,DNN(RDKit),Homo sapiens,0.09,,,25
L-BORNYL-ACETATE,Abies alba,93009.0,CC(=O)OC1CC2CCC1(C2(C)C)C,PPB3,Solute carrier organic anion transporter family member 1B1,,,,DNN(RDKit),Homo sapiens,0.09,,,26
L-BORNYL-ACETATE,Abies alba,93009.0,CC(=O)OC1CC2CCC1(C2(C)C)C,PPB3,Prelamin-A/C,,,,DNN(RDKit),Homo sapiens,0.07,,,27
L-BORNYL-ACETATE,Abies alba,93009.0,CC(=O)OC1CC2CCC1(C2(C)C)C,PPB3,Microtubule-associated protein tau,,,,DNN(RDKit),Homo sapiens,0.04,,,28
L-BORNYL-ACETATE,Abies alba,93009.0,CC(=O)OC1CC2CCC1(C2(C)C)C,PPB3,Bile acid transporter,,,,DNN(RDKit),Homo sapiens,0.04,,,29
L-BORNYL-ACETATE,Abies alba,93009.0,CC(=O)OC1CC2CCC1(C2(C)C)C,PPB3,H9,,,,DNN(RDKit),Homo sapiens,0.04,,,30
L-BORNYL-ACETATE,Abies alba,93009.0,CC(=O)OC1CC2CCC1(C2(C)C)C,PPB3,11-beta-hydroxysteroid dehydrogenase 2,,,,DNN(RDKit),Homo sapiens,0.04,,,31
L-BORNYL-ACETATE,Abies alba,93009.0,CC(=O)OC1CC2CCC1(C2(C)C)C,PPB3,Aldehyde dehydrogenase 1A1,,,,DNN(RDKit),Homo sapiens,0.04,,,32
L-BORNYL-ACETATE,Abies alba,93009.0,CC(=O)OC1CC2CCC1(C2(C)C)C,PPB3,G-protein coupled bile acid receptor 1,,,,DNN(RDKit),Homo sapiens,0.03,,,33
L-BORNYL-ACETATE,Abies alba,93009.0,CC(=O)OC1CC2CCC1(C2(C)C)C,PPB3,Survival motor neuron protein,,,,DNN(RDKit),Homo sapiens,0.03,,,34
L-BORNYL-ACETATE,Abies alba,93009.0,CC(=O)OC1CC2CCC1(C2(C)C)C,PPB3,HeLa,,,,DNN(RDKit),Homo sapiens,0.02,,,35
L-BORNYL-ACETATE,Abies alba,93009.0,CC(=O)OC1CC2CCC1(C2(C)C)C,PPB3,Solute carrier organic anion transporter family member 1B3,,,,DNN(Layered),Homo sapiens,0.15,,,36
L-BORNYL-ACETATE,Abies alba,93009.0,CC(=O)OC1CC2CCC1(C2(C)C)C,PPB3,Solute carrier organic anion transporter family member 1B1,,,,DNN(Layered),Homo sapiens,0.13,,,37
L-BORNYL-ACETATE,Abies alba,93009.0,CC(=O)OC1CC2CCC1(C2(C)C)C,PPB3,Ubiquitin carboxyl-terminal hydrolase 2,,,,DNN(Layered),Homo sapiens,0.1,,,38
L-BORNYL-ACETATE,Abies alba,93009.0,CC(=O)OC1CC2CCC1(C2(C)C)C,PPB3,Microtubule-associated protein tau,,,,DNN(Layered),Homo sapiens,0.07,,,39
L-BORNYL-ACETATE,Abies alba,93009.0,CC(=O)OC1CC2CCC1(C2(C)C)C,PPB3,Cytochrome P450 2C19,,,,DNN(Layered),Homo sapiens,0.07,,,40
L-BORNYL-ACETATE,Abies alba,93009.0,CC(=O)OC1CC2CCC1(C2(C)C)C,PPB3,Menin/Histone-lysine N-methyltransferase MLL,,,,DNN(Layered),Homo sapiens,0.06,,,41
L-BORNYL-ACETATE,Abies alba,93009.0,CC(=O)OC1CC2CCC1(C2(C)C)C,PPB3,Neuropeptide S receptor,,,,DNN(Layered),Homo sapiens,0.06,,,42
L-BORNYL-ACETATE,Abies alba,93009.0,CC(=O)OC1CC2CCC1(C2(C)C)C,PPB3,MAP kinase ERK2,,,,DNN(Layered),Homo sapiens,0.05,,,43
L-BORNYL-ACETATE,Abies alba,93009.0,CC(=O)OC1CC2CCC1(C2(C)C)C,PPB3,H9,,,,DNN(Layered),Homo sapiens,0.05,,,44
L-BORNYL-ACETATE,Abies alba,93009.0,CC(=O)OC1CC2CCC1(C2(C)C)C,PPB3,Thyroid stimulating hormone receptor,,,,DNN(Layered),Homo sapiens,0.05,,,45
L-BORNYL-ACETATE,Abies alba,93009.0,CC(=O)OC1CC2CCC1(C2(C)C)C,PPB3,Aldehyde dehydrogenase 1A1,,,,DNN(Layered),Homo sapiens,0.05,,,46
L-BORNYL-ACETATE,Abies alba,93009.0,CC(=O)OC1CC2CCC1(C2(C)C)C,PPB3,Prelamin-A/C,,,,DNN(Layered),Homo sapiens,0.05,,,47
L-BORNYL-ACETATE,Abies alba,93009.0,CC(=O)OC1CC2CCC1(C2(C)C)C,PPB3,Cytochrome P450 19A1,,,,DNN(MHFP6),Homo sapiens,0.08,,,48
L-BORNYL-ACETATE,Abies alba,93009.0,CC(=O)OC1CC2CCC1(C2(C)C)C,PPB3,Solute carrier organic anion transporter family member 1B3,,,,DNN(MHFP6),Homo sapiens,0.03,,,49
L-BORNYL-ACETATE,Abies alba,93009.0,CC(=O)OC1CC2CCC1(C2(C)C)C,PPB3,Tyrosyl-DNA phosphodiesterase 1,,,,DNN(MHFP6),Homo sapiens,0.02,,,50
L-BORNYL-ACETATE,Abies alba,93009.0,CC(=O)OC1CC2CCC1(C2(C)C)C,PPB3,Solute carrier organic anion transporter family member 1B1,,,,DNN(MHFP6),Homo sapiens,0.02,,,51
L-BORNYL-ACETATE,Abies alba,93009.0,CC(=O)OC1CC2CCC1(C2(C)C)C,PPB3,HUVEC,,,,DNN(MHFP6),Homo sapiens,0.02,,,52
L-BORNYL-ACETATE,Abies alba,93009.0,CC(=O)OC1CC2CCC1(C2(C)C)C,PPB3,Cannabinoid CB2 receptor,,,,DNN(MHFP6),Homo sapiens,0.02,,,53
L-BORNYL-ACETATE,Abies alba,93009.0,CC(=O)OC1CC2CCC1(C2(C)C)C,PPB3,Solute carrier organic anion transporter family member 1B3,,,,DNN(ECFP6),Homo sapiens,0.82,,,54
L-BORNYL-ACETATE,Abies alba,93009.0,CC(=O)OC1CC2CCC1(C2(C)C)C,PPB3,Solute carrier organic anion transporter family member 1B1,,,,DNN(ECFP6),Homo sapiens,0.77,,,55
L-BORNYL-ACETATE,Abies alba,93009.0,CC(=O)OC1CC2CCC1(C2(C)C)C,PPB3,Survival motor neuron protein,,,,DNN(ECFP6),Homo sapiens,0.06,,,56
L-BORNYL-ACETATE,Abies alba,93009.0,CC(=O)OC1CC2CCC1(C2(C)C)C,PPB3,Prelamin-A/C,,,,DNN(ECFP6),Homo sapiens,0.04,,,57
L-BORNYL-ACETATE,Abies alba,93009.0,CC(=O)OC1CC2CCC1(C2(C)C)C,PPB3,Menin/Histone-lysine N-methyltransferase MLL,,,,DNN(ECFP6),Homo sapiens,0.04,,,58
L-BORNYL-ACETATE,Abies alba,93009.0,CC(=O)OC1CC2CCC1(C2(C)C)C,PPB3,Huntingtin,,,,DNN(ECFP6),Homo sapiens,0.03,,,59
L-BORNYL-ACETATE,Abies alba,93009.0,CC(=O)OC1CC2CCC1(C2(C)C)C,PPB3,Thyroid hormone receptor beta-1,,,,DNN(ECFP6),Homo sapiens,0.03,,,60
L-BORNYL-ACETATE,Abies alba,93009.0,CC(=O)OC1CC2CCC1(C2(C)C)C,PPB3,Neuropeptide S receptor,,,,DNN(ECFP6),Homo sapiens,0.03,,,61
L-BORNYL-ACETATE,Abies alba,93009.0,CC(=O)OC1CC2CCC1(C2(C)C)C,PPB3,Microtubule-associated protein tau,,,,DNN(ECFP6),Homo sapiens,0.03,,,62
L-BORNYL-ACETATE,Abies alba,93009.0,CC(=O)OC1CC2CCC1(C2(C)C)C,PPB3,Bloom syndrome protein,,,,DNN(ECFP6),Homo sapiens,0.03,,,63
L-BORNYL-ACETATE,Abies alba,93009.0,CC(=O)OC1CC2CCC1(C2(C)C)C,PPB3,Nuclear factor NF-kappa-B p105 subunit,,,,DNN(ECFP6),Homo sapiens,0.02,,,64
L-BORNYL-ACETATE,Abies alba,93009.0,CC(=O)OC1CC2CCC1(C2(C)C)C,PPB3,Solute carrier organic anion transporter family member 1B1,,,,DNN(AtomPair),Homo sapiens,0.35,,,65
L-BORNYL-ACETATE,Abies alba,93009.0,CC(=O)OC1CC2CCC1(C2(C)C)C,PPB3,Solute carrier organic anion transporter family member 1B3,,,,DNN(AtomPair),Homo sapiens,0.31,,,66
L-BORNYL-ACETATE,Abies alba,93009.0,CC(=O)OC1CC2CCC1(C2(C)C)C,PPB3,Nuclear factor NF-kappa-B p105 subunit,,,,DNN(AtomPair),Homo sapiens,0.17,,,67
L-BORNYL-ACETATE,Abies alba,93009.0,CC(=O)OC1CC2CCC1(C2(C)C)C,PPB3,Thrombopoietin,,,,DNN(AtomPair),Homo sapiens,0.1,,,68
L-BORNYL-ACETATE,Abies alba,93009.0,CC(=O)OC1CC2CCC1(C2(C)C)C,PPB3,Carboxylesterase 2,,,,DNN(AtomPair),Homo sapiens,0.06,,,69
L-BORNYL-ACETATE,Abies alba,93009.0,CC(=O)OC1CC2CCC1(C2(C)C)C,PPB3,Prelamin-A/C,,,,DNN(AtomPair),Homo sapiens,0.05,,,70
L-BORNYL-ACETATE,Abies alba,93009.0,CC(=O)OC1CC2CCC1(C2(C)C)C,PPB3,Glycine receptor subunit alpha-1,,,,DNN(AtomPair),Homo sapiens,0.04,,,71
L-BORNYL-ACETATE,Abies alba,93009.0,CC(=O)OC1CC2CCC1(C2(C)C)C,PPB3,Serotonin 7 (5-HT7) receptor,,,,DNN(AtomPair),Homo sapiens,0.03,,,72
L-BORNYL-ACETATE,Abies alba,93009.0,CC(=O)OC1CC2CCC1(C2(C)C)C,PPB3,Aldehyde dehydrogenase 1A1,,,,DNN(AtomPair),Homo sapiens,0.03,,,73
L-BORNYL-ACETATE,Abies alba,93009.0,CC(=O)OC1CC2CCC1(C2(C)C)C,PPB3,Solute carrier organic anion transporter family member 1B3,,,,Consensus,Homo sapiens,0.82,,,74
L-BORNYL-ACETATE,Abies alba,93009.0,CC(=O)OC1CC2CCC1(C2(C)C)C,PPB3,Solute carrier organic anion transporter family member 1B1,,,,Consensus,Homo sapiens,0.77,,,75
L-BORNYL-ACETATE,Abies alba,93009.0,CC(=O)OC1CC2CCC1(C2(C)C)C,PPB3,A2780,,,,Consensus,Homo sapiens,0.27,,,76
L-BORNYL-ACETATE,Abies alba,93009.0,CC(=O)OC1CC2CCC1(C2(C)C)C,PPB3,Prelamin-A/C,,,,Consensus,Homo sapiens,0.19,,,77
L-BORNYL-ACETATE,Abies alba,93009.0,CC(=O)OC1CC2CCC1(C2(C)C)C,PPB3,LoVo,,,,Consensus,Homo sapiens,0.17,,,78
L-BORNYL-ACETATE,Abies alba,93009.0,CC(=O)OC1CC2CCC1(C2(C)C)C,PPB3,Nuclear factor NF-kappa-B p105 subunit,,,,Consensus,Homo sapiens,0.17,,,79
L-BORNYL-ACETATE,Abies alba,93009.0,CC(=O)OC1CC2CCC1(C2(C)C)C,PPB3,Cytochrome P450 2C19,,,,Consensus,Homo sapiens,0.16,,,80
L-BORNYL-ACETATE,Abies alba,93009.0,CC(=O)OC1CC2CCC1(C2(C)C)C,PPB3,MAP kinase ERK2,,,,Consensus,Homo sapiens,0.16,,,81
TYROSINE,Abrus precatorius,6057.0,C1=CC(=CC=C1CC(C(=O)O)N)O,PPB3,L-type amino acid transporter 1,,,,DNN(ECFP4+MHFP6),Homo sapiens,0.99,,,1
TYROSINE,Abrus precatorius,6057.0,C1=CC(=CC=C1CC(C(=O)O)N)O,PPB3,Carbonic anhydrase VI,,,,DNN(ECFP4+MHFP6),Homo sapiens,0.98,,,2
TYROSINE,Abrus precatorius,6057.0,C1=CC(=CC=C1CC(C(=O)O)N)O,PPB3,Carbonic anhydrase II,,,,DNN(ECFP4+MHFP6),Homo sapiens,0.98,,,3
TYROSINE,Abrus precatorius,6057.0,C1=CC(=CC=C1CC(C(=O)O)N)O,PPB3,SLC16A10 protein,,,,DNN(ECFP4+MHFP6),Homo sapiens,0.98,,,4
TYROSINE,Abrus precatorius,6057.0,C1=CC(=CC=C1CC(C(=O)O)N)O,PPB3,Cholesterol 24-hydroxylase,,,,DNN(ECFP4+MHFP6),Homo sapiens,0.97,,,5
TYROSINE,Abrus precatorius,6057.0,C1=CC(=CC=C1CC(C(=O)O)N)O,PPB3,Carbonic anhydrase I,,,,DNN(ECFP4+MHFP6),Homo sapiens,0.89,,,6
TYROSINE,Abrus precatorius,6057.0,C1=CC(=CC=C1CC(C(=O)O)N)O,PPB3,Carbonic anhydrase VII,,,,DNN(ECFP4+MHFP6),Homo sapiens,0.72,,,7
TYROSINE,Abrus precatorius,6057.0,C1=CC(=CC=C1CC(C(=O)O)N)O,PPB3,Carbonic anhydrase XII,,,,DNN(ECFP4+MHFP6),Homo sapiens,0.55,,,8
TYROSINE,Abrus precatorius,6057.0,C1=CC(=CC=C1CC(C(=O)O)N)O,PPB3,Solute carrier organic anion transporter family member 1B1,,,,DNN(ECFP4+MHFP6),Homo sapiens,0.53,,,9
TYROSINE,Abrus precatorius,6057.0,C1=CC(=CC=C1CC(C(=O)O)N)O,PPB3,Carbonic anhydrase IV,,,,DNN(ECFP4+MHFP6),Homo sapiens,0.43,,,10
TYROSINE,Abrus precatorius,6057.0,C1=CC(=CC=C1CC(C(=O)O)N)O,PPB3,Solute carrier organic anion transporter family member 1B3,,,,DNN(ECFP4+MHFP6),Homo sapiens,0.42,,,11
TYROSINE,Abrus precatorius,6057.0,C1=CC(=CC=C1CC(C(=O)O)N)O,PPB3,Carbonic anhydrase III,,,,DNN(ECFP4+MHFP6),Homo sapiens,0.36,,,12
TYROSINE,Abrus precatorius,6057.0,C1=CC(=CC=C1CC(C(=O)O)N)O,PPB3,Carbonic anhydrase XIV,,,,DNN(ECFP4+MHFP6),Homo sapiens,0.35,,,13
TYROSINE,Abrus precatorius,6057.0,C1=CC(=CC=C1CC(C(=O)O)N)O,PPB3,Carbonic anhydrase VB,,,,DNN(ECFP4+MHFP6),Homo sapiens,0.32,,,14
TYROSINE,Abrus precatorius,6057.0,C1=CC(=CC=C1CC(C(=O)O)N)O,PPB3,Carbonic anhydrase VA,,,,DNN(ECFP4+MHFP6),Homo sapiens,0.18,,,15
TYROSINE,Abrus precatorius,6057.0,C1=CC(=CC=C1CC(C(=O)O)N)O,PPB3,Carbonic anhydrase XIII,,,,DNN(ECFP4+MHFP6),Homo sapiens,0.17,,,16
TYROSINE,Abrus precatorius,6057.0,C1=CC(=CC=C1CC(C(=O)O)N)O,PPB3,SLC16A10 protein,,,,DNN(ECFP4),Homo sapiens,0.99,,,17
TYROSINE,Abrus precatorius,6057.0,C1=CC(=CC=C1CC(C(=O)O)N)O,PPB3,L-type amino acid transporter 1,,,,DNN(ECFP4),Homo sapiens,0.97,,,18
TYROSINE,Abrus precatorius,6057.0,C1=CC(=CC=C1CC(C(=O)O)N)O,PPB3,Carbonic anhydrase VI,,,,DNN(ECFP4),Homo sapiens,0.92,,,19
TYROSINE,Abrus precatorius,6057.0,C1=CC(=CC=C1CC(C(=O)O)N)O,PPB3,Cholesterol 24-hydroxylase,,,,DNN(ECFP4),Homo sapiens,0.66,,,20
TYROSINE,Abrus precatorius,6057.0,C1=CC(=CC=C1CC(C(=O)O)N)O,PPB3,Carbonic anhydrase II,,,,DNN(ECFP4),Homo sapiens,0.64,,,21
TYROSINE,Abrus precatorius,6057.0,C1=CC(=CC=C1CC(C(=O)O)N)O,PPB3,Solute carrier organic anion transporter family member 1B1,,,,DNN(ECFP4),Homo sapiens,0.62,,,22
TYROSINE,Abrus precatorius,6057.0,C1=CC(=CC=C1CC(C(=O)O)N)O,PPB3,Carbonic anhydrase I,,,,DNN(ECFP4),Homo sapiens,0.6,,,23
TYROSINE,Abrus precatorius,6057.0,C1=CC(=CC=C1CC(C(=O)O)N)O,PPB3,Solute carrier organic anion transporter family member 1B3,,,,DNN(ECFP4),Homo sapiens,0.59,,,24
TYROSINE,Abrus precatorius,6057.0,C1=CC(=CC=C1CC(C(=O)O)N)O,PPB3,"Indoleamine 2,3-dioxygenase",,,,DNN(ECFP4),Homo sapiens,0.37,,,25
TYROSINE,Abrus precatorius,6057.0,C1=CC(=CC=C1CC(C(=O)O)N)O,PPB3,Carbonic anhydrase VII,,,,DNN(ECFP4),Homo sapiens,0.35,,,26
TYROSINE,Abrus precatorius,6057.0,C1=CC(=CC=C1CC(C(=O)O)N)O,PPB3,Carbonic anhydrase IV,,,,DNN(ECFP4),Homo sapiens,0.3,,,27
TYROSINE,Abrus precatorius,6057.0,C1=CC(=CC=C1CC(C(=O)O)N)O,PPB3,Bloom syndrome protein,,,,DNN(ECFP4),Homo sapiens,0.26,,,28
TYROSINE,Abrus precatorius,6057.0,C1=CC(=CC=C1CC(C(=O)O)N)O,PPB3,Carbonic anhydrase XIV,,,,DNN(ECFP4),Homo sapiens,0.24,,,29
TYROSINE,Abrus precatorius,6057.0,C1=CC(=CC=C1CC(C(=O)O)N)O,PPB3,Carbonic anhydrase VA,,,,DNN(ECFP4),Homo sapiens,0.15,,,30
TYROSINE,Abrus precatorius,6057.0,C1=CC(=CC=C1CC(C(=O)O)N)O,PPB3,Carbonic anhydrase VI,,,,DNN(RDKit),Homo sapiens,0.98,,,31
TYROSINE,Abrus precatorius,6057.0,C1=CC(=CC=C1CC(C(=O)O)N)O,PPB3,L-type amino acid transporter 1,,,,DNN(RDKit),Homo sapiens,0.97,,,32
TYROSINE,Abrus precatorius,6057.0,C1=CC(=CC=C1CC(C(=O)O)N)O,PPB3,SLC16A10 protein,,,,DNN(RDKit),Homo sapiens,0.95,,,33
TYROSINE,Abrus precatorius,6057.0,C1=CC(=CC=C1CC(C(=O)O)N)O,PPB3,Cholesterol 24-hydroxylase,,,,DNN(RDKit),Homo sapiens,0.78,,,34
TYROSINE,Abrus precatorius,6057.0,C1=CC(=CC=C1CC(C(=O)O)N)O,PPB3,Carbonic anhydrase VA,,,,DNN(RDKit),Homo sapiens,0.72,,,35
TYROSINE,Abrus precatorius,6057.0,C1=CC(=CC=C1CC(C(=O)O)N)O,PPB3,Carbonic anhydrase II,,,,DNN(RDKit),Homo sapiens,0.71,,,36
TYROSINE,Abrus precatorius,6057.0,C1=CC(=CC=C1CC(C(=O)O)N)O,PPB3,Carbonic anhydrase VB,,,,DNN(RDKit),Homo sapiens,0.71,,,37
TYROSINE,Abrus precatorius,6057.0,C1=CC(=CC=C1CC(C(=O)O)N)O,PPB3,Carbonic anhydrase VII,,,,DNN(RDKit),Homo sapiens,0.57,,,38
TYROSINE,Abrus precatorius,6057.0,C1=CC(=CC=C1CC(C(=O)O)N)O,PPB3,Carbonic anhydrase XIV,,,,DNN(RDKit),Homo sapiens,0.55,,,39
TYROSINE,Abrus precatorius,6057.0,C1=CC(=CC=C1CC(C(=O)O)N)O,PPB3,Solute carrier organic anion transporter family member 1B3,,,,DNN(RDKit),Homo sapiens,0.48,,,40
TYROSINE,Abrus precatorius,6057.0,C1=CC(=CC=C1CC(C(=O)O)N)O,PPB3,Carbonic anhydrase I,,,,DNN(RDKit),Homo sapiens,0.43,,,41
TYROSINE,Abrus precatorius,6057.0,C1=CC(=CC=C1CC(C(=O)O)N)O,PPB3,Solute carrier organic anion transporter family member 1B1,,,,DNN(RDKit),Homo sapiens,0.4,,,42
TYROSINE,Abrus precatorius,6057.0,C1=CC(=CC=C1CC(C(=O)O)N)O,PPB3,Carbonic anhydrase IV,,,,DNN(RDKit),Homo sapiens,0.29,,,43
TYROSINE,Abrus precatorius,6057.0,C1=CC(=CC=C1CC(C(=O)O)N)O,PPB3,Carbonic anhydrase XII,,,,DNN(RDKit),Homo sapiens,0.27,,,44
TYROSINE,Abrus precatorius,6057.0,C1=CC(=CC=C1CC(C(=O)O)N)O,PPB3,Nuclear factor NF-kappa-B p105 subunit,,,,DNN(RDKit),Homo sapiens,0.26,,,45
TYROSINE,Abrus precatorius,6057.0,C1=CC(=CC=C1CC(C(=O)O)N)O,PPB3,Bloom syndrome protein,,,,DNN(RDKit),Homo sapiens,0.21,,,46
TYROSINE,Abrus precatorius,6057.0,C1=CC(=CC=C1CC(C(=O)O)N)O,PPB3,Prelamin-A/C,,,,DNN(RDKit),Homo sapiens,0.17,,,47
TYROSINE,Abrus precatorius,6057.0,C1=CC(=CC=C1CC(C(=O)O)N)O,PPB3,Carbonic anhydrase XIII,,,,DNN(RDKit),Homo sapiens,0.17,,,48
TYROSINE,Abrus precatorius,6057.0,C1=CC(=CC=C1CC(C(=O)O)N)O,PPB3,SLC16A10 protein,,,,DNN(Layered),Homo sapiens,0.98,,,49
TYROSINE,Abrus precatorius,6057.0,C1=CC(=CC=C1CC(C(=O)O)N)O,PPB3,L-type amino acid transporter 1,,,,DNN(Layered),Homo sapiens,0.98,,,50
TYROSINE,Abrus precatorius,6057.0,C1=CC(=CC=C1CC(C(=O)O)N)O,PPB3,Cholesterol 24-hydroxylase,,,,DNN(Layered),Homo sapiens,0.92,,,51
TYROSINE,Abrus precatorius,6057.0,C1=CC(=CC=C1CC(C(=O)O)N)O,PPB3,Carbonic anhydrase II,,,,DNN(Layered),Homo sapiens,0.86,,,52
TYROSINE,Abrus precatorius,6057.0,C1=CC(=CC=C1CC(C(=O)O)N)O,PPB3,Carbonic anhydrase VI,,,,DNN(Layered),Homo sapiens,0.82,,,53
TYROSINE,Abrus precatorius,6057.0,C1=CC(=CC=C1CC(C(=O)O)N)O,PPB3,Carbonic anhydrase I,,,,DNN(Layered),Homo sapiens,0.74,,,54
TYROSINE,Abrus precatorius,6057.0,C1=CC(=CC=C1CC(C(=O)O)N)O,PPB3,Solute carrier organic anion transporter family member 1B3,,,,DNN(Layered),Homo sapiens,0.47,,,55
TYROSINE,Abrus precatorius,6057.0,C1=CC(=CC=C1CC(C(=O)O)N)O,PPB3,Solute carrier organic anion transporter family member 1B1,,,,DNN(Layered),Homo sapiens,0.39,,,56
TYROSINE,Abrus precatorius,6057.0,C1=CC(=CC=C1CC(C(=O)O)N)O,PPB3,Carbonic anhydrase XII,,,,DNN(Layered),Homo sapiens,0.2,,,57
TYROSINE,Abrus precatorius,6057.0,C1=CC(=CC=C1CC(C(=O)O)N)O,PPB3,Carbonic anhydrase IX,,,,DNN(Layered),Homo sapiens,0.15,,,58
TYROSINE,Abrus precatorius,6057.0,C1=CC(=CC=C1CC(C(=O)O)N)O,PPB3,Tyrosyl-DNA phosphodiesterase 1,,,,DNN(Layered),Homo sapiens,0.13,,,59
TYROSINE,Abrus precatorius,6057.0,C1=CC(=CC=C1CC(C(=O)O)N)O,PPB3,Aldehyde dehydrogenase 1A1,,,,DNN(Layered),Homo sapiens,0.13,,,60
TYROSINE,Abrus precatorius,6057.0,C1=CC(=CC=C1CC(C(=O)O)N)O,PPB3,Prelamin-A/C,,,,DNN(Layered),Homo sapiens,0.13,,,61
TYROSINE,Abrus precatorius,6057.0,C1=CC(=CC=C1CC(C(=O)O)N)O,PPB3,Carbonic anhydrase VII,,,,DNN(Layered),Homo sapiens,0.12,,,62
TYROSINE,Abrus precatorius,6057.0,C1=CC(=CC=C1CC(C(=O)O)N)O,PPB3,SLC16A10 protein,,,,DNN(MHFP6),Homo sapiens,0.98,,,63
TYROSINE,Abrus precatorius,6057.0,C1=CC(=CC=C1CC(C(=O)O)N)O,PPB3,L-type amino acid transporter 1,,,,DNN(MHFP6),Homo sapiens,0.98,,,64
TYROSINE,Abrus precatorius,6057.0,C1=CC(=CC=C1CC(C(=O)O)N)O,PPB3,Carbonic anhydrase II,,,,DNN(MHFP6),Homo sapiens,0.49,,,65
TYROSINE,Abrus precatorius,6057.0,C1=CC(=CC=C1CC(C(=O)O)N)O,PPB3,Carbonic anhydrase VI,,,,DNN(MHFP6),Homo sapiens,0.44,,,66
TYROSINE,Abrus precatorius,6057.0,C1=CC(=CC=C1CC(C(=O)O)N)O,PPB3,Carbonic anhydrase I,,,,DNN(MHFP6),Homo sapiens,0.42,,,67
TYROSINE,Abrus precatorius,6057.0,C1=CC(=CC=C1CC(C(=O)O)N)O,PPB3,Carbonic anhydrase XII,,,,DNN(MHFP6),Homo sapiens,0.33,,,68
TYROSINE,Abrus precatorius,6057.0,C1=CC(=CC=C1CC(C(=O)O)N)O,PPB3,Bloom syndrome protein,,,,DNN(MHFP6),Homo sapiens,0.29,,,69
TYROSINE,Abrus precatorius,6057.0,C1=CC(=CC=C1CC(C(=O)O)N)O,PPB3,Nuclear factor NF-kappa-B p105 subunit,,,,DNN(MHFP6),Homo sapiens,0.22,,,70
TYROSINE,Abrus precatorius,6057.0,C1=CC(=CC=C1CC(C(=O)O)N)O,PPB3,Prelamin-A/C,,,,DNN(MHFP6),Homo sapiens,0.22,,,71
TYROSINE,Abrus precatorius,6057.0,C1=CC(=CC=C1CC(C(=O)O)N)O,PPB3,Thyroid stimulating hormone receptor,,,,DNN(MHFP6),Homo sapiens,0.16,,,72
TYROSINE,Abrus precatorius,6057.0,C1=CC(=CC=C1CC(C(=O)O)N)O,PPB3,Microtubule-associated protein tau,,,,DNN(MHFP6),Homo sapiens,0.16,,,73
TYROSINE,Abrus precatorius,6057.0,C1=CC(=CC=C1CC(C(=O)O)N)O,PPB3,Cholesterol 24-hydroxylase,,,,DNN(MHFP6),Homo sapiens,0.16,,,74
TYROSINE,Abrus precatorius,6057.0,C1=CC(=CC=C1CC(C(=O)O)N)O,PPB3,Solute carrier organic anion transporter family member 1B1,,,,DNN(MHFP6),Homo sapiens,0.13,,,75
TYROSINE,Abrus precatorius,6057.0,C1=CC(=CC=C1CC(C(=O)O)N)O,PPB3,Solute carrier organic anion transporter family member 1B3,,,,DNN(MHFP6),Homo sapiens,0.12,,,76
TYROSINE,Abrus precatorius,6057.0,C1=CC(=CC=C1CC(C(=O)O)N)O,PPB3,SLC16A10 protein,,,,DNN(ECFP6),Homo sapiens,0.97,,,77
TYROSINE,Abrus precatorius,6057.0,C1=CC(=CC=C1CC(C(=O)O)N)O,PPB3,L-type amino acid transporter 1,,,,DNN(ECFP6),Homo sapiens,0.9,,,78
TYROSINE,Abrus precatorius,6057.0,C1=CC(=CC=C1CC(C(=O)O)N)O,PPB3,Carbonic anhydrase VI,,,,DNN(ECFP6),Homo sapiens,0.88,,,79
TYROSINE,Abrus precatorius,6057.0,C1=CC(=CC=C1CC(C(=O)O)N)O,PPB3,Carbonic anhydrase II,,,,DNN(ECFP6),Homo sapiens,0.83,,,80
TYROSINE,Abrus precatorius,6057.0,C1=CC(=CC=C1CC(C(=O)O)N)O,PPB3,Carbonic anhydrase VB,,,,DNN(ECFP6),Homo sapiens,0.76,,,81
TYROSINE,Abrus precatorius,6057.0,C1=CC(=CC=C1CC(C(=O)O)N)O,PPB3,Carbonic anhydrase I,,,,DNN(ECFP6),Homo sapiens,0.68,,,82
TYROSINE,Abrus precatorius,6057.0,C1=CC(=CC=C1CC(C(=O)O)N)O,PPB3,Carbonic anhydrase VA,,,,DNN(ECFP6),Homo sapiens,0.57,,,83
TYROSINE,Abrus precatorius,6057.0,C1=CC(=CC=C1CC(C(=O)O)N)O,PPB3,Carbonic anhydrase XII,,,,DNN(ECFP6),Homo sapiens,0.5,,,84
TYROSINE,Abrus precatorius,6057.0,C1=CC(=CC=C1CC(C(=O)O)N)O,PPB3,Solute carrier organic anion transporter family member 1B3,,,,DNN(ECFP6),Homo sapiens,0.48,,,85
TYROSINE,Abrus precatorius,6057.0,C1=CC(=CC=C1CC(C(=O)O)N)O,PPB3,Solute carrier organic anion transporter family member 1B1,,,,DNN(ECFP6),Homo sapiens,0.46,,,86
TYROSINE,Abrus precatorius,6057.0,C1=CC(=CC=C1CC(C(=O)O)N)O,PPB3,Carbonic anhydrase VII,,,,DNN(ECFP6),Homo sapiens,0.45,,,87
TYROSINE,Abrus precatorius,6057.0,C1=CC(=CC=C1CC(C(=O)O)N)O,PPB3,Carbonic anhydrase XIV,,,,DNN(ECFP6),Homo sapiens,0.41,,,88
TYROSINE,Abrus precatorius,6057.0,C1=CC(=CC=C1CC(C(=O)O)N)O,PPB3,Carbonic anhydrase IV,,,,DNN(ECFP6),Homo sapiens,0.33,,,89
TYROSINE,Abrus precatorius,6057.0,C1=CC(=CC=C1CC(C(=O)O)N)O,PPB3,Carbonic anhydrase XIII,,,,DNN(ECFP6),Homo sapiens,0.22,,,90
TYROSINE,Abrus precatorius,6057.0,C1=CC(=CC=C1CC(C(=O)O)N)O,PPB3,Bloom syndrome protein,,,,DNN(ECFP6),Homo sapiens,0.21,,,91
TYROSINE,Abrus precatorius,6057.0,C1=CC(=CC=C1CC(C(=O)O)N)O,PPB3,L-type amino acid transporter 1,,,,DNN(AtomPair),Homo sapiens,0.98,,,92
TYROSINE,Abrus precatorius,6057.0,C1=CC(=CC=C1CC(C(=O)O)N)O,PPB3,SLC16A10 protein,,,,DNN(AtomPair),Homo sapiens,0.98,,,93
TYROSINE,Abrus precatorius,6057.0,C1=CC(=CC=C1CC(C(=O)O)N)O,PPB3,Carbonic anhydrase VI,,,,DNN(AtomPair),Homo sapiens,0.97,,,94
TYROSINE,Abrus precatorius,6057.0,C1=CC(=CC=C1CC(C(=O)O)N)O,PPB3,Carbonic anhydrase II,,,,DNN(AtomPair),Homo sapiens,0.71,,,95
TYROSINE,Abrus precatorius,6057.0,C1=CC(=CC=C1CC(C(=O)O)N)O,PPB3,Carbonic anhydrase I,,,,DNN(AtomPair),Homo sapiens,0.67,,,96
TYROSINE,Abrus precatorius,6057.0,C1=CC(=CC=C1CC(C(=O)O)N)O,PPB3,Cholesterol 24-hydroxylase,,,,DNN(AtomPair),Homo sapiens,0.66,,,97
TYROSINE,Abrus precatorius,6057.0,C1=CC(=CC=C1CC(C(=O)O)N)O,PPB3,Carbonic anhydrase VII,,,,DNN(AtomPair),Homo sapiens,0.6,,,98
TYROSINE,Abrus precatorius,6057.0,C1=CC(=CC=C1CC(C(=O)O)N)O,PPB3,Bloom syndrome protein,,,,DNN(AtomPair),Homo sapiens,0.58,,,99
TYROSINE,Abrus precatorius,6057.0,C1=CC(=CC=C1CC(C(=O)O)N)O,PPB3,Carbonic anhydrase IV,,,,DNN(AtomPair),Homo sapiens,0.57,,,100
TYROSINE,Abrus precatorius,6057.0,C1=CC(=CC=C1CC(C(=O)O)N)O,PPB3,Solute carrier organic anion transporter family member 1B3,,,,DNN(AtomPair),Homo sapiens,0.45,,,101
TYROSINE,Abrus precatorius,6057.0,C1=CC(=CC=C1CC(C(=O)O)N)O,PPB3,Carbonic anhydrase XIII,,,,DNN(AtomPair),Homo sapiens,0.43,,,102
TYROSINE,Abrus precatorius,6057.0,C1=CC(=CC=C1CC(C(=O)O)N)O,PPB3,Carbonic anhydrase XII,,,,DNN(AtomPair),Homo sapiens,0.41,,,103
TYROSINE,Abrus precatorius,6057.0,C1=CC(=CC=C1CC(C(=O)O)N)O,PPB3,Carbonic anhydrase IX,,,,DNN(AtomPair),Homo sapiens,0.37,,,104
TYROSINE,Abrus precatorius,6057.0,C1=CC(=CC=C1CC(C(=O)O)N)O,PPB3,Solute carrier organic anion transporter family member 1B1,,,,DNN(AtomPair),Homo sapiens,0.36,,,105
TYROSINE,Abrus precatorius,6057.0,C1=CC(=CC=C1CC(C(=O)O)N)O,PPB3,Carbonic anhydrase VB,,,,DNN(AtomPair),Homo sapiens,0.33,,,106
TYROSINE,Abrus precatorius,6057.0,C1=CC(=CC=C1CC(C(=O)O)N)O,PPB3,Prelamin-A/C,,,,DNN(AtomPair),Homo sapiens,0.28,,,107
TYROSINE,Abrus precatorius,6057.0,C1=CC(=CC=C1CC(C(=O)O)N)O,PPB3,Carbonic anhydrase VA,,,,DNN(AtomPair),Homo sapiens,0.28,,,108
TYROSINE,Abrus precatorius,6057.0,C1=CC(=CC=C1CC(C(=O)O)N)O,PPB3,SLC16A10 protein,,,,Consensus,Homo sapiens,0.99,,,109
TYROSINE,Abrus precatorius,6057.0,C1=CC(=CC=C1CC(C(=O)O)N)O,PPB3,L-type amino acid transporter 1,,,,Consensus,Homo sapiens,0.99,,,110
TYROSINE,Abrus precatorius,6057.0,C1=CC(=CC=C1CC(C(=O)O)N)O,PPB3,Carbonic anhydrase VI,,,,Consensus,Homo sapiens,0.98,,,111
TYROSINE,Abrus precatorius,6057.0,C1=CC(=CC=C1CC(C(=O)O)N)O,PPB3,Carbonic anhydrase II,,,,Consensus,Homo sapiens,0.98,,,112
TYROSINE,Abrus precatorius,6057.0,C1=CC(=CC=C1CC(C(=O)O)N)O,PPB3,Cholesterol 24-hydroxylase,,,,Consensus,Homo sapiens,0.97,,,113
TYROSINE,Abrus precatorius,6057.0,C1=CC(=CC=C1CC(C(=O)O)N)O,PPB3,Carbonic anhydrase I,,,,Consensus,Homo sapiens,0.89,,,114
TYROSINE,Abrus precatorius,6057.0,C1=CC(=CC=C1CC(C(=O)O)N)O,PPB3,Carbonic anhydrase VB,,,,Consensus,Homo sapiens,0.76,,,115
TYROSINE,Abrus precatorius,6057.0,C1=CC(=CC=C1CC(C(=O)O)N)O,PPB3,Carbonic anhydrase VA,,,,Consensus,Homo sapiens,0.72,,,116
TYROSINE,Abrus precatorius,6057.0,C1=CC(=CC=C1CC(C(=O)O)N)O,PPB3,Carbonic anhydrase VII,,,,Consensus,Homo sapiens,0.72,,,117
TYROSINE,Abrus precatorius,6057.0,C1=CC(=CC=C1CC(C(=O)O)N)O,PPB3,Solute carrier organic anion transporter family member 1B1,,,,Consensus,Homo sapiens,0.62,,,118
TYROSINE,Abrus precatorius,6057.0,C1=CC(=CC=C1CC(C(=O)O)N)O,PPB3,Solute carrier organic anion transporter family member 1B3,,,,Consensus,Homo sapiens,0.59,,,119
TYROSINE,Abrus precatorius,6057.0,C1=CC(=CC=C1CC(C(=O)O)N)O,PPB3,Bloom syndrome protein,,,,Consensus,Homo sapiens,0.58,,,120
TYROSINE,Abrus precatorius,6057.0,C1=CC(=CC=C1CC(C(=O)O)N)O,PPB3,Carbonic anhydrase IV,,,,Consensus,Homo sapiens,0.57,,,121
TYROSINE,Abrus precatorius,6057.0,C1=CC(=CC=C1CC(C(=O)O)N)O,PPB3,Carbonic anhydrase XII,,,,Consensus,Homo sapiens,0.55,,,122
TYROSINE,Abrus precatorius,6057.0,C1=CC(=CC=C1CC(C(=O)O)N)O,PPB3,Carbonic anhydrase XIV,,,,Consensus,Homo sapiens,0.55,,,123
TYROSINE,Abrus precatorius,6057.0,C1=CC(=CC=C1CC(C(=O)O)N)O,PPB3,Carbonic anhydrase IX,,,,Consensus,Homo sapiens,0.37,,,124
